accession,accession_no_version,description,package,target_short_name,target_scientific_name,target_taxid,species,taxid,segment,length,gc_content,seq_sha256,length_qc_flag,freq_A,freq_C,freq_G,freq_T,n_count,ambiguous_other_count,ambiguous_rate,valid_like_count,species_ncbi,taxid_ncbi,isolate,host,country,region,collection_date,nuc_completeness,segment_metadata,metadata_title,is_duplicate_seq_within_species_segment
MN850093.1,MN850093,"MN850093.1 Orthohantavirus andesense strain AREB14/P1 segment L, complete sequence",andes_1980456,andes,Orthohantavirus andesense,1980456,Orthohantavirus andesense,1980456,L,6464,0.3681930693069307,3a7de4e7155aecf2ccdd9a8e1fcdb8a146e0c759de27d0f81fef651e4894c85c,within_expected_range,0.333539603960396,0.1556311881188118,0.2125618811881188,0.2982673267326732,0,0,0.0,6464,,1980456,AREB14/P1,,,,,COMPLETE,L,,False
MN258162.1,MN258162,"MN258162.1 Orthohantavirus andesense isolate Epuyen/18-19_Patient_10_12/10/18 segment L, complete sequence",andes_1980456,andes,Orthohantavirus andesense,1980456,Orthohantavirus andesense,1980456,L,6528,0.3699142634450507,7ca098894f27f0cbf0c8d4ba4bb063137e82d38288014a8a2904856a846834ae,within_expected_range,0.3312548713951675,0.1557287607170693,0.2141855027279813,0.2988308651597817,113,0,0.0173100490196078,6528,,1980456,Epuyen/18-19_Patient_10_12/10/18,,Argentina,,,COMPLETE,L,,False
MN850095.1,MN850095,"MN850095.1 Orthohantavirus andesense strain AREB14/P3 segment L, complete sequence",andes_1980456,andes,Orthohantavirus andesense,1980456,Orthohantavirus andesense,1980456,L,6528,0.3673406862745098,24768497cbd4cb6a427e5213a85428ff9a8ee29527acc8d3a089198504a6265c,within_expected_range,0.3334865196078431,0.1548713235294117,0.212469362745098,0.2991727941176471,0,0,0.0,6528,,1980456,AREB14/P3,,,,,COMPLETE,L,,False
MN258163.1,MN258163,"MN258163.1 Orthohantavirus andesense isolate Epuyen/18-19_Patient_11_12/15/18 segment L, complete sequence",andes_1980456,andes,Orthohantavirus andesense,1980456,Orthohantavirus andesense,1980456,L,6529,0.3690585709904937,3c85db7a3b0c384aaceb7344b87777467405800ba1ff77a2390cee84c4123442,within_expected_range,0.3321067157313707,0.1553204538485127,0.213738117141981,0.2988347132781355,7,0,0.0010721396844846,6529,,1980456,Epuyen/18-19_Patient_11_12/15/18,,Argentina,,,COMPLETE,L,,False
MN258167.1,MN258167,"MN258167.1 Orthohantavirus andesense isolate Epuyen/18-19_Patient_15_12/26/18 segment L, complete sequence",andes_1980456,andes,Orthohantavirus andesense,1980456,Orthohantavirus andesense,1980456,L,6531,0.3688562241616904,5c39b9711fd7ca290aecf9de9459a35e4379f5666f8762a4f2f05f400a838dd6,within_expected_range,0.33210840606339,0.1552595314653192,0.2135966926963711,0.2990353697749196,0,0,0.0,6531,,1980456,Epuyen/18-19_Patient_15_12/26/18,,Argentina,,,COMPLETE,L,,False
MN258170.1,MN258170,"MN258170.1 Orthohantavirus andesense isolate Epuyen/18-19_Patient_18_12/31/18 segment L, complete sequence",andes_1980456,andes,Orthohantavirus andesense,1980456,Orthohantavirus andesense,1980456,L,6531,0.3690292758089368,f7592de55ef64663e67d49217d01e3331f028ace6c239d6a26dbb85a847fc0ae,within_expected_range,0.3318952234206471,0.1546995377503852,0.2143297380585516,0.299075500770416,41,0,0.0062777522584596,6531,,1980456,Epuyen/18-19_Patient_18_12/31/18,,Argentina,,,COMPLETE,L,,False
MN850096.1,MN850096,"MN850096.1 Orthohantavirus andesense strain ARCH14/NRC1 segment L, complete sequence",andes_1980456,andes,Orthohantavirus andesense,1980456,Orthohantavirus andesense,1980456,L,6531,0.3673250650742612,e8828fcacc6a70781637ad68a610d7ded9bb51cedcdb69a82cf16a8e19547517,within_expected_range,0.3313428265196754,0.1538814882866329,0.2134435767876282,0.3013321084060634,0,0,0.0,6531,,1980456,ARCH14/NRC1,,,,,COMPLETE,L,,False
MN258176.1,MN258176,"MN258176.1 Orthohantavirus andesense isolate Epuyen/18-19_Patient_24_1/3/19 segment L, complete sequence",andes_1980456,andes,Orthohantavirus andesense,1980456,Orthohantavirus andesense,1980456,L,6532,0.3687997550520514,ff2f98e6bafe35bf6ee548b2a14375543500da15c5f4c9452d9644c05cd4f1d7,within_expected_range,0.3320575627679118,0.1552357624004899,0.2135639926515615,0.2991426821800367,0,0,0.0,6532,,1980456,Epuyen/18-19_Patient_24_1/3/19,,Argentina,,,COMPLETE,L,,False
MN850097.1,MN850097,"MN850097.1 Orthohantavirus andesense strain ARLA17/NRC2 segment L, complete sequence",andes_1980456,andes,Orthohantavirus andesense,1980456,Orthohantavirus andesense,1980456,L,6532,0.3675750153092468,6df44fb828850d13e01327375c805e14b3cdd2046be923fdaeb7648f4377d0fe,within_expected_range,0.3320575627679118,0.1538579301898346,0.2137170851194121,0.3003674219228414,0,0,0.0,6532,,1980456,ARLA17/NRC2,,,,,COMPLETE,L,,False
MN258179.1,MN258179,"MN258179.1 Orthohantavirus andesense isolate Epuyen/18-19_Patient_27_1/8/19 segment L, complete sequence",andes_1980456,andes,Orthohantavirus andesense,1980456,Orthohantavirus andesense,1980456,L,6533,0.3687433032297566,01f46be22ff7c0e8dcbc064418a6e724511cbd3fb2ce8201a7f115bcdd2270bc,within_expected_range,0.3320067350375019,0.1552120006122761,0.2135313026174805,0.2992499617327415,0,0,0.0,6533,,1980456,Epuyen/18-19_Patient_27_1/8/19,,Argentina,,,COMPLETE,L,,False
OQ092243.1,OQ092243,"OQ092243.1 Andes orthohantavirus strain VARS/22-01 segment L, complete sequence",andes_1980456,andes,Orthohantavirus andesense,1980456,Orthohantavirus andesense,1980456,L,6538,0.373661670235546,5b147c1b85ff109707fc9b737adf3757e4d78007b6c724d1324f8daa1f9bef5d,within_expected_range,0.3257877026613643,0.1579993881921076,0.2156622820434383,0.3005506271030896,0,0,0.0,6538,,1980456,VARS/22-01,,Brazil,,2022-12-09,COMPLETE,L,,False
MN258160.1,MN258160,"MN258160.1 Orthohantavirus andesense isolate NRC-5/18_06/01/2018 segment L, complete sequence",andes_1980456,andes,Orthohantavirus andesense,1980456,Orthohantavirus andesense,1980456,L,6539,0.3617282059138961,80a49295710645db9f377993f2c1f8cca9910ba63cf63a999794d04bc7c4b762,within_expected_range,0.3343036617128849,0.1506051784893519,0.2111230274245442,0.3039681323732189,12,0,0.0018351429882244,6539,,1980456,NRC-5/18_06/01/2018,,Argentina,,,COMPLETE,L,,False
MN258173.1,MN258173,"MN258173.1 Orthohantavirus andesense isolate Epuyen/18-19_Patient_20_1/1/19 segment L, complete sequence",andes_1980456,andes,Orthohantavirus andesense,1980456,Orthohantavirus andesense,1980456,L,6539,0.3687108120507723,b4b16eaa2015735aab0e5148e7ed641c0671e1b34e3a0a5fd614631a696e2999,within_expected_range,0.3321608808686343,0.1550695825049702,0.2136412295458021,0.2991283070805933,0,0,0.0,6539,,1980456,Epuyen/18-19_Patient_20_1/1/19,,Argentina,,,COMPLETE,L,,False
MN258182.1,MN258182,"MN258182.1 Orthohantavirus andesense isolate Epuyen/18-19_Patient_3_11/20/18 segment L, complete sequence",andes_1980456,andes,Orthohantavirus andesense,1980456,Orthohantavirus andesense,1980456,L,6539,0.3687108120507723,47bc168adf96d1fc918903dbc32eb98350ab41828c563c8c4a868ee820d70759,within_expected_range,0.3320079522862823,0.1550695825049702,0.2136412295458021,0.2992812356629454,0,0,0.0,6539,,1980456,Epuyen/18-19_Patient_3_11/20/18,,Argentina,,,COMPLETE,L,,False
MN258158.1,MN258158,"MN258158.1 Orthohantavirus andesense isolate NRC-3/18_06/01/1997 segment L, complete sequence",andes_1980456,andes,Orthohantavirus andesense,1980456,Orthohantavirus andesense,1980456,L,6540,0.3675840978593272,d351df533b2f74e43a57c426fa3bd59bb7ffce7ad4c2e62ce00da3165b7fd270,within_expected_range,0.3307339449541284,0.1529051987767584,0.2146788990825688,0.3016819571865443,0,0,0.0,6540,,1980456,NRC-3/18_06/01/1997,,Argentina,,,COMPLETE,L,,False
MN258165.1,MN258165,"MN258165.1 Orthohantavirus andesense isolate Epuyen/18-19_Patient_13_12/24/18 segment L, complete sequence",andes_1980456,andes,Orthohantavirus andesense,1980456,Orthohantavirus andesense,1980456,L,6541,0.3687509555113897,4048ce58dd4e640c849a20dca8d7c250249bb6cd1b1e96d7f371d9f7f2cf2640,within_expected_range,0.331906436324721,0.1551750496865922,0.2135759058247974,0.2993426081638893,0,0,0.0,6541,,1980456,Epuyen/18-19_Patient_13_12/24/18,,Argentina,,,COMPLETE,L,,False
MN258157.1,MN258157,"MN258157.1 Orthohantavirus andesense isolate NRC-2/97_06/01/1996 segment L, complete sequence",andes_1980456,andes,Orthohantavirus andesense,1980456,Orthohantavirus andesense,1980456,L,6542,0.367554255810374,07c4ea0c3f9bf239a02bc949b401656d851c1651f75dcb511f3a0e962e754a5a,within_expected_range,0.3323072187163306,0.1545328613206095,0.2130213944897645,0.3001385254732954,45,0,0.0068786303882604,6542,,1980456,NRC-2/97_06/01/1996,,Argentina,,,COMPLETE,L,,False
MN258164.1,MN258164,"MN258164.1 Orthohantavirus andesense isolate Epuyen/18-19_Patient_12_12/19/18 segment L, complete sequence",andes_1980456,andes,Orthohantavirus andesense,1980456,Orthohantavirus andesense,1980456,L,6542,0.3688474472638336,1241d73967d00ed7d361d46b79bebe778170775e20f90b3669bd96a107aa943d,within_expected_range,0.3318557016202996,0.1553041883216142,0.2135432589422195,0.2992968511158667,0,0,0.0,6542,,1980456,Epuyen/18-19_Patient_12_12/19/18,,Argentina,,,COMPLETE,L,,False
MN258183.1,MN258183,"MN258183.1 Orthohantavirus andesense isolate Epuyen/18-19_Patient_4_11/27/18 segment L, complete sequence",andes_1980456,andes,Orthohantavirus andesense,1980456,Orthohantavirus andesense,1980456,L,6542,0.3690003057169061,5b88fbfe30e6f91acba6c298a7e2d868b7915677718c90c4954346d9b8336d67,within_expected_range,0.3318557016202996,0.1554570467746866,0.2135432589422195,0.2991439926627942,0,0,0.0,6542,,1980456,Epuyen/18-19_Patient_4_11/27/18,,Argentina,,,COMPLETE,L,,False
MN258184.1,MN258184,"MN258184.1 Orthohantavirus andesense isolate Epuyen/18-19_Patient_5_11/26/18 segment L, complete sequence",andes_1980456,andes,Orthohantavirus andesense,1980456,Orthohantavirus andesense,1980456,L,6542,0.3688073394495413,3cb3b0f7620818e004d27c3c58d8463ca60993116709417474486f2a498d5b79,within_expected_range,0.3319571865443425,0.1551987767584098,0.2136085626911315,0.2992354740061162,2,0,0.0003057169061449,6542,,1980456,Epuyen/18-19_Patient_5_11/26/18,,Argentina,,,COMPLETE,L,,False
MN258166.1,MN258166,"MN258166.1 Orthohantavirus andesense isolate Epuyen/18-19_Patient_14_12/26/18 segment L, complete sequence",andes_1980456,andes,Orthohantavirus andesense,1980456,Orthohantavirus andesense,1980456,L,6543,0.3689439095216261,56c43474ee9d8390f4d3b1753d38eb6d3d9f5525feb8b4c0cae2dec461c194fb,within_expected_range,0.3318049824239645,0.155433287482806,0.2135106220388201,0.2992511080544093,0,0,0.0,6543,,1980456,Epuyen/18-19_Patient_14_12/26/18,,Argentina,,,COMPLETE,L,,False
MN258169.1,MN258169,"MN258169.1 Orthohantavirus andesense isolate Epuyen/18-19_Patient_17_12/31/18 segment L, complete sequence",andes_1980456,andes,Orthohantavirus andesense,1980456,Orthohantavirus andesense,1980456,L,6543,0.3687910744306892,f81135f0f01640ef67ce93376c7577505f9cde2a0bcc55438b37473a325bd205,within_expected_range,0.3319578175149014,0.1552804523918691,0.2135106220388201,0.2992511080544093,0,0,0.0,6543,,1980456,Epuyen/18-19_Patient_17_12/31/18,,Argentina,,,COMPLETE,L,,False
MN258159.1,MN258159,"MN258159.1 Orthohantavirus andesense isolate NRC-4/18_06/01/2018 segment L, complete sequence",andes_1980456,andes,Orthohantavirus andesense,1980456,Orthohantavirus andesense,1980456,L,6545,0.3681234718826406,efe56869b79b5b129951c7b247aa2b34e05a105943d2ca51aa5f999be051c761,within_expected_range,0.3302261613691931,0.1532701711491442,0.2148533007334963,0.3016503667481662,1,0,0.0001527883880825,6545,,1980456,NRC-4/18_06/01/2018,,Argentina,,,COMPLETE,L,,False
MN258156.1,MN258156,"MN258156.1 Orthohantavirus andesense isolate Epilink/96_2/6/19 segment L, complete sequence",andes_1980456,andes,Orthohantavirus andesense,1980456,Orthohantavirus andesense,1980456,L,6546,0.3678582340360525,8641f10a8f4788a2f9d61270093145b46c217fe59f8f26938197509294cf3219,within_expected_range,0.3334860983806905,0.1556675832569508,0.2121906507791017,0.2986556675832569,0,0,0.0,6546,,1980456,Epilink/96_2/6/19,,Argentina,,,COMPLETE,L,,False
MN258174.1,MN258174,"MN258174.1 Orthohantavirus andesense isolate Epuyen/18-19_Patient_22_1/1/19 segment L, complete sequence",andes_1980456,andes,Orthohantavirus andesense,1980456,Orthohantavirus andesense,1980456,L,6546,0.3690803544149099,9df0f99fb57cd10b05a3bfc273e549ac346952e5c4bdeaaf9245db59eb31c585,within_expected_range,0.3318056828597617,0.1555148182095936,0.2135655362053162,0.2991139627253284,0,0,0.0,6546,,1980456,Epuyen/18-19_Patient_22_1/1/19,,Argentina,,,COMPLETE,L,,False
MN258185.1,MN258185,"MN258185.1 Orthohantavirus andesense isolate Epuyen/18-19_Patient_6_11/25/18 segment L, complete sequence",andes_1980456,andes,Orthohantavirus andesense,1980456,Orthohantavirus andesense,1980456,L,6546,0.3689275893675527,288cccf61e0c3e659918aa616b78adc38baf729c061a60b063b3d60bdb29dc1c,within_expected_range,0.3319584479071188,0.1553620531622364,0.2135655362053162,0.2991139627253284,0,0,0.0,6546,,1980456,Epuyen/18-19_Patient_6_11/25/18,,Argentina,,,COMPLETE,L,,False
MN258186.1,MN258186,"MN258186.1 Orthohantavirus andesense isolate Epuyen/18-19_Patient_7_12/7/18 segment L, complete sequence",andes_1980456,andes,Orthohantavirus andesense,1980456,Orthohantavirus andesense,1980456,L,6546,0.3688875305623472,5213043939836c9220c9bd096e929c267a3989229c696e537e557db42e2ad5c0,within_expected_range,0.3319070904645477,0.1552567237163814,0.2136308068459657,0.2992053789731051,2,0,0.0003055300947143,6546,,1980456,Epuyen/18-19_Patient_7_12/7/18,,Argentina,,,COMPLETE,L,,False
MN258171.1,MN258171,"MN258171.1 Orthohantavirus andesense isolate Epuyen/18-19_Patient_19_1/2/19 segment L, complete sequence",andes_1980456,andes,Orthohantavirus andesense,1980456,Orthohantavirus andesense,1980456,L,6547,0.3690239804490606,2cf47b5fee1c7dd0a4d818bb75fa3e1c15cd10ad341a8e97b2571a9168c674d0,within_expected_range,0.3319077440048877,0.1553383228959829,0.2136856575530777,0.2990682755460516,0,0,0.0,6547,,1980456,Epuyen/18-19_Patient_19_1/2/19,,Argentina,,,COMPLETE,L,,False
MN258161.1,MN258161,"MN258161.1 Orthohantavirus andesense isolate NRC-6/18_05/21/18 segment L, complete sequence",andes_1980456,andes,Orthohantavirus andesense,1980456,Orthohantavirus andesense,1980456,L,6548,0.3688712387352986,9af8f110b1a3aec570ac25ef64fa368499ffdcd6bb9db8a59d9209846a6a2052,within_expected_range,0.3325187108599358,0.1554910646097449,0.2133801741255536,0.2986100504047655,1,0,0.0001527183872938,6548,,1980456,NRC-6/18_05/21/18,,Argentina,,,COMPLETE,L,,False
MN258188.1,MN258188,"MN258188.1 Orthohantavirus andesense isolate Epuyen/18-19_Patient_9_12/12/18 segment L, complete sequence",andes_1980456,andes,Orthohantavirus andesense,1980456,Orthohantavirus andesense,1980456,L,6549,0.3689112841655214,c6c5de0bc8d28b1920950b4f792eca16971589048aa4697beb9556a4cded3232,within_expected_range,0.3318063826538402,0.1552908841044434,0.213620400061078,0.2992823331806382,0,0,0.0,6549,,1980456,Epuyen/18-19_Patient_9_12/12/18,,Argentina,,,COMPLETE,L,,False
PV808469.1,PV808469,"PV808469.1 Orthohantavirus andesense isolate 137 segment L, complete sequence",andes_1980456,andes,Orthohantavirus andesense,1980456,Orthohantavirus andesense,1980456,L,6549,0.3661627729424339,8d53600a988bb438850969f0d94d725ee4b2adedf966e08bb22c622476157858,within_expected_range,0.331195602382043,0.152084287677508,0.2140784852649259,0.3026416246755229,0,0,0.0,6549,,1980456,137,,Chile: Region de los Rios,,2024-06-27,COMPLETE,L,,False
PV808478.1,PV808478,"PV808478.1 Orthohantavirus andesense isolate CHI-Hu13724_P2 segment L, complete sequence",andes_1980456,andes,Orthohantavirus andesense,1980456,Orthohantavirus andesense,1980456,L,6555,0.3659801678108314,f566e620d95eeaedb424b306e4539e5b1d93cd7bf8bb49d7361312b4fcaa065a,within_expected_range,0.331350114416476,0.1520976353928299,0.2138825324180015,0.3026697177726926,0,0,0.0,6555,,1980456,CHI-Hu13724_P2,,Chile,,2024-07-30,COMPLETE,L,,False
PV796318.1,PV796318,"PV796318.1 Orthohantavirus andesense isolate 136 segment L, complete sequence",andes_1980456,andes,Orthohantavirus andesense,1980456,Orthohantavirus andesense,1980456,L,6556,0.3660768761439902,b4b3d3d01dfdb4b9e7942a499fb75dcba52871a3d2ae303995036927ba189801,within_expected_range,0.3311470408785845,0.1520744356314826,0.2140024405125076,0.3027760829774252,0,0,0.0,6556,,1980456,136,,Chile: Region de Los Rios,,2024-06-27,COMPLETE,L,,False
PP003836.1,PP003836,"PP003836.1 Orthohantavirus andesense isolate BA18-RR1620 segment L, complete sequence",andes_1980456,andes,Orthohantavirus andesense,1980456,Orthohantavirus andesense,1980456,L,6558,0.3801463860933211,bede2a29f6366158282f0df08b844521d1ecb56ececb82f98fe6466d5a08466c,within_expected_range,0.3260140286672766,0.161939615736505,0.2182067703568161,0.2938395852394022,0,0,0.0,6558,,1980456,BA18-RR1620,,Argentina: Buenos Aires,,2018,COMPLETE,L,,False
PV808472.1,PV808472,"PV808472.1 Orthohantavirus andesense isolate CHI-7913 segment L, complete sequence",andes_1980456,andes,Orthohantavirus andesense,1980456,Orthohantavirus andesense,1980456,L,6561,0.3656454808718183,9287086ea78352f935dd5f1091e51aba953a7a496197df1107a1b5afcdfad96c,within_expected_range,0.3331809175430574,0.153025453436976,0.2126200274348422,0.3011736015851242,0,0,0.0,6561,,1980456,CHI-7913,,Chile,,1999,COMPLETE,L,,False
PZ385161.1,PZ385161,"PZ385161.1 Orthohantavirus andesense isolate ANDV/Switzerland/Hu-3337/2026 segment L, complete sequence",andes_1980456,andes,Orthohantavirus andesense,1980456,Orthohantavirus andesense,1980456,L,6561,0.3669207317073171,ad2fdb9ade06732043a8db60eb5d50ccf374504bf5ac0f113447d94e0dc4ca2b,within_expected_range,0.3317073170731707,0.1535060975609756,0.2134146341463414,0.3013719512195122,0,1,0.0001524157902758,6560,,1980456,ANDV/Switzerland/Hu-3337/2026,,Switzerland,,2026-05-04,COMPLETE,L,,False
AF291704.5,AF291704,"AF291704.5 Andes virus strain Chile-9717869 segment L, complete sequence",andes_1980456,andes,Orthohantavirus andesense,1980456,Orthohantavirus andesense,1980456,L,6562,0.3675708625419079,2557e8278f7dae8fa99827917a90a79f724880a61993c97bba3a08b090317712,within_expected_range,0.3328253581225236,0.155440414507772,0.2121304480341359,0.2996037793355684,0,0,0.0,6562,,1980456,Chile-9717869,,,,,COMPLETE,L,,False
MN850094.1,MN850094,"MN850094.1 Orthohantavirus andesense strain AREB14/P2 segment L, complete sequence",andes_1980456,andes,Orthohantavirus andesense,1980456,Orthohantavirus andesense,1980456,L,6562,0.3675708625419079,b138ce481fc1ccf181e90261f36979601d54d52b331053124e6a1daac7b1ecd7,within_expected_range,0.3331301432490094,0.1552880219445291,0.2122828405973788,0.2992989942090825,0,0,0.0,6562,,1980456,AREB14/P2,,,,,COMPLETE,L,,False
PV808475.1,PV808475,"PV808475.1 Orthohantavirus andesense isolate CHI-Hu13724_P1 segment L, complete sequence",andes_1980456,andes,Orthohantavirus andesense,1980456,Orthohantavirus andesense,1980456,L,6562,0.3658945443462359,b4f078bc1ae94220163ad1116181e4ec6df5dec984b463e8335728e40e78497d,within_expected_range,0.3313014324900944,0.151935385553185,0.2139591587930508,0.3028040231636696,0,0,0.0,6562,,1980456,CHI-Hu13724_P1,,Chile,,2024-07-24,COMPLETE,L,,False
PP003837.1,PP003837,"PP003837.1 Orthohantavirus andesense isolate BA18-LD1633 segment L, complete sequence",andes_1980456,andes,Orthohantavirus andesense,1980456,Orthohantavirus andesense,1980456,L,6587,0.3810535904053438,cc03e2c07678e417e6c65ed3c135b171fc356817279dabdfadd069a073f3cffd,within_expected_range,0.3224533171398208,0.1604675876726886,0.2205860027326552,0.2964930924548353,0,0,0.0,6587,,1980456,BA18-LD1633,,Argentina: Buenos Aires,,2018,COMPLETE,L,,False
MN258200.1,MN258200,"MN258200.1 Orthohantavirus andesense isolate Epuyen/18-19_Patient_15_12/26/18 segment M, complete sequence",andes_1980456,andes,Orthohantavirus andesense,1980456,Orthohantavirus andesense,1980456,M,3633,0.4035232590145885,fb6637317c2233b9b6a0190adf928cd4c735121253cb71a67aaf5e356d2dd102,within_expected_range,0.3118634737131847,0.192953481970823,0.2105697770437654,0.2846132672722268,0,0,0.0,3633,,1980456,Epuyen/18-19_Patient_15_12/26/18,,Argentina,,,COMPLETE,M,,False
MN258195.1,MN258195,"MN258195.1 Orthohantavirus andesense isolate Epuyen/18-19_Patient_10_12/10/18 segment M, complete sequence",andes_1980456,andes,Orthohantavirus andesense,1980456,Orthohantavirus andesense,1980456,M,3639,0.4042319318494092,dbd7ae9fab0454e67ea84eb464c35ff095bd4a299f91cf720caa8e6e1789dafd,within_expected_range,0.3116240725474031,0.1934597416872767,0.2107721901621324,0.2841439956031877,0,0,0.0,3639,,1980456,Epuyen/18-19_Patient_10_12/10/18,,Argentina,,,COMPLETE,M,,False
MN850088.1,MN850088,"MN850088.1 Orthohantavirus andesense strain AREB14/P1 segment M, complete sequence",andes_1980456,andes,Orthohantavirus andesense,1980456,Orthohantavirus andesense,1980456,M,3639,0.4006595218466611,83bb6b7b48f2225d0151811422e54ed58850b422573111307a0391ee462b935b,within_expected_range,0.3138224787029404,0.1912613355317395,0.2093981863149216,0.2855179994503984,0,0,0.0,3639,,1980456,AREB14/P1,,,,,COMPLETE,M,,False
MN850090.1,MN850090,"MN850090.1 Orthohantavirus andesense strain AREB14/P3 segment M, complete sequence",andes_1980456,andes,Orthohantavirus andesense,1980456,Orthohantavirus andesense,1980456,M,3643,0.4013175953884161,17d0c28d01aa28433c41a37b0c4ea01b8aa4a2343b0ab73f34edb8876a486c84,within_expected_range,0.3137524018665935,0.1916003293988471,0.209717265989569,0.2849300027449904,0,0,0.0,3643,,1980456,AREB14/P3,,,,,COMPLETE,M,,False
MN850091.1,MN850091,"MN850091.1 Orthohantavirus andesense strain ARCH14/NRC1 segment M, complete sequence",andes_1980456,andes,Orthohantavirus andesense,1980456,Orthohantavirus andesense,1980456,M,3643,0.3991216030743892,60e09cb5e51722f9af70980aa1d6399e4f4837ed15ad7227088adeaa3feed408,within_expected_range,0.3090859181992863,0.1855613505352731,0.2135602525391161,0.2917924787263244,0,0,0.0,3643,,1980456,ARCH14/NRC1,,,,,COMPLETE,M,,False
MN258196.1,MN258196,"MN258196.1 Orthohantavirus andesense isolate Epuyen/18-19_Patient_11_12/15/18 segment M, complete sequence",andes_1980456,andes,Orthohantavirus andesense,1980456,Orthohantavirus andesense,1980456,M,3645,0.4041152263374485,47bf9965ef19679deefd2d137ccd813dfd43e1f19b1a5bba95f9217688cb5ec2,within_expected_range,0.3113854595336077,0.1934156378600823,0.2106995884773662,0.2844993141289437,0,0,0.0,3645,,1980456,Epuyen/18-19_Patient_11_12/15/18,,Argentina,,,COMPLETE,M,,False
MN258190.1,MN258190,"MN258190.1 Orthohantavirus andesense isolate NRC-2/97_06/01/1996 segment M, complete sequence",andes_1980456,andes,Orthohantavirus andesense,1980456,Orthohantavirus andesense,1980456,M,3646,0.4009873834339001,8c28cff99804bbbfdc6c68517db41ba95f958154dabc6c18a86f87656be2ce8e,within_expected_range,0.3107515085024684,0.1876028524410312,0.2133845309928689,0.2882611080636313,0,0,0.0,3646,,1980456,NRC-2/97_06/01/1996,,Argentina,,,COMPLETE,M,,False
MN258208.1,MN258208,"MN258208.1 Orthohantavirus andesense isolate Epuyen/18-19_Patient_23_1/7/19 segment M, complete sequence",andes_1980456,andes,Orthohantavirus andesense,1980456,Orthohantavirus andesense,1980456,M,3646,0.4042786615469007,f5ef6321dfd6294b9bd17c77c1b3399c3aaa94e7352ca03f10f165ce14453170,within_expected_range,0.3115743280307186,0.1933625891387822,0.2109160724081185,0.2841470104223806,0,0,0.0,3646,,1980456,Epuyen/18-19_Patient_23_1/7/19,,Argentina,,,COMPLETE,M,,False
MN850092.1,MN850092,"MN850092.1 Orthohantavirus andesense strain ARLA17/NRC2 segment M, complete sequence",andes_1980456,andes,Orthohantavirus andesense,1980456,Orthohantavirus andesense,1980456,M,3646,0.4031815688425672,e0d392a550dd7276952295484d5f3f500f0a1e795894e326534ba7e40307eb27,within_expected_range,0.3107515085024684,0.1914426769061985,0.2117388919363686,0.2860669226549643,0,0,0.0,3646,,1980456,ARLA17/NRC2,,,,,COMPLETE,M,,False
MN258212.1,MN258212,"MN258212.1 Orthohantavirus andesense isolate Epuyen/18-19_Patient_27_1/8/19 segment M, complete sequence",andes_1980456,andes,Orthohantavirus andesense,1980456,Orthohantavirus andesense,1980456,M,3647,0.4041678091582122,c2f719a51448f157d69750ed84abdbc4a43c83347d5f0ba64277846c271484c1,within_expected_range,0.3117630929531121,0.1933095695091856,0.2108582396490265,0.2840690978886756,0,0,0.0,3647,,1980456,Epuyen/18-19_Patient_27_1/8/19,,Argentina,,,COMPLETE,M,,False
MN258213.1,MN258213,"MN258213.1 Orthohantavirus andesense isolate Epuyen/18-19_Patient_28_1/6/19 segment M, complete sequence",andes_1980456,andes,Orthohantavirus andesense,1980456,Orthohantavirus andesense,1980456,M,3647,0.4044420071291472,09766b8cd4afa4a825e7e156c8da69001916459ea9012acd520fe85a0fab96c7,within_expected_range,0.3114888949821771,0.1933095695091856,0.2111324376199616,0.2840690978886756,0,0,0.0,3647,,1980456,Epuyen/18-19_Patient_28_1/6/19,,Argentina,,,COMPLETE,M,,False
MN258218.1,MN258218,"MN258218.1 Orthohantavirus andesense isolate Epuyen/18-19_Patient_5_11/26/18 segment M, complete sequence",andes_1980456,andes,Orthohantavirus andesense,1980456,Orthohantavirus andesense,1980456,M,3649,0.4039462866538778,74b2237e8103fbe346b25265196000125e06c47ae88127765cc93052a2c044b8,within_expected_range,0.3110441216771718,0.1932036174294327,0.210742669224445,0.2850095916689504,0,0,0.0,3649,,1980456,Epuyen/18-19_Patient_5_11/26/18,,Argentina,,,COMPLETE,M,,False
PZ385162.1,PZ385162,"PZ385162.1 Orthohantavirus andesense isolate ANDV/Switzerland/Hu-3337/2026 segment M, complete sequence",andes_1980456,andes,Orthohantavirus andesense,1980456,Orthohantavirus andesense,1980456,M,3649,0.4028500959166895,7091ac454e4ad84edb3b16f0baf41b18d1a96eb5103a244b54572a511333fc0c,within_expected_range,0.3088517402027952,0.1890929021649767,0.2137571937517128,0.2882981638805152,0,0,0.0,3649,,1980456,ANDV/Switzerland/Hu-3337/2026,,Switzerland,,2026-05-04,COMPLETE,M,,False
MN258193.1,MN258193,"MN258193.1 Orthohantavirus andesense isolate NRC-5/18_06/01/2018 segment M, complete sequence",andes_1980456,andes,Orthohantavirus andesense,1980456,Orthohantavirus andesense,1980456,M,3650,0.4008219178082192,202ba4c05a6f19f097e2bf97576013c4017620909228a6133b1d8c8a1de3ab34,within_expected_range,0.307945205479452,0.1854794520547945,0.2153424657534246,0.2912328767123288,0,0,0.0,3650,,1980456,NRC-5/18_06/01/2018,,Argentina,,,COMPLETE,M,,False
MN258201.1,MN258201,"MN258201.1 Orthohantavirus andesense isolate Epuyen/18-19_Patient_16_12/28/18 segment M, complete sequence",andes_1980456,andes,Orthohantavirus andesense,1980456,Orthohantavirus andesense,1980456,M,3651,0.4039989044097508,845bf4710acaa617bdb5857e7158332664888695a1f1da071362b4c6af1f175f,within_expected_range,0.3108737332237743,0.1933716789920569,0.2106272254176937,0.2851273623664749,0,0,0.0,3651,,1980456,Epuyen/18-19_Patient_16_12/28/18,,Argentina,,,COMPLETE,M,,False
MN258209.1,MN258209,"MN258209.1 Orthohantavirus andesense isolate Epuyen/18-19_Patient_24_1/3/19 segment M, complete sequence",andes_1980456,andes,Orthohantavirus andesense,1980456,Orthohantavirus andesense,1980456,M,3652,0.4038882803943044,0718d5a6da639412a25eec65ba1d8d1d63478888bbd7c699f5322e73d6171037,within_expected_range,0.3110624315443592,0.1930449069003285,0.2108433734939759,0.2850492880613363,0,0,0.0,3652,,1980456,Epuyen/18-19_Patient_24_1/3/19,,Argentina,,,COMPLETE,M,,False
OR890440.1,OR890440,"OR890440.1 Orthohantavirus andesense isolate ARG-OF.53 segment M, complete sequence",andes_1980456,andes,Orthohantavirus andesense,1980456,Orthohantavirus andesense,1980456,M,3653,0.4180125923898166,7b66e7f86904fc26264fa7ecd81ce1e65601beaeb811c8052f32c9b2890dc1c1,within_expected_range,0.2978373939228032,0.1960032849712565,0.2220093074185601,0.2841500136873802,0,0,0.0,3653,,1980456,Lechiguanas,,Argentina,,2022,COMPLETE,M,,False
MN258205.1,MN258205,"MN258205.1 Orthohantavirus andesense isolate Epuyen/18-19_Patient_1_11/3/18 segment M, complete sequence",andes_1980456,andes,Orthohantavirus andesense,1980456,Orthohantavirus andesense,1980456,M,3654,0.4039408866995074,3e0ce8c2b25d2c6a353168d570ca0a17d5061a29789deb3bb1821b6829c1683f,within_expected_range,0.3111658456486043,0.1929392446633825,0.2110016420361248,0.2848932676518883,0,0,0.0,3654,,1980456,Epuyen/18-19_Patient_1_11/3/18,,Argentina,,,COMPLETE,M,,False
MN258210.1,MN258210,"MN258210.1 Orthohantavirus andesense isolate Epuyen/18-19_Patient_25_1/6/19 segment M, complete sequence",andes_1980456,andes,Orthohantavirus andesense,1980456,Orthohantavirus andesense,1980456,M,3654,0.4039408866995074,6d38d3da3052b2e75181d56fb3c3d6a75895d41e7114516a58e9cbaa10641ac9,within_expected_range,0.3114395183360701,0.1929392446633825,0.2110016420361248,0.2846195949644226,0,0,0.0,3654,,1980456,Epuyen/18-19_Patient_25_1/6/19,,Argentina,,,COMPLETE,M,,False
PV808468.1,PV808468,"PV808468.1 Orthohantavirus andesense isolate 137 segment M, complete sequence",andes_1980456,andes,Orthohantavirus andesense,1980456,Orthohantavirus andesense,1980456,M,3654,0.4033935413245758,c51a55d575be9df18fb99409e2e6c06305d16890fcd07ed5780f5ce65c1698d3,within_expected_range,0.3065134099616858,0.1866447728516694,0.2167487684729064,0.2900930487137383,0,0,0.0,3654,,1980456,137,,Chile: Region de los Rios,,2024-06-27,COMPLETE,M,,False
MN258191.1,MN258191,"MN258191.1 Orthohantavirus andesense isolate NRC-3/18_06/01/1997 segment M, complete sequence",andes_1980456,andes,Orthohantavirus andesense,1980456,Orthohantavirus andesense,1980456,M,3655,0.3997264021887824,3c94adfdcdf12375069757545ceca3f2125bcbcb11019da96db4a1b6392924a0,within_expected_range,0.3102599179206566,0.187140902872777,0.2125854993160054,0.2900136798905608,0,0,0.0,3655,,1980456,NRC-3/18_06/01/1997,,Argentina,,,COMPLETE,M,,False
MN258197.1,MN258197,"MN258197.1 Orthohantavirus andesense isolate Epuyen/18-19_Patient_12_12/19/18 segment M, complete sequence",andes_1980456,andes,Orthohantavirus andesense,1980456,Orthohantavirus andesense,1980456,M,3655,0.4035567715458276,fed145a478553ad96627bb4b7a15da211415b74c3c3c71e0b0f1312005d84081,within_expected_range,0.3116279069767442,0.1928864569083447,0.2106703146374829,0.2848153214774281,0,0,0.0,3655,,1980456,Epuyen/18-19_Patient_12_12/19/18,,Argentina,,,COMPLETE,M,,False
MN258206.1,MN258206,"MN258206.1 Orthohantavirus andesense isolate Epuyen/18-19_Patient_20_1/1/19 segment M, complete sequence",andes_1980456,andes,Orthohantavirus andesense,1980456,Orthohantavirus andesense,1980456,M,3655,0.4038303693570451,3a7da8c9a3d85fa89af4d028695cc76c03ba4e1d22e0ad673c4759d907c78d7a,within_expected_range,0.3113543091655267,0.1928864569083447,0.2109439124487004,0.2848153214774281,0,0,0.0,3655,,1980456,Epuyen/18-19_Patient_20_1/1/19,,Argentina,,,COMPLETE,M,,False
MN258220.1,MN258220,"MN258220.1 Orthohantavirus andesense isolate Epuyen/18-19_Patient_7_12/7/18 segment M, complete sequence",andes_1980456,andes,Orthohantavirus andesense,1980456,Orthohantavirus andesense,1980456,M,3655,0.4038303693570451,a93ad0bb527c2dd977dcb3a08ad439c1a55764eebf885b1f5ef8760ca9b6e053,within_expected_range,0.3113543091655267,0.1928864569083447,0.2109439124487004,0.2848153214774281,0,0,0.0,3655,,1980456,Epuyen/18-19_Patient_7_12/7/18,,Argentina,,,COMPLETE,M,,False
MN258204.1,MN258204,"MN258204.1 Orthohantavirus andesense isolate Epuyen/18-19_Patient_19_1/2/19 segment M, complete sequence",andes_1980456,andes,Orthohantavirus andesense,1980456,Orthohantavirus andesense,1980456,M,3656,0.4037199124726477,cce1beb7b08825754306a7c54e7707afef89a09e0c37ee70251f0206a8547e4a,within_expected_range,0.3112691466083151,0.1928336980306345,0.2108862144420131,0.2850109409190372,0,0,0.0,3656,,1980456,Epuyen/18-19_Patient_19_1/2/19,,Argentina,,,COMPLETE,M,,False
MN258198.1,MN258198,"MN258198.1 Orthohantavirus andesense isolate Epuyen/18-19_Patient_13_12/24/18 segment M, complete sequence",andes_1980456,andes,Orthohantavirus andesense,1980456,Orthohantavirus andesense,1980456,M,3657,0.4038829641782882,cc4b4d84c2f721f4036ef0e738b91e4986dd24f660394bd3d0f7da2ecfc5be54,within_expected_range,0.3111840306261963,0.1927809680065627,0.2111019961717254,0.2849330051955154,0,0,0.0,3657,,1980456,Epuyen/18-19_Patient_13_12/24/18,,Argentina,,,COMPLETE,M,,False
PV796317.1,PV796317,"PV796317.1 Orthohantavirus andesense isolate 136 segment M, complete sequence",andes_1980456,andes,Orthohantavirus andesense,1980456,Orthohantavirus andesense,1980456,M,3657,0.4030626196335794,e760f441f531c2af24e0dc095a5369c561ff6d125e8e4ad788d7217556cef297,within_expected_range,0.3068088597210828,0.1864916598304621,0.2165709598031173,0.2901285206453377,0,0,0.0,3657,,1980456,136,,Chile: Region de Los Rios,,2024-06-27,COMPLETE,M,,False
MN258192.1,MN258192,"MN258192.1 Orthohantavirus andesense isolate NRC-4/18_06/01/2018 segment M, complete sequence",andes_1980456,andes,Orthohantavirus andesense,1980456,Orthohantavirus andesense,1980456,M,3658,0.3999453253143794,1325f703e15639f7806972bf09aa7c4c07dc294dcfc1a0dd2b3a0919d0fccd66,within_expected_range,0.3097320940404592,0.1869874248223072,0.2129579004920721,0.2903225806451613,0,0,0.0,3658,,1980456,NRC-4/18_06/01/2018,,Argentina,,,COMPLETE,M,,False
MN258199.1,MN258199,"MN258199.1 Orthohantavirus andesense isolate Epuyen/18-19_Patient_14_12/26/18 segment M, complete sequence",andes_1980456,andes,Orthohantavirus andesense,1980456,Orthohantavirus andesense,1980456,M,3658,0.4037725533078184,52817baad4f29bd8975684b011b7ec8f0f0c247386fb27eb4b6917bb18a34475,within_expected_range,0.3110989611809732,0.1930016402405686,0.2107709130672498,0.2851284855112083,0,0,0.0,3658,,1980456,Epuyen/18-19_Patient_14_12/26/18,,Argentina,,,COMPLETE,M,,False
MN258202.1,MN258202,"MN258202.1 Orthohantavirus andesense isolate Epuyen/18-19_Patient_17_12/31/18 segment M, complete sequence",andes_1980456,andes,Orthohantavirus andesense,1980456,Orthohantavirus andesense,1980456,M,3659,0.4039355015031429,baf883690db7fbcc4fba2995dfeca93b2820373b4d0cee13446bb98ff29f6d59,within_expected_range,0.3110139382344903,0.1929488931402022,0.2109866083629407,0.2850505602623667,0,0,0.0,3659,,1980456,Epuyen/18-19_Patient_17_12/31/18,,Argentina,,,COMPLETE,M,,False
MN258217.1,MN258217,"MN258217.1 Orthohantavirus andesense isolate Epuyen/18-19_Patient_4_11/27/18 segment M, complete sequence",andes_1980456,andes,Orthohantavirus andesense,1980456,Orthohantavirus andesense,1980456,M,3659,0.404208800218639,0ea23ddd7000fe36f16491e67a94d155c08ac0517ae6015c3a8ad2cf4e199b5c,within_expected_range,0.3110139382344903,0.1934954905711943,0.2107133096474446,0.2847772615468707,0,0,0.0,3659,,1980456,Epuyen/18-19_Patient_4_11/27/18,,Argentina,,,COMPLETE,M,,False
PV808477.1,PV808477,"PV808477.1 Orthohantavirus andesense isolate CHI-Hu13724_P2 segment M, complete sequence",andes_1980456,andes,Orthohantavirus andesense,1980456,Orthohantavirus andesense,1980456,M,3659,0.4031156053566548,b1165afd5ede63df8085f73617229e050244b70b9c2748b90d7e4e644767e4b4,within_expected_range,0.3066411587865537,0.1863897239682973,0.2167258813883574,0.2902432358567914,0,0,0.0,3659,,1980456,CHI-Hu13724_P2,,Chile,,2024-07-30,COMPLETE,M,,False
MN258207.1,MN258207,"MN258207.1 Orthohantavirus andesense isolate Epuyen/18-19_Patient_22_1/1/19 segment M, complete sequence",andes_1980456,andes,Orthohantavirus andesense,1980456,Orthohantavirus andesense,1980456,M,3661,0.4039879814258399,f2be45f8883cfe33198e8a811d5d0f296e644585621fa7aa05596f7be408b61e,within_expected_range,0.3108440316853318,0.1931166347992352,0.2108713466266047,0.2851679868888281,0,0,0.0,3661,,1980456,Epuyen/18-19_Patient_22_1/1/19,,Argentina,,,COMPLETE,M,,False
MN258194.1,MN258194,"MN258194.1 Orthohantavirus andesense isolate NRC-6/18_05/21/18 segment M, complete sequence",andes_1980456,andes,Orthohantavirus andesense,1980456,Orthohantavirus andesense,1980456,M,3664,0.4033842794759825,862f5a6add25a729139058c71c12c2288f6e4e7e70e13940377185f17626a9a8,within_expected_range,0.3116812227074236,0.1913209606986899,0.2120633187772925,0.2849344978165939,0,0,0.0,3664,,1980456,NRC-6/18_05/21/18,,Argentina,,,COMPLETE,M,,False
PV808474.1,PV808474,"PV808474.1 Orthohantavirus andesense isolate CHI-Hu13724_P1 segment M, complete sequence",andes_1980456,andes,Orthohantavirus andesense,1980456,Orthohantavirus andesense,1980456,M,3664,0.4028384279475983,ad9e45967e54cc2c78d8a09955033fae2539fee84428cf8cc4cfbeb6023f2c66,within_expected_range,0.3070414847161572,0.1866812227074235,0.2161572052401746,0.2901200873362445,0,0,0.0,3664,,1980456,CHI-Hu13724_P1,,Chile,,2024-07-24,COMPLETE,M,,False
MN258214.1,MN258214,"MN258214.1 Orthohantavirus andesense isolate Epuyen/18-19_Patient_29_1/14/19 segment M, complete sequence",andes_1980456,andes,Orthohantavirus andesense,1980456,Orthohantavirus andesense,1980456,M,3665,0.4046384720327421,c1f60a80eb69357930997f72c1aaf62f7a7b43a6de2cf5b86f097a6f8554c048,within_expected_range,0.3107776261937244,0.1931787175989086,0.2114597544338335,0.2845839017735334,0,0,0.0,3665,,1980456,Epuyen/18-19_Patient_29_1/14/19,,Argentina,,,COMPLETE,M,,False
MN258189.1,MN258189,"MN258189.1 Orthohantavirus andesense isolate Epilink/96_2/6/19 segment M, complete sequence",andes_1980456,andes,Orthohantavirus andesense,1980456,Orthohantavirus andesense,1980456,M,3667,0.4026186579378069,89598c6313eb18b5f5126bee97ec7dc1c0b4f79eabbbcbff43301e67d3e6e6bf,within_expected_range,0.3128750681942171,0.1920349154391707,0.2105837424986361,0.284506273867976,1,0,0.0002727024815925,3667,,1980456,Epilink/96_2/6/19,,Argentina,,,COMPLETE,M,,False
KY604962.1,KY604962,"KY604962.1 Orthohantavirus andesense strain LS-CH2016 segment M, complete sequence",andes_1980456,andes,Orthohantavirus andesense,1980456,Orthohantavirus andesense,1980456,M,3668,0.4002181025081788,2ec67b8ba74108d693e4b08cd88bdd6526bdcf515a6926b57061f54e0dec56a2,within_expected_range,0.3083424209378408,0.1867502726281352,0.2134678298800436,0.2914394765539804,0,0,0.0,3668,,1980456,LS-CH2016,,Switzerland,,2016-12-23,COMPLETE,M,,False
MN258219.1,MN258219,"MN258219.1 Orthohantavirus andesense isolate Epuyen/18-19_Patient_6_11/25/18 segment M, complete sequence",andes_1980456,andes,Orthohantavirus andesense,1980456,Orthohantavirus andesense,1980456,M,3669,0.4044698828018533,86569fa50ea4765fa4edfd6cbc84fd160e7d50b24fd6b2dfd3ba6fa021168e82,within_expected_range,0.3107113654946852,0.1929681112019624,0.2115017715998909,0.2848187517034614,0,0,0.0,3669,,1980456,Epuyen/18-19_Patient_6_11/25/18,,Argentina,,,COMPLETE,M,,False
MN258222.1,MN258222,"MN258222.1 Orthohantavirus andesense isolate Epuyen/18-19_Patient_9_12/12/18 segment M, complete sequence",andes_1980456,andes,Orthohantavirus andesense,1980456,Orthohantavirus andesense,1980456,M,3669,0.4047424366312346,f39989ebf973cb022884de0adbc6c118b27a3673f1e6b30c48fe8eddf5ae60b3,within_expected_range,0.3104388116653039,0.1932406650313436,0.2115017715998909,0.2848187517034614,0,0,0.0,3669,,1980456,Epuyen/18-19_Patient_9_12/12/18,,Argentina,,,COMPLETE,M,,False
PV808471.1,PV808471,"PV808471.1 Orthohantavirus andesense isolate CHI-7913 segment M, complete sequence",andes_1980456,andes,Orthohantavirus andesense,1980456,Orthohantavirus andesense,1980456,M,3670,0.4021798365122616,00d42039628ca4c2a3f435bd111fb8c44504b582b685997f040d1ff8d199aa23,within_expected_range,0.3103542234332425,0.1899182561307902,0.2122615803814714,0.2874659400544959,0,0,0.0,3670,,1980456,CHI-7913,,Chile,,1999,COMPLETE,M,,False
MN850089.1,MN850089,"MN850089.1 Orthohantavirus andesense strain AREB14/P2 segment M, complete sequence",andes_1980456,andes,Orthohantavirus andesense,1980456,Orthohantavirus andesense,1980456,M,3679,0.4011959771677086,2c0e8150d2f21197ed57a814f3fd612b0ab3a08988fb1d9439e91075e9e57551,within_expected_range,0.3131285675455287,0.1913563468333786,0.2098396303343299,0.2856754552867627,0,0,0.0,3679,,1980456,AREB14/P2,,,,,COMPLETE,M,,False
MN258249.1,MN258249,"MN258249.1 Orthohantavirus andesense isolate Epuyen/18-19_Patient_2_11/23/18 segment S, complete sequence",andes_1980456,andes,Orthohantavirus andesense,1980456,Orthohantavirus andesense,1980456,S,1804,0.4301552106430155,882a93b048d19c42fa8aa431a140179ad18121a2a718b0e5accc533fd0264676,within_expected_range,0.3004434589800443,0.2028824833702882,0.2272727272727272,0.2694013303769401,0,0,0.0,1804,,1980456,Epuyen/18-19_Patient_2_11/23/18,,Argentina,,,COMPLETE,S,,False
MN850085.1,MN850085,"MN850085.1 Orthohantavirus andesense strain AREB14/P3 segment S, complete sequence",andes_1980456,andes,Orthohantavirus andesense,1980456,Orthohantavirus andesense,1980456,S,1819,0.4244090159428257,553502289eeedb80560fb1057f5a7b0085e216a758c2b46139528d4390f3a03d,within_expected_range,0.2996151731720726,0.200109950522265,0.2242990654205607,0.2759758108851017,0,0,0.0,1819,,1980456,AREB14/P3,,,,,COMPLETE,S,,False
MN258237.1,MN258237,"MN258237.1 Orthohantavirus andesense isolate Epuyen/18-19_Patient_18_12/31/18 segment S, complete sequence",andes_1980456,andes,Orthohantavirus andesense,1980456,Orthohantavirus andesense,1980456,S,1827,0.4271631982475355,dc8cfa098d3658ad8a710f219b295788faeca9d6bcec55af4bca55b42436b405,within_expected_range,0.2995618838992332,0.2015334063526834,0.2256297918948521,0.2732749178532311,1,0,0.0005473453749315,1827,,1980456,Epuyen/18-19_Patient_18_12/31/18,,Argentina,,,COMPLETE,S,,False
MN258234.1,MN258234,"MN258234.1 Orthohantavirus andesense isolate Epuyen/18-19_Patient_15_12/26/18 segment S, complete sequence",andes_1980456,andes,Orthohantavirus andesense,1980456,Orthohantavirus andesense,1980456,S,1828,0.4272428884026258,521ad42b4c249044e81e7d3f4a32d43ab643a7fbee363e5ffc7afd31001e56fd,within_expected_range,0.2986870897155361,0.2018599562363238,0.2253829321663019,0.2740700218818381,0,0,0.0,1828,,1980456,Epuyen/18-19_Patient_15_12/26/18,,Argentina,,,COMPLETE,S,,False
OR908892.1,OR908892,"OR908892.1 Orthohantavirus andesense isolate BA10-GJ1165 segment S, complete sequence",andes_1980456,andes,Orthohantavirus andesense,1980456,Orthohantavirus andesense,1980456,S,1838,0.4260065288356909,8c6a43340d791d8c2d50b11de36b1e7ba4d26a249b3499a8ef38453e6f7f021f,within_expected_range,0.3057671381936888,0.1969532100108814,0.2290533188248096,0.2682263329706202,0,0,0.0,1838,,1980456,BA10-GJ1165,,Argentina: Buenos Aires,,2010,COMPLETE,S,,False
MN258229.1,MN258229,"MN258229.1 Orthohantavirus andesense isolate Epuyen/18-19_Patient_10_12/10/18 segment S, complete sequence",andes_1980456,andes,Orthohantavirus andesense,1980456,Orthohantavirus andesense,1980456,S,1843,0.4270211611502984,0417996778aa32bb7302b8cb108de2d94977dd5bba2e3ca2115e1737c8251f92,within_expected_range,0.2984264785675529,0.2018448182311448,0.2251763429191535,0.2745523602821487,0,0,0.0,1843,,1980456,Epuyen/18-19_Patient_10_12/10/18,,Argentina,,,COMPLETE,S,,False
OR908894.1,OR908894,"OR908894.1 Orthohantavirus andesense isolate BA11-MH1249 segment S, complete sequence",andes_1980456,andes,Orthohantavirus andesense,1980456,Orthohantavirus andesense,1980456,S,1843,0.4210526315789473,90709c3058a92c90ca2ea97ee953e64179b4aa82d687d7e312d98b7e7f317075,within_expected_range,0.3033098209441128,0.1985892566467715,0.2224633749321758,0.2756375474769397,0,0,0.0,1843,,1980456,BA11-MH1249,,Argentina: Buenos Aires,,2011,COMPLETE,S,,False
MN258230.1,MN258230,"MN258230.1 Orthohantavirus andesense isolate Epuyen/18-19_Patient_11_12/15/18 segment S, complete sequence",andes_1980456,andes,Orthohantavirus andesense,1980456,Orthohantavirus andesense,1980456,S,1844,0.4267895878524946,619d8dd6f6c91c9379764b33aba4e067f70b8aaa2125f2c108f3c209d42d5fc3,within_expected_range,0.2982646420824295,0.2011930585683297,0.2255965292841648,0.2749457700650759,0,0,0.0,1844,,1980456,Epuyen/18-19_Patient_11_12/15/18,,Argentina,,,COMPLETE,S,,False
MN850087.1,MN850087,"MN850087.1 Orthohantavirus andesense strain ARLA17/NRC2 segment S, complete sequence",andes_1980456,andes,Orthohantavirus andesense,1980456,Orthohantavirus andesense,1980456,S,1844,0.4278741865509761,45b62132b0bed1d91696fd0b7b2e3e6665f877e0846afad3f5fa050013dc1973,within_expected_range,0.2971800433839479,0.2022776572668112,0.2255965292841648,0.2749457700650759,0,0,0.0,1844,,1980456,ARLA17/NRC2,,,,,COMPLETE,S,,False
OR908895.1,OR908895,"OR908895.1 Orthohantavirus andesense isolate BA11-IM1254 segment S, complete sequence",andes_1980456,andes,Orthohantavirus andesense,1980456,Orthohantavirus andesense,1980456,S,1844,0.4219088937093275,fd5550c06c5c5bbf60d7c09eb35ead27928984432f3b5bdc302a3464a91c3bc6,within_expected_range,0.3047722342733189,0.1984815618221258,0.2234273318872017,0.2733188720173535,0,0,0.0,1844,,1980456,BA11-IM1254,,Argentina: Buenos Aires,,2011,COMPLETE,S,,False
OR908889.1,OR908889,"OR908889.1 Orthohantavirus andesense isolate BA02_ROM495 segment S, complete sequence",andes_1980456,andes,Orthohantavirus andesense,1980456,Orthohantavirus andesense,1980456,S,1847,0.4217650243638332,dbfab38ccb06b2f155e217c0e7ea21a5f6d83ef9bc9aed4491de8d4e051e45cc,within_expected_range,0.3037357877639415,0.1981591770438549,0.2236058473199783,0.2744991878722252,0,0,0.0,1847,,1980456,BA02_ROM495,,Argentina: Buenos Aires,,2002,COMPLETE,S,,False
MN258246.1,MN258246,"MN258246.1 Orthohantavirus andesense isolate Epuyen/18-19_Patient_27_1/8/19 segment S, complete sequence",andes_1980456,andes,Orthohantavirus andesense,1980456,Orthohantavirus andesense,1980456,S,1848,0.4274891774891775,2d31dee5aca54410d4f773b0af58b202186bcb2cfd49f12a56c60cafce7d4619,within_expected_range,0.2976190476190476,0.2023809523809523,0.2251082251082251,0.2748917748917749,0,0,0.0,1848,,1980456,Epuyen/18-19_Patient_27_1/8/19,,Argentina,,,COMPLETE,S,,False
MN258243.1,MN258243,"MN258243.1 Orthohantavirus andesense isolate Epuyen/18-19_Patient_24_1/3/19 segment S, complete sequence",andes_1980456,andes,Orthohantavirus andesense,1980456,Orthohantavirus andesense,1980456,S,1849,0.4272579772850189,64b0dcb2c82b1707838227d243866cfe0d1779c1d5432a7fe3b671c8f47522fe,within_expected_range,0.2979989183342347,0.2022714981070849,0.224986479177934,0.2747431043807463,0,0,0.0,1849,,1980456,Epuyen/18-19_Patient_24_1/3/19,,Argentina,,,COMPLETE,S,,False
MN258247.1,MN258247,"MN258247.1 Orthohantavirus andesense isolate Epuyen/18-19_Patient_28_1/6/19 segment S, complete sequence",andes_1980456,andes,Orthohantavirus andesense,1980456,Orthohantavirus andesense,1980456,S,1849,0.4272579772850189,8331d429b888ad22cc4756efb063eaa76738034c551fd95e7e4f3a48fb20de71,within_expected_range,0.2974580854515954,0.2022714981070849,0.224986479177934,0.2752839372633856,0,0,0.0,1849,,1980456,Epuyen/18-19_Patient_28_1/6/19,,Argentina,,,COMPLETE,S,,False
MN258252.1,MN258252,"MN258252.1 Orthohantavirus andesense isolate Epuyen/18-19_Patient_5_11/26/18 segment S, complete sequence",andes_1980456,andes,Orthohantavirus andesense,1980456,Orthohantavirus andesense,1980456,S,1849,0.4272579772850189,638f52de98758ea6088b47aaf2d80f910ca287e8a6c7e4b073c8f9456fa0b8c6,within_expected_range,0.2979989183342347,0.2022714981070849,0.224986479177934,0.2747431043807463,0,0,0.0,1849,,1980456,Epuyen/18-19_Patient_5_11/26/18,,Argentina,,,COMPLETE,S,,False
MN258242.1,MN258242,"MN258242.1 Orthohantavirus andesense isolate Epuyen/18-19_Patient_23_1/7/19 segment S, complete sequence",andes_1980456,andes,Orthohantavirus andesense,1980456,Orthohantavirus andesense,1980456,S,1850,0.4286486486486486,d058c201ebc5dd0f494b25d0d39eba06cffc9cf6acf25e61e8189c898d351987,within_expected_range,0.2972972972972973,0.2037837837837837,0.2248648648648648,0.274054054054054,0,0,0.0,1850,,1980456,Epuyen/18-19_Patient_23_1/7/19,,Argentina,,,COMPLETE,S,,False
MN850083.1,MN850083,"MN850083.1 Orthohantavirus andesense strain AREB14/P1 segment S, complete sequence",andes_1980456,andes,Orthohantavirus andesense,1980456,Orthohantavirus andesense,1980456,S,1850,0.4248648648648648,86a3db134eb2311b43c6e985f78bc5ed13e6eb389aeebc1ad07a8a6cd4fade18,within_expected_range,0.2983783783783784,0.201081081081081,0.2237837837837837,0.2767567567567567,0,0,0.0,1850,,1980456,AREB14/P1,,,,,COMPLETE,S,,False
MN258232.1,MN258232,"MN258232.1 Orthohantavirus andesense isolate Epuyen/18-19_Patient_13_12/24/18 segment S, complete sequence",andes_1980456,andes,Orthohantavirus andesense,1980456,Orthohantavirus andesense,1980456,S,1851,0.4273365748244192,fb425fc27d5cb5d5e1ac143fc8a17a9624cb388008fc10e1f1610cca8b46c595,within_expected_range,0.2976769313884387,0.2025931928687196,0.2247433819556996,0.2749864937871421,0,0,0.0,1851,,1980456,Epuyen/18-19_Patient_13_12/24/18,,Argentina,,,COMPLETE,S,,False
MN258224.1,MN258224,"MN258224.1 Orthohantavirus andesense isolate NRC-2/97_06/01/1996 segment S, complete sequence",andes_1980456,andes,Orthohantavirus andesense,1980456,Orthohantavirus andesense,1980456,S,1852,0.4178378378378378,03e782100870c9790b6e055c12c575760629c169d09bbecf793436b10fe4d085,within_expected_range,0.3,0.1951351351351351,0.2227027027027027,0.2821621621621621,2,0,0.0010799136069114,1852,,1980456,NRC-2/97_06/01/1996,,Argentina,,,COMPLETE,S,,False
OR908893.1,OR908893,"OR908893.1 Orthohantavirus andesense isolate BA10-OE1169 segment S, complete sequence",andes_1980456,andes,Orthohantavirus andesense,1980456,Orthohantavirus andesense,1980456,S,1852,0.4222462203023758,a9754c6cf73e361af6ccf929993988cb2ec4d4b18c314828b0ecb3bdc33d0b68,within_expected_range,0.3029157667386609,0.1976241900647948,0.2246220302375809,0.2748380129589632,0,0,0.0,1852,,1980456,BA10-OE1169,,Argentina: Buenos Aires,,2010,COMPLETE,S,,False
MN258231.1,MN258231,"MN258231.1 Orthohantavirus andesense isolate Epuyen/18-19_Patient_12_12/19/18 segment S, complete sequence",andes_1980456,andes,Orthohantavirus andesense,1980456,Orthohantavirus andesense,1980456,S,1853,0.427645788336933,764282a2de0948c83db523bf29b96601c32ff431bc8667e7c112712a4eb254e3,within_expected_range,0.2975161987041037,0.2024838012958963,0.2251619870410367,0.2748380129589632,1,0,0.0005396654074473,1853,,1980456,Epuyen/18-19_Patient_12_12/19/18,,Argentina,,,COMPLETE,S,,False
PZ385163.1,PZ385163,"PZ385163.1 Orthohantavirus andesense isolate ANDV/Switzerland/Hu-3337/2026 segment S, complete sequence",andes_1980456,andes,Orthohantavirus andesense,1980456,Orthohantavirus andesense,1980456,S,1853,0.4247166756610901,68343fd97766b80534064cbcfb401a4f194e843cd5ee113fd4283fe5b8a52058,within_expected_range,0.2978953049109552,0.1996762007555315,0.2250404749055585,0.2773880194279546,0,0,0.0,1853,,1980456,ANDV/Switzerland/Hu-3337/2026,,Switzerland,,2026-05-04,COMPLETE,S,,False
MN258233.1,MN258233,"MN258233.1 Orthohantavirus andesense isolate Epuyen/18-19_Patient_14_12/26/18 segment S, complete sequence",andes_1980456,andes,Orthohantavirus andesense,1980456,Orthohantavirus andesense,1980456,S,1855,0.4274932614555256,2314923116bd058567bb5ab09f640d156ea58c75f5814fc39c0dfb9c1fdccd61,within_expected_range,0.2981132075471698,0.2021563342318059,0.2253369272237196,0.2743935309973045,0,0,0.0,1855,,1980456,Epuyen/18-19_Patient_14_12/26/18,,Argentina,,,COMPLETE,S,,False
MN258251.1,MN258251,"MN258251.1 Orthohantavirus andesense isolate Epuyen/18-19_Patient_4_11/27/18 segment S, complete sequence",andes_1980456,andes,Orthohantavirus andesense,1980456,Orthohantavirus andesense,1980456,S,1856,0.427801724137931,00c51b04160c06cc4d48ca69d48070a6c387bbdb77c36c84069c546e563427c5,within_expected_range,0.2979525862068966,0.2020474137931034,0.2257543103448276,0.2742456896551724,0,0,0.0,1856,,1980456,Epuyen/18-19_Patient_4_11/27/18,,Argentina,,,COMPLETE,S,,False
MN258254.1,MN258254,"MN258254.1 Orthohantavirus andesense isolate Epuyen/18-19_Patient_7_12/7/18 segment S, complete sequence",andes_1980456,andes,Orthohantavirus andesense,1980456,Orthohantavirus andesense,1980456,S,1856,0.4283405172413793,dd39862c17a863359205e3f656cd02c4900b1838848a679adad103d302dce101,within_expected_range,0.2979525862068966,0.2025862068965517,0.2257543103448276,0.2737068965517241,0,0,0.0,1856,,1980456,Epuyen/18-19_Patient_7_12/7/18,,Argentina,,,COMPLETE,S,,False
MN258225.1,MN258225,"MN258225.1 Orthohantavirus andesense isolate NRC-3/18_06/01/1997 segment S, complete sequence",andes_1980456,andes,Orthohantavirus andesense,1980456,Orthohantavirus andesense,1980456,S,1857,0.421875,93171da4d2043ec6ddac736d37e1cf9b46b1dcd081c7c3c40704ce0d3fe1a35e,within_expected_range,0.2990301724137931,0.1971982758620689,0.224676724137931,0.2790948275862069,1,0,0.0005385029617662,1857,,1980456,NRC-3/18_06/01/1997,,Argentina,,,COMPLETE,S,,False
MN258227.1,MN258227,"MN258227.1 Orthohantavirus andesense isolate NRC-5/18_06/01/2018 segment S, complete sequence",andes_1980456,andes,Orthohantavirus andesense,1980456,Orthohantavirus andesense,1980456,S,1857,0.4178782983306408,ea7185ee155199b4d3511597679da2f43bf0e1710ffe46858daa14bfc5ff5f24,within_expected_range,0.3031771674744211,0.1965535810446957,0.221324717285945,0.2789445341949381,0,0,0.0,1857,,1980456,NRC-5/18_06/01/2018,,Argentina,,,COMPLETE,S,,False
EF571895.1,EF571895,"EF571895.1 Araraquara-like virus strain P5/Cajuru segment S, complete sequence",andes_1980456,andes,Orthohantavirus andesense,1980456,Orthohantavirus andesense,443745,S,1858,0.4472551130247578,6a24abc791f7c00e5633be30b86cbc0ad27013ab38e6f93a88093e26a1dfd1c0,within_expected_range,0.2922497308934338,0.2330462863293864,0.2142088266953713,0.2604951560818084,0,0,0.0,1858,,443745,P5/Cajuru,,Brazil: Sao Paulo State,,,COMPLETE,S,,False
MN258245.1,MN258245,"MN258245.1 Orthohantavirus andesense isolate Epuyen/18-19_Patient_26_1/4/19 segment S, complete sequence",andes_1980456,andes,Orthohantavirus andesense,1980456,Orthohantavirus andesense,1980456,S,1858,0.4278794402583423,ea661c1dec20396cc2906d5b0de421c6b61ce490e07220eea748a428ca28c168,within_expected_range,0.2981700753498385,0.2023681377825619,0.2255113024757804,0.2739504843918192,0,0,0.0,1858,,1980456,Epuyen/18-19_Patient_26_1/4/19,,Argentina,,,COMPLETE,S,,False
MN258255.1,MN258255,"MN258255.1 Orthohantavirus andesense isolate Epuyen/18-19_Patient_8_12/13/18 segment S, complete sequence",andes_1980456,andes,Orthohantavirus andesense,1980456,Orthohantavirus andesense,1980456,S,1858,0.4278794402583423,bc42834534ae7b20864522a62044266224dbe57f917ccf82536cef9b3ecafd93,within_expected_range,0.2981700753498385,0.2023681377825619,0.2255113024757804,0.2739504843918192,0,0,0.0,1858,,1980456,Epuyen/18-19_Patient_8_12/13/18,,Argentina,,,COMPLETE,S,,False
MN258235.1,MN258235,"MN258235.1 Orthohantavirus andesense isolate Epuyen/18-19_Patient_16_12/28/18 segment S, complete sequence",andes_1980456,andes,Orthohantavirus andesense,1980456,Orthohantavirus andesense,1980456,S,1859,0.4271113501882733,cbe33bf364363441423a75725c819aafa9df4c6b963afb3e9b2733b3f077078d,within_expected_range,0.2985476062399139,0.2017213555675094,0.2253899946207638,0.2743410435718128,0,0,0.0,1859,,1980456,Epuyen/18-19_Patient_16_12/28/18,,Argentina,,,COMPLETE,S,,False
AF482717.1,AF482717,"AF482717.1 Pergamino virus strain 14403 segment S, complete sequence",andes_1980456,andes,Orthohantavirus andesense,1980456,Orthohantavirus andesense,69248,S,1860,0.4064516129032258,4e71a45be56da840d8b5fc233c0e05a21e1878326014eb339d4d7ca59557ea6f,within_expected_range,0.3134408602150537,0.1940860215053763,0.2123655913978494,0.2801075268817204,0,0,0.0,1860,,69248,14403,,,,,COMPLETE,S,,False
MN258226.1,MN258226,"MN258226.1 Orthohantavirus andesense isolate NRC-4/18_06/01/2018 segment S, complete sequence",andes_1980456,andes,Orthohantavirus andesense,1980456,Orthohantavirus andesense,1980456,S,1860,0.4228079612694997,6300caa99ebc533cd15e3a5f8f3ad19fb872f7c1f7751af55dbbb0ae4e386701,within_expected_range,0.2990855298547606,0.1974179666487358,0.2253899946207638,0.2781065088757396,1,0,0.0005376344086021,1860,,1980456,NRC-4/18_06/01/2018,,Argentina,,,COMPLETE,S,,False
MN850086.1,MN850086,"MN850086.1 Orthohantavirus andesense strain ARCH14/NRC1 segment S, complete sequence",andes_1980456,andes,Orthohantavirus andesense,1980456,Orthohantavirus andesense,1980456,S,1860,0.4188172043010753,57993389023af87ad3e1e4dc90d1a104291cb2f67ec0e0e9220c246dabb9b406,within_expected_range,0.3032258064516129,0.1994623655913978,0.2193548387096774,0.2779569892473118,0,0,0.0,1860,,1980456,ARCH14/NRC1,,,,,COMPLETE,S,,False
MN258236.1,MN258236,"MN258236.1 Orthohantavirus andesense isolate Epuyen/18-19_Patient_17_12/31/18 segment S, complete sequence",andes_1980456,andes,Orthohantavirus andesense,1980456,Orthohantavirus andesense,1980456,S,1861,0.4277270284793122,7e01b59dfb4f5d2c5b3fb756f36f21918fac37486fb59f887fefc9a427932464,within_expected_range,0.2982267598065556,0.2020419129500268,0.2256851155292853,0.2740462117141322,0,0,0.0,1861,,1980456,Epuyen/18-19_Patient_17_12/31/18,,Argentina,,,COMPLETE,S,,False
MN258248.1,MN258248,"MN258248.1 Orthohantavirus andesense isolate Epuyen/18-19_Patient_29_1/14/19 segment S, complete sequence",andes_1980456,andes,Orthohantavirus andesense,1980456,Orthohantavirus andesense,1980456,S,1861,0.4271896829661472,263a9ecdb8e872371c56b649832d426e9fdfe7e1cbf63464cd357ff326f88a9d,within_expected_range,0.2982267598065556,0.2015045674368619,0.2256851155292853,0.2745835572272971,0,0,0.0,1861,,1980456,Epuyen/18-19_Patient_29_1/14/19,,Argentina,,,COMPLETE,S,,False
PV808476.1,PV808476,"PV808476.1 Orthohantavirus andesense isolate CHI-Hu13724_P2 segment S, complete sequence",andes_1980456,andes,Orthohantavirus andesense,1980456,Orthohantavirus andesense,1980456,S,1861,0.4175174637291778,eb626b856ffbbed3d0f12905a00450f5eee0ace17c7771332b16e693f2b39106,within_expected_range,0.3025255239118753,0.1972058033315422,0.2203116603976356,0.2799570123589468,0,0,0.0,1861,,1980456,CHI-Hu13724_P2,,Chile,,2024-07-30,COMPLETE,S,,False
MN258240.1,MN258240,"MN258240.1 Orthohantavirus andesense isolate Epuyen/18-19_Patient_20_1/1/19 segment S, complete sequence",andes_1980456,andes,Orthohantavirus andesense,1980456,Orthohantavirus andesense,1980456,S,1862,0.4280343716433942,ab9bd28ea23f496f7a0ab728b8a2beb43bff3522a29a3de8b4b471b4b131314b,within_expected_range,0.2980665950590763,0.2019334049409237,0.2261009667024704,0.2738990332975295,0,0,0.0,1862,,1980456,Epuyen/18-19_Patient_20_1/1/19,,Argentina,,,COMPLETE,S,,False
MN258241.1,MN258241,"MN258241.1 Orthohantavirus andesense isolate Epuyen/18-19_Patient_22_1/1/19 segment S, complete sequence",andes_1980456,andes,Orthohantavirus andesense,1980456,Orthohantavirus andesense,1980456,S,1863,0.428341384863124,7182dcc4b8266f5c519e88daa4828e1202655d16d8e87be7aadb2803ff2c95e7,within_expected_range,0.298443370907139,0.2028985507246377,0.2254428341384863,0.273215244229737,0,0,0.0,1863,,1980456,Epuyen/18-19_Patient_22_1/1/19,,Argentina,,,COMPLETE,S,,False
MN258238.1,MN258238,"MN258238.1 Orthohantavirus andesense isolate Epuyen/18-19_Patient_19_1/2/19 segment S, complete sequence",andes_1980456,andes,Orthohantavirus andesense,1980456,Orthohantavirus andesense,1980456,S,1865,0.427882037533512,6fd29ea420cd09c0a6d6c43a039d7587cfb4bac17654f075dc8ffec878c7f459,within_expected_range,0.2981233243967828,0.2016085790884718,0.2262734584450402,0.2739946380697051,0,0,0.0,1865,,1980456,Epuyen/18-19_Patient_19_1/2/19,,Argentina,,,COMPLETE,S,,False
PV808467.1,PV808467,"PV808467.1 Orthohantavirus andesense isolate 137 segment S, complete sequence",andes_1980456,andes,Orthohantavirus andesense,1980456,Orthohantavirus andesense,1980456,S,1865,0.4176943699731903,2c2e9f8b6efc1a45fc6c2d46ce422da748ff22f2607b8d1974c86ac89b69a897,within_expected_range,0.3024128686327078,0.1967828418230563,0.220911528150134,0.2798927613941018,0,0,0.0,1865,,1980456,137,,Chile: Region de los Rios,,2024-06-27,COMPLETE,S,,False
MN258253.1,MN258253,"MN258253.1 Orthohantavirus andesense isolate Epuyen/18-19_Patient_6_11/25/18 segment S, complete sequence",andes_1980456,andes,Orthohantavirus andesense,1980456,Orthohantavirus andesense,1980456,S,1866,0.427652733118971,0eeacbdc83c34787e35b4f40c23b3a9c5538454be21bc6c25dd9b30918c0a350,within_expected_range,0.2984994640943194,0.202572347266881,0.22508038585209,0.2738478027867095,0,0,0.0,1866,,1980456,Epuyen/18-19_Patient_6_11/25/18,,Argentina,,,COMPLETE,S,,False
MN258223.1,MN258223,"MN258223.1 Orthohantavirus andesense isolate Epilink/96_2/6/19 segment S, complete sequence",andes_1980456,andes,Orthohantavirus andesense,1980456,Orthohantavirus andesense,1980456,S,1867,0.4235924932975871,f5049e5a897b5dc98810a81abbd4920ce3200add36057be654ebaa1312c0a417,within_expected_range,0.2997319034852547,0.1989276139410187,0.2246648793565683,0.2766756032171582,2,0,0.0010712372790573,1867,,1980456,Epilink/96_2/6/19,,Argentina,,,COMPLETE,S,,False
MN258228.1,MN258228,"MN258228.1 Orthohantavirus andesense isolate NRC-6/18_05/21/18 segment S, complete sequence",andes_1980456,andes,Orthohantavirus andesense,1980456,Orthohantavirus andesense,1980456,S,1867,0.4236743438671665,03f2e43ff13819b037015a5d3aaca0e0476da9421c220987080c154c322332f9,within_expected_range,0.2983395822174611,0.1981788966256025,0.225495447241564,0.2779860739153723,0,0,0.0,1867,,1980456,NRC-6/18_05/21/18,,Argentina,,,COMPLETE,S,,False
MN258256.1,MN258256,"MN258256.1 Orthohantavirus andesense isolate Epuyen/18-19_Patient_9_12/12/18 segment S, complete sequence",andes_1980456,andes,Orthohantavirus andesense,1980456,Orthohantavirus andesense,1980456,S,1868,0.4274236743438672,760d4a93215457dc9019b1665943b47ed5f2ba2bcfe0499c1f797d6de1e2bf1f,within_expected_range,0.2983395822174611,0.2019282271023031,0.225495447241564,0.2742367434386716,1,0,0.0005353319057815,1868,,1980456,Epuyen/18-19_Patient_9_12/12/18,,Argentina,,,COMPLETE,S,,False
AF482716.1,AF482716,"AF482716.1 Maciel virus strain 13796 segment S, complete sequence",andes_1980456,andes,Orthohantavirus andesense,1980456,Orthohantavirus andesense,69246,S,1869,0.4210807918673087,89c842d72cf7c6872cecbf0720e3efd726d196818919327da1563cf1ede0594a,within_expected_range,0.2990904226859283,0.1888710540395933,0.2322097378277153,0.279828785446763,0,0,0.0,1869,,69246,13796,,,,,COMPLETE,S,,False
PV808473.1,PV808473,"PV808473.1 Orthohantavirus andesense isolate CHI-Hu13724_P1 segment S, complete sequence",andes_1980456,andes,Orthohantavirus andesense,1980456,Orthohantavirus andesense,1980456,S,1869,0.4173354735152488,18786c43aa06720ab83930ff93a0e2dc2f92281c5bfab54213292bbb40473067,within_expected_range,0.3023006955591225,0.1963616907437132,0.2209737827715356,0.2803638309256286,0,0,0.0,1869,,1980456,CHI-Hu13724_P1,,Chile,,2024-07-24,COMPLETE,S,,False
PV796316.1,PV796316,"PV796316.1 Orthohantavirus andesense isolate 136 segment S, complete sequence",andes_1980456,andes,Orthohantavirus andesense,1980456,Orthohantavirus andesense,1980456,S,1870,0.4171122994652406,e066b54f5beff3bbf06edfa9491dac08c9fa5d95ecce15c5fe82f954d063249b,within_expected_range,0.3026737967914438,0.1973262032085561,0.2197860962566845,0.2802139037433155,0,0,0.0,1870,,1980456,136,,Chile: Region de Los Rios,,2024-06-27,COMPLETE,S,,False
PV808470.1,PV808470,"PV808470.1 Orthohantavirus andesense isolate CHI-7913 segment S, complete sequence",andes_1980456,andes,Orthohantavirus andesense,1980456,Orthohantavirus andesense,1980456,S,1872,0.4204059829059829,c12da7b993c5f2ada1d5cf56ea94f200cf2c5918794bdda56877c6e7886b3847,within_expected_range,0.3002136752136752,0.1981837606837606,0.2222222222222222,0.2793803418803419,0,0,0.0,1872,,1980456,CHI-7913,,Chile,,1999,COMPLETE,S,,False
MN850084.1,MN850084,"MN850084.1 Orthohantavirus andesense strain AREB14/P2 segment S, complete sequence",andes_1980456,andes,Orthohantavirus andesense,1980456,Orthohantavirus andesense,1980456,S,1876,0.423773987206823,47da0d3dd76a117a21ebf3e822a4591b934fb1f6d5bec8254163d7982f0a3873,within_expected_range,0.3001066098081023,0.1998933901918976,0.2238805970149253,0.2761194029850746,0,0,0.0,1876,,1980456,AREB14/P2,,,,,COMPLETE,S,,False
OR908890.1,OR908890,"OR908890.1 Orthohantavirus andesense isolate BA16_LJC1557 segment S, complete sequence",andes_1980456,andes,Orthohantavirus andesense,1980456,Orthohantavirus andesense,1980456,S,1877,0.4166222695791156,75895b623760b605fc2018b38c942a1d9e0464717823e32d59222054201527ce,within_expected_range,0.3068726691529035,0.1955247735748534,0.2210974960042621,0.2765050612679808,0,0,0.0,1877,,1980456,BA16_LJC1557,,Argentina: Buenos Aires,,2002,COMPLETE,S,,False
OR875982.1,OR875982,"OR875982.1 Orthohantavirus andesense isolate BA02_SMM484 segment S, complete sequence",andes_1980456,andes,Orthohantavirus andesense,1980456,Orthohantavirus andesense,1980456,S,1881,0.4210526315789473,2b1292214a18af36a58bea944d43acf820bf38f1032fe47d75b6a58ff45cfb8b,within_expected_range,0.303030303030303,0.1972355130249867,0.2238171185539606,0.2759170653907496,0,0,0.0,1881,,1980456,BA02_SMM484,,Argentina: Buenos Aires,,2002,COMPLETE,S,,False
OR908885.1,OR908885,"OR908885.1 Orthohantavirus andesense isolate BA02_VVD480 segment S, complete sequence",andes_1980456,andes,Orthohantavirus andesense,1980456,Orthohantavirus andesense,1980456,S,1881,0.4215842636895268,4efcc26727e23bec756e9ce7b8fd22c11f127ac90ce2619ef8f68572a0b7dabb,within_expected_range,0.3051568314726209,0.1993620414673046,0.2222222222222222,0.2732589048378522,0,0,0.0,1881,,1980456,BA02_VVD480,,Argentina: Buenos Aires,,2002,COMPLETE,S,,False
OR908884.1,OR908884,"OR908884.1 Orthohantavirus andesense isolate BA02_VVN481 segment S, complete sequence",andes_1980456,andes,Orthohantavirus andesense,1980456,Orthohantavirus andesense,1980456,S,1886,0.4209968186638388,d4021337341514509ada41a788e7e3e8f173e4df6de99d389ec29c6edba8e577,within_expected_range,0.3054082714740191,0.1983032873806998,0.2226935312831389,0.2735949098621421,0,0,0.0,1886,,1980456,BA02_VVN481,,Argentina: Buenos Aires,,2002,COMPLETE,S,,False
OR908887.1,OR908887,"OR908887.1 Orthohantavirus andesense isolate BA02_VO483 segment S, complete sequence",andes_1980456,andes,Orthohantavirus andesense,1980456,Orthohantavirus andesense,1980456,S,1887,0.4207737148913619,ffa164fe25d2a4eb04e03c40ad21b29673a4c9f10e8c086c808dd9356870dd8b,within_expected_range,0.305776364599894,0.1981981981981982,0.2225755166931637,0.273449920508744,0,0,0.0,1887,,1980456,BA02_VO483,,Argentina: Buenos Aires,,2002,COMPLETE,S,,False
OR908888.1,OR908888,"OR908888.1 Orthohantavirus andesense isolate BA02_AOA490 segment S, complete sequence",andes_1980456,andes,Orthohantavirus andesense,1980456,Orthohantavirus andesense,1980456,S,1887,0.4218335983041865,66364e0737bdd65d97dbbc005443aedd68ac02ee2d14c240c2fe331fbb791d6c,within_expected_range,0.3052464228934817,0.1992580816110228,0.2225755166931637,0.2729199788023317,0,0,0.0,1887,,1980456,BA02_AOA490,,Argentina: Buenos Aires,,2002,COMPLETE,S,,False
OR908898.1,OR908898,"OR908898.1 Orthohantavirus andesense isolate BA18-LD1633 segment S, complete sequence",andes_1980456,andes,Orthohantavirus andesense,1980456,Orthohantavirus andesense,1980456,S,1889,0.4155637903652726,e432c49d7884f130666e4501ad243e67766444334e0ede5ec750287aeb0857f0,within_expected_range,0.3107464266807835,0.196929592376919,0.2186341979883536,0.2736897829539438,0,0,0.0,1889,,1980456,BA18-LD1633,,Argentina: Buenos Aires,,2018,COMPLETE,S,,False
OR908897.1,OR908897,"OR908897.1 Orthohantavirus andesense isolate BA18-RR1620 segment S, complete sequence",andes_1980456,andes,Orthohantavirus andesense,1980456,Orthohantavirus andesense,1980456,S,1911,0.4160125588697017,10c4ebb24d823a08e2768ddd350aa67e43022656654298069f13eaddcf815b3e,within_expected_range,0.3092621664050236,0.1993720565149136,0.216640502354788,0.2747252747252747,0,0,0.0,1911,,1980456,BA18-RR1620,,Argentina: Buenos Aires,,2018,COMPLETE,S,,False
OQ092245.1,OQ092245,"OQ092245.1 Andes orthohantavirus strain VARS/22-01 segment S, complete sequence",andes_1980456,andes,Orthohantavirus andesense,1980456,Orthohantavirus andesense,1980456,S,1912,0.4110878661087866,238bd6ea1af7800c76dcf6b91009032242177931ce9c4452b2a481b1c04630ae,within_expected_range,0.3143305439330544,0.1982217573221757,0.2128661087866108,0.274581589958159,0,0,0.0,1912,,1980456,VARS/22-01,,Brazil,,2022-12-09,COMPLETE,S,,False
AF482715.1,AF482715,"AF482715.1 Oran virus strain 22996 segment S, complete sequence",andes_1980456,andes,Orthohantavirus andesense,1980456,Orthohantavirus andesense,69247,S,1919,0.4205315268368942,476b056b0cf9b44110d0c7d1cdae139e8a7ba3860f77ff111329e05c5246ccfa,within_expected_range,0.3110995310057322,0.2032308494007295,0.2173006774361646,0.2683689421573736,0,0,0.0,1919,,69247,22996,,,,,COMPLETE,S,,False
OR908896.1,OR908896,"OR908896.1 Orthohantavirus andesense isolate ER19-SP1693 segment S, complete sequence",andes_1980456,andes,Orthohantavirus andesense,1980456,Orthohantavirus andesense,1980456,S,1925,0.4119480519480519,e2fd1a9356eddc4c3c99072fc0b6c07b6e569565be69609765d7d53d9aa5d44e,within_expected_range,0.3137662337662337,0.1953246753246753,0.2166233766233766,0.2742857142857143,0,0,0.0,1925,,1980456,ER19-SP1693,,Argentina: Entre Rios,,2019,COMPLETE,S,,False
AF482713.1,AF482713,"AF482713.1 Bermejo virus strain Oc22531 segment S, complete sequence",andes_1980456,andes,Orthohantavirus andesense,1980456,Orthohantavirus andesense,69243,S,1933,0.4138644593895499,3f7852084510c9c55dc1946480062ec3df78a7ecf0db99fbb4eafe2327949bbd,within_expected_range,0.3109156751163994,0.1971029487842731,0.2167615106052767,0.2752198654940507,0,0,0.0,1933,,69243,Oc22531,,,,,COMPLETE,S,,False
AF482714.1,AF482714,"AF482714.1 Lechiguanas virus strain 22819 segment S, complete sequence",andes_1980456,andes,Orthohantavirus andesense,1980456,Orthohantavirus andesense,69245,S,1938,0.413312693498452,e8df31f5edb2d81c13e579aad30bfe5ca23fbb4e0a7187afaf0caaab2acb6ee0,within_expected_range,0.3121775025799793,0.196078431372549,0.217234262125903,0.2745098039215686,0,0,0.0,1938,,69245,22819,,,,,COMPLETE,S,,False
OR890439.1,OR890439,"OR890439.1 Orthohantavirus andesense isolate ARG-OF.53 segment S, complete sequence",andes_1980456,andes,Orthohantavirus andesense,1980456,Orthohantavirus andesense,1980456,S,1938,0.4158926728586171,a1cf1aa900cb3a12916ff5f2df97893bb465aa81284877e6cac41cce8a069825,within_expected_range,0.3121775025799793,0.2002063983488132,0.2156862745098039,0.2719298245614035,0,0,0.0,1938,,1980456,Lechiguanas,,Argentina,,2022,COMPLETE,S,,False
MK548693.1,MK548693,"MK548693.1 Orthohantavirus hantanense strain Aa16-181-R segment L, complete sequence",hantaan_3052480,hantaan,Orthohantavirus hantanense,3052480,Orthohantavirus hantanense,3052480,L,6486,0.3707986432315757,9aa015b040a1e8d9958d9b65ead4502ce2f02c7ef0d2e805d60f0fc1317b9362,within_expected_range,0.3345667591736047,0.1615787850755473,0.2092198581560283,0.2946345975948196,0,0,0.0,6486,,3052480,Aa16-181-R,,South Korea,,2016-11-25,COMPLETE,L,,False
MK548698.1,MK548698,"MK548698.1 Orthohantavirus hantanense strain Aa17-52-R segment L, complete sequence",hantaan_3052480,hantaan,Orthohantavirus hantanense,3052480,Orthohantavirus hantanense,3052480,L,6487,0.3712039463542469,e52eafed14b5a53099087e3c013fb66114293246214671315823442e14bcec41,within_expected_range,0.3359025743795283,0.1624788037613689,0.208725142592878,0.2928934792662248,0,0,0.0,6487,,3052480,Aa17-52-R,,South Korea,,2017-04-18,COMPLETE,L,,False
OR113707.1,OR113707,"OR113707.1 Orthohantavirus hantanense strain Aa17-1_CU segment L, complete sequence",hantaan_3052480,hantaan,Orthohantavirus hantanense,3052480,Orthohantavirus hantanense,3052480,L,6490,0.3773497688751926,62f638b3cf12149e783d60ef80a1844a283a88b1fd4581415306a6e4eb1825e9,within_expected_range,0.3305084745762712,0.1628659476117103,0.2144838212634822,0.2921417565485362,0,0,0.0,6490,,3052480,Aa17-1_CU,,South Korea: Gwangju-si,,2017-09,COMPLETE,L,,False
OR113708.1,OR113708,"OR113708.1 Orthohantavirus hantanense strain Aa19-40_CU segment L, complete sequence",hantaan_3052480,hantaan,Orthohantavirus hantanense,3052480,Orthohantavirus hantanense,3052480,L,6490,0.3747303543913713,199a8d06648ba63d142bf1a8b5e4ac4f0d9c5995a804dd23a5e7d90ddfda66ff,within_expected_range,0.3312788906009245,0.1622496147919876,0.2124807395993836,0.2939907550077041,0,0,0.0,6490,,3052480,Aa19-40_CU,,South Korea: Boseong-gun,,2019-06,COMPLETE,L,,False
OR113709.1,OR113709,"OR113709.1 Orthohantavirus hantanense strain Aa19-96_CU segment L, complete sequence",hantaan_3052480,hantaan,Orthohantavirus hantanense,3052480,Orthohantavirus hantanense,3052480,L,6490,0.374884437596302,3d8b908b8e9d480730d92a243a955014020875c91f8ba433d92394166f0076cc,within_expected_range,0.3306625577812018,0.1617873651771957,0.2130970724191063,0.2944530046224961,0,0,0.0,6490,,3052480,Aa19-96_CU,,South Korea: Boseong-gun,,2019-10,COMPLETE,L,,False
OR113710.1,OR113710,"OR113710.1 Orthohantavirus hantanense strain Aa19-102_CU segment L, complete sequence",hantaan_3052480,hantaan,Orthohantavirus hantanense,3052480,Orthohantavirus hantanense,3052480,L,6490,0.3742681047765793,cd1873d40ff7cd4cbb48457d5ec4c05992f29f27a49235035bdd311770d858b3,within_expected_range,0.3311248073959938,0.161171032357473,0.2130970724191063,0.2946070878274268,0,0,0.0,6490,,3052480,Aa19-102_CU,,South Korea: Boseong-gun,,2019-10,COMPLETE,L,,False
OR113711.1,OR113711,"OR113711.1 Orthohantavirus hantanense strain Aa19-106_CU segment L, complete sequence",hantaan_3052480,hantaan,Orthohantavirus hantanense,3052480,Orthohantavirus hantanense,3052480,L,6490,0.3745762711864406,37f2f740332b4091fed2d8ecabcffaad9b3ecebccdbed4c3a352ad14dbe9839f,within_expected_range,0.3306625577812018,0.1617873651771957,0.212788906009245,0.2947611710323575,0,0,0.0,6490,,3052480,Aa19-106_CU,,South Korea: Boseong-gun,,2019-11,COMPLETE,L,,False
OR113712.1,OR113712,"OR113712.1 Orthohantavirus hantanense strain Aa19-109_CU segment L, complete sequence",hantaan_3052480,hantaan,Orthohantavirus hantanense,3052480,Orthohantavirus hantanense,3052480,L,6490,0.3775038520801232,ea42da19a4494d1c5c1c9e351d1d60d5e676266cc5fb7196ce52f07500225d02,within_expected_range,0.3300462249614792,0.1636363636363636,0.2138674884437596,0.2924499229583975,0,0,0.0,6490,,3052480,Aa19-109_CU,,South Korea: Boseong-gun,,2019-11,COMPLETE,L,,False
OR113713.1,OR113713,"OR113713.1 Orthohantavirus hantanense strain CUH_2020-003 segment L, complete sequence",hantaan_3052480,hantaan,Orthohantavirus hantanense,3052480,Orthohantavirus hantanense,3052480,L,6490,0.3741140215716487,4fefa4b8ca5aa0d97b9272c95bf512c1c16249b561a18f45648a3e2a02400274,within_expected_range,0.3305084745762712,0.1604006163328197,0.2137134052388289,0.2953775038520801,0,0,0.0,6490,,3052480,CUH_2020-003,,South Korea,,2020-01,COMPLETE,L,,False
OR113714.1,OR113714,"OR113714.1 Orthohantavirus hantanense strain CUH_2020-509 segment L, complete sequence",hantaan_3052480,hantaan,Orthohantavirus hantanense,3052480,Orthohantavirus hantanense,3052480,L,6490,0.3767334360554699,05cbca14a36a1ef9cc0455670f372d0ff575c2017f5fcc5d7b791e2d4f20be95,within_expected_range,0.3295839753466872,0.163020030816641,0.2137134052388289,0.2936825885978428,0,0,0.0,6490,,3052480,CUH_2020-509,,South Korea,,2020-06,COMPLETE,L,,False
OR113715.1,OR113715,"OR113715.1 Orthohantavirus hantanense strain CUH_2021-1167 segment L, complete sequence",hantaan_3052480,hantaan,Orthohantavirus hantanense,3052480,Orthohantavirus hantanense,3052480,L,6490,0.374884437596302,a0d0c78060e3633876a639aed3a0d0e8b7fef58dec42395ef5107b7db64b6bd1,within_expected_range,0.3312788906009245,0.1617873651771957,0.2130970724191063,0.2938366718027735,0,0,0.0,6490,,3052480,CUH_2021-1167,,South Korea,,2021-11,COMPLETE,L,,False
OR113736.1,OR113736,"OR113736.1 Orthohantavirus hantanense strain CUH_2017-1155 segment L, complete sequence",hantaan_3052480,hantaan,Orthohantavirus hantanense,3052480,Orthohantavirus hantanense,3052480,L,6490,0.3773497688751926,31190672d07a6741d5f3fb695725c998480af3dbee0597ed86128669eef3a707,within_expected_range,0.3288135593220339,0.1631741140215716,0.2141756548536209,0.2938366718027735,0,0,0.0,6490,,3052480,CUH_2017-1155,,South Korea,,2017-11,COMPLETE,L,,False
OR113739.1,OR113739,"OR113739.1 Orthohantavirus hantanense strain CUH_2018-603 segment L, complete sequence",hantaan_3052480,hantaan,Orthohantavirus hantanense,3052480,Orthohantavirus hantanense,3052480,L,6490,0.3768875192604006,115969743dc857f58697aafac3e3cdaac29bf45120724c4182e3ed83edd47db5,within_expected_range,0.3283513097072419,0.161633281972265,0.2152542372881355,0.2947611710323575,0,0,0.0,6490,,3052480,CUH_2018-603,,South Korea,,2018-07,COMPLETE,L,,False
OR113742.1,OR113742,"OR113742.1 Orthohantavirus hantanense strain CUH_2021-1188 segment L, complete sequence",hantaan_3052480,hantaan,Orthohantavirus hantanense,3052480,Orthohantavirus hantanense,3052480,L,6490,0.3768875192604006,3d7a1ab22343bfde38fddfa92837800bc87f1c17f03af056b42877a637e69375,within_expected_range,0.3302003081664099,0.1631741140215716,0.2137134052388289,0.2929121725731895,0,0,0.0,6490,,3052480,CUH_2021-1188,,South Korea,,2021-12,COMPLETE,L,,False
MK548691.1,MK548691,"MK548691.1 Orthohantavirus hantanense strain Aa16-19-R segment L, complete sequence",hantaan_3052480,hantaan,Orthohantavirus hantanense,3052480,Orthohantavirus hantanense,3052480,L,6510,0.3698924731182795,04f1dc0c7dd911bd13137687e01e13a0a482bed51b9aa0d0930bacc1ac8d181d,within_expected_range,0.3353302611367127,0.1609831029185867,0.2089093701996927,0.2947772657450077,0,0,0.0,6510,,3052480,Aa16-19-R,,South Korea,,2016-06-21,COMPLETE,L,,False
MK548696.1,MK548696,"MK548696.1 Orthohantavirus hantanense strain Aa17-48-R segment L, complete sequence",hantaan_3052480,hantaan,Orthohantavirus hantanense,3052480,Orthohantavirus hantanense,3052480,L,6511,0.370910766395331,e62e18620fd0c6c0fcaac0934fc01eca1b6ce31f10db06c5f4b0bb4af5b6818d,within_expected_range,0.3357395177392105,0.1626478267547227,0.2082629396406082,0.2933497158654584,0,0,0.0,6511,,3052480,Aa17-48-R,,South Korea,,2017-04-18,COMPLETE,L,,False
KT934956.1,KT934956,"KT934956.1 Orthohantavirus hantanense isolate Aa03-161 RNA-dependent RNA polymerase gene, complete cds",hantaan_3052480,hantaan,Orthohantavirus hantanense,3052480,Orthohantavirus hantanense,3052480,L,6530,0.370750382848392,f5cb57dcdb8d5b79a9ccd3e15b5f7091bb91ad756648bb75933d7c0816408a45,within_expected_range,0.3344563552833078,0.1614088820826952,0.2093415007656968,0.2947932618683001,0,0,0.0,6530,,3052480,Aa03-161,,South Korea,,2003-03-25,COMPLETE,L,,False
KT934957.1,KT934957,"KT934957.1 Orthohantavirus hantanense isolate Aa03-386 RNA-dependent RNA polymerase gene, complete cds",hantaan_3052480,hantaan,Orthohantavirus hantanense,3052480,Orthohantavirus hantanense,3052480,L,6530,0.3709035222052067,c02f259b44c4057768b602b1cbd620b9db991434d232b8c70787b5a66a34fa0c,within_expected_range,0.3341500765696784,0.1612557427258805,0.2096477794793262,0.2949464012251148,0,0,0.0,6530,,3052480,Aa03-386,,South Korea,,2003-06-09,COMPLETE,L,,False
KT934959.1,KT934959,"KT934959.1 Orthohantavirus hantanense isolate Aa05-190 RNA-dependent RNA polymerase gene, complete cds",hantaan_3052480,hantaan,Orthohantavirus hantanense,3052480,Orthohantavirus hantanense,3052480,L,6530,0.3675344563552833,bd787fde94903dc4fe8a862d0b562ec27e2a84b23b4b4a0917a4bf196bc67435,within_expected_range,0.3367534456355283,0.1601837672281776,0.2073506891271056,0.2957120980091883,0,0,0.0,6530,,3052480,Aa05-190,,South Korea,,2005-03-22,COMPLETE,L,,False
KT934960.1,KT934960,"KT934960.1 Orthohantavirus hantanense isolate Aa05-241 RNA-dependent RNA polymerase gene, complete cds",hantaan_3052480,hantaan,Orthohantavirus hantanense,3052480,Orthohantavirus hantanense,3052480,L,6530,0.3678407350689127,3347c598d6c231c27d00d814c5d9d9d2778c35749a23ae963fec445a8cf8c79d,within_expected_range,0.3364471669218989,0.1601837672281776,0.207656967840735,0.2957120980091883,0,0,0.0,6530,,3052480,Aa05-241,,South Korea,,2005-03-24,COMPLETE,L,,False
KT934962.1,KT934962,"KT934962.1 Orthohantavirus hantanense isolate Aa05-331 RNA-dependent RNA polymerase gene, complete cds",hantaan_3052480,hantaan,Orthohantavirus hantanense,3052480,Orthohantavirus hantanense,3052480,L,6530,0.3710566615620214,e2c41fe380ee0f5b7a1fecafc4e5d9a03b29b349ba2beb4c86284d59fbfc4292,within_expected_range,0.3341500765696784,0.1615620214395099,0.2094946401225114,0.2947932618683001,0,0,0.0,6530,,3052480,Aa05-331,,South Korea,,2005-06-21,COMPLETE,L,,False
KT934963.1,KT934963,"KT934963.1 Orthohantavirus hantanense isolate Aa05-771 RNA-dependent RNA polymerase gene, complete cds",hantaan_3052480,hantaan,Orthohantavirus hantanense,3052480,Orthohantavirus hantanense,3052480,L,6530,0.3709035222052067,f8cb9df36899a8ee5d3ebed8efed281e42460fd77e52a35b41dbb10d5a2b2386,within_expected_range,0.3341500765696784,0.1614088820826952,0.2094946401225114,0.2949464012251148,0,0,0.0,6530,,3052480,Aa05-771,,South Korea,,2005-09-08,COMPLETE,L,,False
KT934965.1,KT934965,"KT934965.1 Orthohantavirus hantanense isolate Aa09-652 RNA-dependent RNA polymerase gene, complete cds",hantaan_3052480,hantaan,Orthohantavirus hantanense,3052480,Orthohantavirus hantanense,3052480,L,6530,0.3699846860643185,3dc3f3053ec6c7e25e27bc756458f94a8e2d3b62ca5ff2584a782e96f6e45c33,within_expected_range,0.3352220520673813,0.1611026033690658,0.2088820826952526,0.2947932618683001,0,0,0.0,6530,,3052480,Aa09-652,,South Korea,,2009-04-30,COMPLETE,L,,False
KT934966.1,KT934966,"KT934966.1 Orthohantavirus hantanense isolate Aa09-948 RNA-dependent RNA polymerase gene, complete cds",hantaan_3052480,hantaan,Orthohantavirus hantanense,3052480,Orthohantavirus hantanense,3052480,L,6530,0.3699846860643185,184276e6dcab6c7576dc0ae0f694bdb7d843e40d06ac53cb13f4ce945900b45a,within_expected_range,0.3349157733537519,0.1607963246554364,0.209188361408882,0.2950995405819295,0,0,0.0,6530,,3052480,Aa09-948,,South Korea,,2009-06-24,COMPLETE,L,,False
KT934967.1,KT934967,"KT934967.1 Orthohantavirus hantanense isolate Aa09-1000 RNA-dependent RNA polymerase gene, complete cds",hantaan_3052480,hantaan,Orthohantavirus hantanense,3052480,Orthohantavirus hantanense,3052480,L,6530,0.3698315467075038,a8b3a0732e949720e2aa3e6be4c105387006981e60b3a1b319edfb0dd36fb63e,within_expected_range,0.3352220520673813,0.1609494640122511,0.2088820826952526,0.2949464012251148,0,0,0.0,6530,,3052480,Aa09-1000,,South Korea,,2009-06-24,COMPLETE,L,,False
KT934968.1,KT934968,"KT934968.1 Orthohantavirus hantanense isolate Aa10-123 RNA-dependent RNA polymerase gene, complete cds",hantaan_3052480,hantaan,Orthohantavirus hantanense,3052480,Orthohantavirus hantanense,3052480,L,6530,0.3702909647779479,84f44d8dd41c69e6ae28d1bb159fbd1dd921fc95d7478467114b1ca00f38390f,within_expected_range,0.3343032159264931,0.1606431852986217,0.2096477794793262,0.295405819295559,0,0,0.0,6530,,3052480,Aa10-123,,South Korea,,2010-03-25,COMPLETE,L,,False
KT934969.1,KT934969,"KT934969.1 Orthohantavirus hantanense isolate Aa10-288 RNA-dependent RNA polymerase gene, complete cds",hantaan_3052480,hantaan,Orthohantavirus hantanense,3052480,Orthohantavirus hantanense,3052480,L,6530,0.370750382848392,1e8158e12d99dda928610ab51cb3d0f64aafae839334ecb05f51cbebdb8fea11,within_expected_range,0.3346094946401225,0.1612557427258805,0.2094946401225114,0.2946401225114854,0,0,0.0,6530,,3052480,Aa10-288,,South Korea,,2010-05-11,COMPLETE,L,,False
KT934970.1,KT934970,"KT934970.1 Orthohantavirus hantanense isolate Aa10-434 RNA-dependent RNA polymerase gene, complete cds",hantaan_3052480,hantaan,Orthohantavirus hantanense,3052480,Orthohantavirus hantanense,3052480,L,6530,0.3721286370597244,aaa453cc2f521ec7531b07415377a7e35e03814107980927574b336a8e064692,within_expected_range,0.3330781010719755,0.1618683001531393,0.210260336906585,0.2947932618683001,0,0,0.0,6530,,3052480,Aa10-434,,South Korea,,2010-08-23,COMPLETE,L,,False
KT934971.1,KT934971,"KT934971.1 Orthohantavirus hantanense isolate Aa10-518 RNA-dependent RNA polymerase gene, complete cds",hantaan_3052480,hantaan,Orthohantavirus hantanense,3052480,Orthohantavirus hantanense,3052480,L,6530,0.3732006125574272,b7fac25de5bcc4fecf2813d74e98a83baeac973e3fbe65efd532731a42e00051,within_expected_range,0.3330781010719755,0.1626339969372128,0.2105666156202144,0.2937212863705972,0,0,0.0,6530,,3052480,Aa10-518,,South Korea,,2010-11-29,COMPLETE,L,,False
KT934972.1,KT934972,"KT934972.1 Orthohantavirus hantanense isolate Aa10-561 RNA-dependent RNA polymerase gene, complete cds",hantaan_3052480,hantaan,Orthohantavirus hantanense,3052480,Orthohantavirus hantanense,3052480,L,6530,0.3728943338437978,793877efe05f0622b6af1fd5afb97880d684e2fb94460677e0e67bad7dbab1ac,within_expected_range,0.3326186830015314,0.1618683001531393,0.2110260336906585,0.2944869831546707,0,0,0.0,6530,,3052480,Aa10-561,,South Korea,,2010-11-29,COMPLETE,L,,False
KT934973.1,KT934973,"KT934973.1 Orthohantavirus hantanense isolate Aa10-679 RNA-dependent RNA polymerase gene, complete cds",hantaan_3052480,hantaan,Orthohantavirus hantanense,3052480,Orthohantavirus hantanense,3052480,L,6530,0.3705972434915773,4564dab55c26c69d566493b7b6ddb4148611dd34287c59ee17b559ff8a26e74f,within_expected_range,0.3347626339969372,0.1614088820826952,0.209188361408882,0.2946401225114854,0,0,0.0,6530,,3052480,Aa10-679,,South Korea,,2010-12-01,COMPLETE,L,,False
KT934974.1,KT934974,"KT934974.1 Orthohantavirus hantanense isolate Aa14-172 RNA-dependent RNA polymerase gene, complete cds",hantaan_3052480,hantaan,Orthohantavirus hantanense,3052480,Orthohantavirus hantanense,3052480,L,6530,0.3672281776416539,46c9f09bb718e2e507eb0427af0fd59131f45ebca20a07d36aabe150637ccc19,within_expected_range,0.3362940275650842,0.1594180704441041,0.2078101071975497,0.2964777947932618,0,0,0.0,6530,,3052480,Aa14-172,,South Korea,,2014-09-23,COMPLETE,L,,False
KT934975.1,KT934975,"KT934975.1 Orthohantavirus hantanense isolate Aa14-188 RNA-dependent RNA polymerase gene, complete cds",hantaan_3052480,hantaan,Orthohantavirus hantanense,3052480,Orthohantavirus hantanense,3052480,L,6530,0.3670750382848392,882394a8672d779b63f24c27fc6b3ade1f8b491ee7a244f49329e4892a554be7,within_expected_range,0.3362940275650842,0.1592649310872894,0.2078101071975497,0.2966309341500766,0,0,0.0,6530,,3052480,Aa14-188,,South Korea,,2014-09-23,COMPLETE,L,,False
KT934976.1,KT934976,"KT934976.1 Orthohantavirus hantanense isolate Aa14-198 RNA-dependent RNA polymerase gene, complete cds",hantaan_3052480,hantaan,Orthohantavirus hantanense,3052480,Orthohantavirus hantanense,3052480,L,6530,0.3672281776416539,6f6c250195af935818d2349bb643834da0a003ac7dd8e5590603ba6face32aac,within_expected_range,0.3362940275650842,0.1594180704441041,0.2078101071975497,0.2964777947932618,0,0,0.0,6530,,3052480,Aa14-198,,South Korea,,2014-09-23,COMPLETE,L,,False
KT934977.1,KT934977,"KT934977.1 Orthohantavirus hantanense isolate Aa14-204 RNA-dependent RNA polymerase gene, complete cds",hantaan_3052480,hantaan,Orthohantavirus hantanense,3052480,Orthohantavirus hantanense,3052480,L,6530,0.3709035222052067,0b714230cc134f754af7fee3ac076ee89e03e49901ea27d3d0dee9d2866344c6,within_expected_range,0.3349157733537519,0.1617151607963246,0.209188361408882,0.2941807044410413,0,0,0.0,6530,,3052480,Aa14-204,,South Korea,,2014-09-24,COMPLETE,L,,False
KT934978.1,KT934978,"KT934978.1 Orthohantavirus hantanense isolate Aa14-207 RNA-dependent RNA polymerase gene, complete cds",hantaan_3052480,hantaan,Orthohantavirus hantanense,3052480,Orthohantavirus hantanense,3052480,L,6530,0.3710566615620214,2c84c0986fae54afc7b9b8f73f09c6111329ea96dfac4141d253cfb64e5dde2e,within_expected_range,0.3349157733537519,0.1618683001531393,0.209188361408882,0.2940275650842266,0,0,0.0,6530,,3052480,Aa14-207,,South Korea,,2014-09-24,COMPLETE,L,,False
KT934979.1,KT934979,"KT934979.1 Orthohantavirus hantanense isolate Aa14-266 RNA-dependent RNA polymerase gene, complete cds",hantaan_3052480,hantaan,Orthohantavirus hantanense,3052480,Orthohantavirus hantanense,3052480,L,6530,0.3696784073506891,0ac0ae5e5cab5c504324d9d8e211fbd0cd16728047c9e4cc70f0dc03f87ff862,within_expected_range,0.3358346094946401,0.1614088820826952,0.2082695252679939,0.2944869831546707,0,0,0.0,6530,,3052480,Aa14-266,,South Korea,,2014-11-04,COMPLETE,L,,False
KT934980.1,KT934980,"KT934980.1 Orthohantavirus hantanense isolate Aa14-272 RNA-dependent RNA polymerase gene, complete cds",hantaan_3052480,hantaan,Orthohantavirus hantanense,3052480,Orthohantavirus hantanense,3052480,L,6530,0.370750382848392,697c67decd0e2bf64af04ee02443e89f53938576af13848761b856ca453450d1,within_expected_range,0.3355283307810107,0.1623277182235834,0.2084226646248085,0.2937212863705972,0,0,0.0,6530,,3052480,Aa14-272,,South Korea,,2014-11-04,COMPLETE,L,,False
KT934981.1,KT934981,"KT934981.1 Orthohantavirus hantanense isolate Aa14-362 RNA-dependent RNA polymerase gene, complete cds",hantaan_3052480,hantaan,Orthohantavirus hantanense,3052480,Orthohantavirus hantanense,3052480,L,6530,0.3704441041347626,a0f42a5418ffccc77c7e27692ff0635eb26c0fa73dbb92f74752257ec3751dc9,within_expected_range,0.3347626339969372,0.1609494640122511,0.2094946401225114,0.2947932618683001,0,0,0.0,6530,,3052480,Aa14-362,,South Korea,,2014-11-14,COMPLETE,L,,False
KT934984.1,KT934984,"KT934984.1 Orthohantavirus hantanense isolate Aa14-404 RNA-dependent RNA polymerase gene, complete cds",hantaan_3052480,hantaan,Orthohantavirus hantanense,3052480,Orthohantavirus hantanense,3052480,L,6530,0.369218989280245,89278acaff126328499427c02a4d5bf191f74fc681ac04b920d725a966033efc,within_expected_range,0.3375191424196018,0.162021439509954,0.2071975497702909,0.2932618683001531,0,0,0.0,6530,,3052480,Aa14-404,,South Korea,,2014-11-21,COMPLETE,L,,False
KT934985.1,KT934985,"KT934985.1 Orthohantavirus hantanense isolate Aa14-406 RNA-dependent RNA polymerase gene, complete cds",hantaan_3052480,hantaan,Orthohantavirus hantanense,3052480,Orthohantavirus hantanense,3052480,L,6530,0.3690658499234303,e022bf8645d12dbf64f64c33a7d5fff59bb5990e9f87bcb57159ca11d3b63280,within_expected_range,0.3372128637059724,0.1618683001531393,0.2071975497702909,0.2937212863705972,0,0,0.0,6530,,3052480,Aa14-406,,South Korea,,2014-11-21,COMPLETE,L,,False
KT934988.1,KT934988,"KT934988.1 Orthohantavirus hantanense isolate Aa14-423 RNA-dependent RNA polymerase gene, complete cds",hantaan_3052480,hantaan,Orthohantavirus hantanense,3052480,Orthohantavirus hantanense,3052480,L,6530,0.3679938744257274,0f1c60f1d658dae1d36b4400745c12944b8381bc5615b5220f4b7f4b119f65ab,within_expected_range,0.3385911179173047,0.1615620214395099,0.2064318529862174,0.2934150076569678,0,0,0.0,6530,,3052480,Aa14-423,,South Korea,,2014-11-21,COMPLETE,L,,False
KT934989.1,KT934989,"KT934989.1 Orthohantavirus hantanense isolate Aa14-438 RNA-dependent RNA polymerase gene, complete cds",hantaan_3052480,hantaan,Orthohantavirus hantanense,3052480,Orthohantavirus hantanense,3052480,L,6530,0.3687595712098009,120f9a3029e86c7a647d28bf1a63c353a9858cbf8e702dc31abe0d7f755babd9,within_expected_range,0.3376722817764165,0.1617151607963246,0.2070444104134762,0.2935681470137825,0,0,0.0,6530,,3052480,Aa14-438,,South Korea,,2014-11-21,COMPLETE,L,,False
KU207153.1,KU207153,"KU207153.1 UNVERIFIED: Orthohantavirus hantanense isolate Aa10-434 segment L RNA-dependent RNA polymerase-like gene, complete sequence",hantaan_3052480,hantaan,Orthohantavirus hantanense,3052480,Orthohantavirus hantanense,3052480,L,6530,0.3727411944869832,9d3872f5270c55fb0416e2bc41c623e370ac614186d29ae0f207813f4a8e3f05,within_expected_range,0.3329249617151608,0.1618683001531393,0.2108728943338438,0.294333843797856,0,0,0.0,6530,,3052480,Aa10-434,,South Korea,,2010-08-23,COMPLETE,L,,False
KU207154.1,KU207154,"KU207154.1 UNVERIFIED: Orthohantavirus hantanense isolate Aa10-518 segment L RNA-dependent RNA polymerase-like gene, complete sequence",hantaan_3052480,hantaan,Orthohantavirus hantanense,3052480,Orthohantavirus hantanense,3052480,L,6530,0.3730474732006125,0075d87f0f512dd9a14859a8f15a7090e68f3d7495b4bfe1017246e8e31a68d0,within_expected_range,0.3330781010719755,0.1626339969372128,0.2104134762633997,0.2938744257274119,0,0,0.0,6530,,3052480,Aa10-518,,South Korea,,2010-11-29,COMPLETE,L,,False
KU207155.1,KU207155,"KU207155.1 UNVERIFIED: Orthohantavirus hantanense isolate Aa14-172 segment L RNA-dependent RNA polymerase-like gene, complete sequence",hantaan_3052480,hantaan,Orthohantavirus hantanense,3052480,Orthohantavirus hantanense,3052480,L,6530,0.3687595712098009,405c4ab20d2d444019f0672f2ad9f6a847d02157ebd4b411c1fb05f4251fcbdc,within_expected_range,0.3352220520673813,0.1598774885145482,0.2088820826952526,0.2960183767228178,0,0,0.0,6530,,3052480,Aa14-172,,South Korea,,2014-09-23,COMPLETE,L,,False
KU207156.1,KU207156,"KU207156.1 UNVERIFIED: Orthohantavirus hantanense isolate Aa14-175 segment L RNA-dependent RNA polymerase-like gene, complete sequence",hantaan_3052480,hantaan,Orthohantavirus hantanense,3052480,Orthohantavirus hantanense,3052480,L,6530,0.3686064318529862,dfeb9ef0842bdcd125d5defccc201b7a8a7c2e8131be48cedeab69c031c55045,within_expected_range,0.3361408882082695,0.1601837672281776,0.2084226646248085,0.2952526799387442,0,0,0.0,6530,,3052480,Aa14-175,,South Korea,,2014-09-23,COMPLETE,L,,False
KU207157.1,KU207157,"KU207157.1 Orthohantavirus hantanense isolate Aa14-184 segment L RNA-dependent RNA polymerase gene, complete cds",hantaan_3052480,hantaan,Orthohantavirus hantanense,3052480,Orthohantavirus hantanense,3052480,L,6530,0.3684532924961715,c84beef693a729f072b4ce0a042724fbdd5628e7bbebf369404193acca2e5aff,within_expected_range,0.3367534456355283,0.160490045941807,0.2079632465543644,0.2947932618683001,0,0,0.0,6530,,3052480,Aa14-184,,South Korea,,2014-09-23,COMPLETE,L,,False
KU207158.1,KU207158,"KU207158.1 Orthohantavirus hantanense isolate Aa14-188 segment L RNA-dependent RNA polymerase gene, complete cds",hantaan_3052480,hantaan,Orthohantavirus hantanense,3052480,Orthohantavirus hantanense,3052480,L,6530,0.3712098009188361,3d450e7bd05d792e78ed17636b63157656e984da5fbe293fce46b106ce61ad42,within_expected_range,0.3347626339969372,0.1615620214395099,0.2096477794793262,0.2940275650842266,0,0,0.0,6530,,3052480,Aa14-188,,South Korea,,2014-09-23,COMPLETE,L,,False
KU207159.1,KU207159,"KU207159.1 Orthohantavirus hantanense isolate Aa14-204 segment L RNA-dependent RNA polymerase gene, complete cds",hantaan_3052480,hantaan,Orthohantavirus hantanense,3052480,Orthohantavirus hantanense,3052480,L,6530,0.3712098009188361,e149c7ee77fe45738cd3f8721d401f7b1e8d27de01448996e9158e4be79a38c1,within_expected_range,0.3350689127105666,0.162021439509954,0.209188361408882,0.2937212863705972,0,0,0.0,6530,,3052480,Aa14-204,,South Korea,,2014-09-24,COMPLETE,L,,False
KX687237.1,KX687237,"KX687237.1 Orthohantavirus hantanense isolate Aa13_3 segment L, complete sequence",hantaan_3052480,hantaan,Orthohantavirus hantanense,3052480,Orthohantavirus hantanense,3052480,L,6530,0.3724349157733537,fa07cf341c2bc00bd95176d788ac405eeb8887ca0c3497477a3cc4b72dfd7af1,within_expected_range,0.3332312404287902,0.162021439509954,0.2104134762633997,0.294333843797856,0,0,0.0,6530,,3052480,Aa13_3,,South Korea,,2013-09-12,COMPLETE,L,,False
KX687238.1,KX687238,"KX687238.1 Orthohantavirus hantanense isolate Aa14_186 segment L, complete sequence",hantaan_3052480,hantaan,Orthohantavirus hantanense,3052480,Orthohantavirus hantanense,3052480,L,6530,0.3683001531393568,4740d14641162d4ac037e99470a0e93000c9767cf61ca090f4ff80fec3f102bb,within_expected_range,0.3358346094946401,0.1597243491577335,0.2085758039816233,0.295865237366003,0,0,0.0,6530,,3052480,Aa14_186,,South Korea,,2014-09-23,COMPLETE,L,,False
KX687239.1,KX687239,"KX687239.1 Orthohantavirus hantanense isolate Aa14_207 segment L, complete sequence",hantaan_3052480,hantaan,Orthohantavirus hantanense,3052480,Orthohantavirus hantanense,3052480,L,6530,0.3727411944869832,afc574b0242ae481952062fa40de3b7d64ce5f8602022ef4060038bade96193b,within_expected_range,0.3349157733537519,0.1623277182235834,0.2104134762633997,0.2923430321592649,0,0,0.0,6530,,3052480,Aa14_207,,South Korea,,2014-09-24,COMPLETE,L,,False
KX687240.1,KX687240,"KX687240.1 Orthohantavirus hantanense isolate Aa14_234 segment L, complete sequence",hantaan_3052480,hantaan,Orthohantavirus hantanense,3052480,Orthohantavirus hantanense,3052480,L,6530,0.3712098009188361,c995d6582cb1fe2897d80f661a7e2a78a4973d48bcdfd1a20541488dfefd1ccb,within_expected_range,0.3361408882082695,0.1626339969372128,0.2085758039816233,0.2926493108728943,0,0,0.0,6530,,3052480,Aa14_234,,South Korea,,2014-09-25,COMPLETE,L,,False
KX687241.1,KX687241,"KX687241.1 Orthohantavirus hantanense isolate Aa14_239 segment L, complete sequence",hantaan_3052480,hantaan,Orthohantavirus hantanense,3052480,Orthohantavirus hantanense,3052480,L,6530,0.3719754977029096,1a9f434c81e1d5687341a59ad59b4355dfe898fefa93c4f5980c3b582fb3d0e7,within_expected_range,0.3358346094946401,0.1632465543644716,0.2087289433384379,0.2921898928024502,0,0,0.0,6530,,3052480,Aa14_239,,South Korea,,2014-09-25,COMPLETE,L,,False
KY594712.1,KY594712,"KY594712.1 Orthohantavirus hantanense strain Aa 08-1111 RNA-dependent RNA polymerase gene, complete cds",hantaan_3052480,hantaan,Orthohantavirus hantanense,3052480,Orthohantavirus hantanense,3052480,L,6530,0.3742725880551302,de068499a451a1174e65c0196054f91a81e83f853678aa31a1419b03b98674e6,within_expected_range,0.332312404287902,0.1629402756508422,0.2113323124042879,0.2934150076569678,0,0,0.0,6530,,3052480,Aa 08-1111,,South Korea,,,COMPLETE,,,False
KY594713.1,KY594713,"KY594713.1 Orthohantavirus hantanense strain Aa 09-189 RNA-dependent RNA polymerase gene, complete cds",hantaan_3052480,hantaan,Orthohantavirus hantanense,3052480,Orthohantavirus hantanense,3052480,L,6530,0.3745788667687595,f3557f3739aded18c241073487d66e2096083ca683916c1da5b309e31cdecc00,within_expected_range,0.3318529862174579,0.1629402756508422,0.2116385911179173,0.2935681470137825,0,0,0.0,6530,,3052480,Aa 09-189,,South Korea,,,COMPLETE,,,False
KY594714.1,KY594714,"KY594714.1 Orthohantavirus hantanense strain Aa 09-198 RNA-dependent RNA polymerase gene, complete cds",hantaan_3052480,hantaan,Orthohantavirus hantanense,3052480,Orthohantavirus hantanense,3052480,L,6530,0.3747320061255743,26380b6b7fbe422796ba10049931e97f42eb3e56fef4b7f417b8be14ab7f618d,within_expected_range,0.3318529862174579,0.1630934150076569,0.2116385911179173,0.2934150076569678,0,0,0.0,6530,,3052480,Aa 09-198,,South Korea,,,COMPLETE,,,False
MK548664.1,MK548664,"MK548664.1 Orthohantavirus hantanense strain Aa16-19-P segment L, complete sequence",hantaan_3052480,hantaan,Orthohantavirus hantanense,3052480,Orthohantavirus hantanense,3052480,L,6530,0.3710566615620214,838c94a0dc9db16e87e60996b90818d5d0c4e2526b70f5176b6a587c03bd4bf1,within_expected_range,0.3346094946401225,0.1612557427258805,0.2098009188361408,0.294333843797856,0,0,0.0,6530,,3052480,Aa16-19-P,,South Korea,,2016-06-21,COMPLETE,L,,False
MK548665.1,MK548665,"MK548665.1 Orthohantavirus hantanense strain Aa16-21-P segment L, complete sequence",hantaan_3052480,hantaan,Orthohantavirus hantanense,3052480,Orthohantavirus hantanense,3052480,L,6530,0.3705972434915773,6a959add3e440d6ed3fc4348da10c3535e104a6462c0a177a96b2fbdc2878bf9,within_expected_range,0.335375191424196,0.1614088820826952,0.209188361408882,0.2940275650842266,0,0,0.0,6530,,3052480,Aa16-21-P,,South Korea,,2016-06-21,COMPLETE,L,,False
MK548666.1,MK548666,"MK548666.1 Orthohantavirus hantanense strain Aa16-22-P segment L, complete sequence",hantaan_3052480,hantaan,Orthohantavirus hantanense,3052480,Orthohantavirus hantanense,3052480,L,6530,0.3696784073506891,cd75b155a1365d356501c4b0a91f28e0af84d8a0d01af0f2de905ff23363f855,within_expected_range,0.3355283307810107,0.1611026033690658,0.2085758039816233,0.2947932618683001,0,0,0.0,6530,,3052480,Aa16-22-P,,South Korea,,2016-06-21,COMPLETE,L,,False
MK548667.1,MK548667,"MK548667.1 Orthohantavirus hantanense strain Aa16-50-P segment L, complete sequence",hantaan_3052480,hantaan,Orthohantavirus hantanense,3052480,Orthohantavirus hantanense,3052480,L,6530,0.3712098009188361,e151758f55a941da2f996856aef2b2f8bea4f2357f633fd5e78a708bfb20dcfb,within_expected_range,0.3336906584992343,0.1612557427258805,0.2099540581929556,0.2950995405819295,0,0,0.0,6530,,3052480,Aa16-50-P,,South Korea,,2016-10-12,COMPLETE,L,,False
MK548668.1,MK548668,"MK548668.1 Orthohantavirus hantanense strain Aa16-181-P segment L, complete sequence",hantaan_3052480,hantaan,Orthohantavirus hantanense,3052480,Orthohantavirus hantanense,3052480,L,6530,0.3710566615620214,0c7635c793bf43f16ad68fe8da77b7bbd93e163b742d51c18333979b832bdd0c,within_expected_range,0.3343032159264931,0.1617151607963246,0.2093415007656968,0.2946401225114854,0,0,0.0,6530,,3052480,Aa16-181-P,,South Korea,,2016-11-25,COMPLETE,L,,False
MK548669.1,MK548669,"MK548669.1 Orthohantavirus hantanense strain Aa16-185-P segment L, complete sequence",hantaan_3052480,hantaan,Orthohantavirus hantanense,3052480,Orthohantavirus hantanense,3052480,L,6530,0.3712098009188361,8d87565404de3bcbb5c2d7475d01fb9bf82e2b0de078856e6166fc58ee2d3142,within_expected_range,0.3343032159264931,0.1618683001531393,0.2093415007656968,0.2944869831546707,0,0,0.0,6530,,3052480,Aa16-185-P,,South Korea,,2016-11-25,COMPLETE,L,,False
MK548670.1,MK548670,"MK548670.1 Orthohantavirus hantanense strain Aa17-52-P segment L, complete sequence",hantaan_3052480,hantaan,Orthohantavirus hantanense,3052480,Orthohantavirus hantanense,3052480,L,6530,0.3713629402756508,4e7c92b68ec0ec687b056b5ed5a03e786cfae271e04c0c109329ec7e1b7b53d6,within_expected_range,0.3356814701378254,0.1626339969372128,0.2087289433384379,0.2929555895865237,0,0,0.0,6530,,3052480,Aa17-52-P,,South Korea,,2017-04-18,COMPLETE,L,,False
MK548671.1,MK548671,"MK548671.1 Orthohantavirus hantanense strain Aa17-66-P segment L, complete sequence",hantaan_3052480,hantaan,Orthohantavirus hantanense,3052480,Orthohantavirus hantanense,3052480,L,6530,0.3704441041347626,bb14bb7edace378994cb6bb6d63afc550421f7bacb516bb44148fe786215f9e9,within_expected_range,0.3347626339969372,0.1607963246554364,0.2096477794793262,0.2947932618683001,0,0,0.0,6530,,3052480,Aa17-66-P,,South Korea,,2017-04-27,COMPLETE,L,,False
MK548672.1,MK548672,"MK548672.1 Orthohantavirus hantanense strain Aa17-76-P segment L, complete sequence",hantaan_3052480,hantaan,Orthohantavirus hantanense,3052480,Orthohantavirus hantanense,3052480,L,6530,0.3702909647779479,9c2bbd8ada3875cd4e2b53f366d68897ead013b8c0f30ee5177dc7f013e94089,within_expected_range,0.3347626339969372,0.1606431852986217,0.2096477794793262,0.2949464012251148,0,0,0.0,6530,,3052480,Aa17-76-P,,South Korea,,2017-04-27,COMPLETE,L,,False
MK548692.1,MK548692,"MK548692.1 Orthohantavirus hantanense strain Aa16-50-R segment L, complete sequence",hantaan_3052480,hantaan,Orthohantavirus hantanense,3052480,Orthohantavirus hantanense,3052480,L,6530,0.3712098009188361,11d463dfd0fb6658628eb4971ad20ea6ac108e6314b1e0d24b0fd1ab345dbdba,within_expected_range,0.3336906584992343,0.1618683001531393,0.2093415007656968,0.2950995405819295,0,0,0.0,6530,,3052480,Aa16-50-R,,South Korea,,2016-10-12,COMPLETE,L,,False
MK548694.1,MK548694,"MK548694.1 Orthohantavirus hantanense strain Aa16-185-R segment L, complete sequence",hantaan_3052480,hantaan,Orthohantavirus hantanense,3052480,Orthohantavirus hantanense,3052480,L,6530,0.3712098009188361,ccb802c9ea6f94aa5fcaaf324b53406f01345011f57687df32247ef69fb55080,within_expected_range,0.3343032159264931,0.162021439509954,0.209188361408882,0.2944869831546707,0,0,0.0,6530,,3052480,Aa16-185-R,,South Korea,,2016-11-25,COMPLETE,L,,False
MK548695.1,MK548695,"MK548695.1 Orthohantavirus hantanense strain Aa17-8-R segment L, complete sequence",hantaan_3052480,hantaan,Orthohantavirus hantanense,3052480,Orthohantavirus hantanense,3052480,L,6530,0.3701378254211332,20d4fccf083ec23139ef8214a2edf467b9650b1422d7bf58eec0f0b067b83ae5,within_expected_range,0.3347626339969372,0.1612557427258805,0.2088820826952526,0.2950995405819295,0,0,0.0,6530,,3052480,Aa17-8-R,,South Korea,,2017-03-09,COMPLETE,L,,False
MK548697.1,MK548697,"MK548697.1 Orthohantavirus hantanense strain Aa17-49-R segment L, complete sequence",hantaan_3052480,hantaan,Orthohantavirus hantanense,3052480,Orthohantavirus hantanense,3052480,L,6530,0.3712098009188361,1ca2869cb7f1640df3297e52a86b25708d81d459524c77280eb9f3d13abd7600,within_expected_range,0.3358346094946401,0.1629402756508422,0.2082695252679939,0.2929555895865237,0,0,0.0,6530,,3052480,Aa17-49-R,,South Korea,,2017-04-18,COMPLETE,L,,False
MK548699.1,MK548699,"MK548699.1 Orthohantavirus hantanense strain Aa17-53-R segment L, complete sequence",hantaan_3052480,hantaan,Orthohantavirus hantanense,3052480,Orthohantavirus hantanense,3052480,L,6530,0.3710566615620214,17b95444359adc880f27c5940b27370069ddeda6d4261654121e247345227485,within_expected_range,0.3358346094946401,0.1629402756508422,0.2081163859111791,0.2931087289433384,0,0,0.0,6530,,3052480,Aa17-53-R,,South Korea,,2017-04-18,COMPLETE,L,,False
DQ371906.1,DQ371906,"DQ371906.1 Hantaan virus Q32 segment L, complete sequence",hantaan_3052480,hantaan,Orthohantavirus hantanense,3052480,Orthohantavirus hantanense,370830,L,6533,0.3737945813561916,e06647255a16e9ff6fd7e333b2ec181464b73f30a4e99d0be59a462a9627f6fc,within_expected_range,0.3318536660033675,0.1645492116944742,0.2092453696617174,0.2943517526404408,0,0,0.0,6533,,370830,,,China,,,COMPLETE,L,,False
DQ989237.1,DQ989237,"DQ989237.1 Hantaan virus isolate Nc167 segment L, complete sequence",hantaan_3052480,hantaan,Orthohantavirus hantanense,3052480,Orthohantavirus hantanense,3052480,L,6533,0.3799173427215674,4fdad9994d4f5b34038d1308d2b0aac29d5111477dbb1c8953364c2ab5baf1e5,within_expected_range,0.3179243838971376,0.164855349762743,0.2150619929588244,0.302158273381295,0,0,0.0,6533,,3052480,Nc167,,China,,,COMPLETE,L,,False
JQ083393.1,JQ083393,"JQ083393.1 Hantaan virus strain HV004 segment L, complete sequence",hantaan_3052480,hantaan,Orthohantavirus hantanense,3052480,Orthohantavirus hantanense,3052480,L,6533,0.3796112046532986,636e744a40964fac67ff2731b6936aea24d3dba5b9c693b919db9b0b89e0c801,within_expected_range,0.3261901117403949,0.1669983162406245,0.2126128884126741,0.2941986836063064,0,0,0.0,6533,,3052480,HV004,,China: Hubei,,,COMPLETE,L,,False
KT885047.1,KT885047,"KT885047.1 Orthohantavirus hantanense strain 76-118/POR segment L, complete sequence",hantaan_3052480,hantaan,Orthohantavirus hantanense,3052480,Orthohantavirus hantanense,3052480,L,6533,0.3699678555028318,83700e8da9398a862f61d39c3b9ec685a7be0b314bb0ab7ad0621a0eb37ab861,within_expected_range,0.3372110821980713,0.1631715903872646,0.2067962651155671,0.2928210622990969,0,0,0.0,6533,,3052480,76-118/POR,,South Korea,,2015,COMPLETE,L,,False
KU215675.1,KU215675,"KU215675.1 Orthohantavirus hantanense isolate TJJ16 RNA-dependent RNA polymerase gene, complete cds",hantaan_3052480,hantaan,Orthohantavirus hantanense,3052480,Orthohantavirus hantanense,3052480,L,6533,0.3719577529465789,c9735868b46b784d1030c47475c1813ec3a79f4740565c34be9fe28dbac0aeb7,within_expected_range,0.3324659421399051,0.1634777284555334,0.2084800244910454,0.295576304913516,0,0,0.0,6533,,3052480,TJJ16,,China,,2003,COMPLETE,L,,False
KY978757.1,KY978757,"KY978757.1 Orthohantavirus hantanense isolate AYW89-15 segment L, complete sequence",hantaan_3052480,hantaan,Orthohantavirus hantanense,3052480,Orthohantavirus hantanense,3052480,L,6533,0.3763967549364763,562919fa75b416f38e0afa709fdf4f0f0f15b664e261dffd7e86723492cacb04,within_expected_range,0.3318536660033675,0.1671513852747589,0.2092453696617174,0.2917495790601561,0,0,0.0,6533,,3052480,AYW89-15,,"China: Anyi, Jiangxi",,2015,COMPLETE,L,,False
NC_005222.1,NC_005222,"NC_005222.1 Hantaan virus segment L, complete genome",hantaan_3052480,hantaan,Orthohantavirus hantanense,3052480,Orthohantavirus hantanense,3052480,L,6533,0.3699678555028318,192e624990945c94de3afad53a0ceb070489cec79fab4b72102eb9a05ed9764d,within_expected_range,0.3373641512322057,0.163324659421399,0.2066431960814327,0.2926679932649625,0,0,0.0,6533,,3052480,76-118,,,,,COMPLETE,L,,False
OR113734.1,OR113734,"OR113734.1 Orthohantavirus hantanense strain Aa17-2_CU segment M, complete sequence",hantaan_3052480,hantaan,Orthohantavirus hantanense,3052480,Orthohantavirus hantanense,3052480,M,3538,0.3993781797625777,d6c48bb84752fd48ebb08f5c29e6eba377d4ff040f4c7b4ab5dbb70d172d58c9,within_expected_range,0.3041266252119842,0.1817410966647823,0.2176370830977953,0.2964951950254381,0,0,0.0,3538,,3052480,Aa17-2_CU,,South Korea: Gwangju-si,,2017-11,COMPLETE,M,,False
MK548689.1,MK548689,"MK548689.1 Orthohantavirus hantanense strain Aa17-52-R segment M, complete sequence",hantaan_3052480,hantaan,Orthohantavirus hantanense,3052480,Orthohantavirus hantanense,3052480,M,3560,0.397191011235955,57345137500062c632a223646c6373bd44013f547149e2612e74c174325d9618,within_expected_range,0.3101123595505618,0.1837078651685393,0.2134831460674157,0.2926966292134831,0,0,0.0,3560,,3052480,Aa17-52-R,,South Korea,,2017-04-18,COMPLETE,M,,False
MK548690.1,MK548690,"MK548690.1 Orthohantavirus hantanense strain Aa17-53-R segment M, complete sequence",hantaan_3052480,hantaan,Orthohantavirus hantanense,3052480,Orthohantavirus hantanense,3052480,M,3581,0.3990505445406311,a2bd39fb9fd3dc2de7deadc5b8d499872c24b90957c2acf517455f201a4e7e4a,within_expected_range,0.3096900307176766,0.1845853113655403,0.2144652331750907,0.2912594247416922,0,0,0.0,3581,,3052480,Aa17-53-R,,South Korea,,2017-04-18,COMPLETE,M,,False
OR113716.1,OR113716,"OR113716.1 Orthohantavirus hantanense strain Aa17-1_CU segment M, complete sequence",hantaan_3052480,hantaan,Orthohantavirus hantanense,3052480,Orthohantavirus hantanense,3052480,M,3581,0.3987712929349343,87ff0d8abc41b4d453a209a888032b0084e51f2b25e8c2f3655fe3017063f64f,within_expected_range,0.3041049986037419,0.1823512985199664,0.2164199944149679,0.2971237084613236,0,0,0.0,3581,,3052480,Aa17-1_CU,,South Korea: Gwangju-si,,2017-09,COMPLETE,M,,False
OR113717.1,OR113717,"OR113717.1 Orthohantavirus hantanense strain Aa19-40_CU segment M, complete sequence",hantaan_3052480,hantaan,Orthohantavirus hantanense,3052480,Orthohantavirus hantanense,3052480,M,3581,0.3937447640323931,9944c4291535170a1695af7538ca4d560c0cf3fa796a7a51c48fc555962394a8,within_expected_range,0.3057805082379223,0.1806757888857861,0.213068975146607,0.3004747277296844,0,0,0.0,3581,,3052480,Aa19-40_CU,,South Korea: Boseong-gun,,2019-06,COMPLETE,M,,False
OR113718.1,OR113718,"OR113718.1 Orthohantavirus hantanense strain Aa19-96_CU segment M, complete sequence",hantaan_3052480,hantaan,Orthohantavirus hantanense,3052480,Orthohantavirus hantanense,3052480,M,3581,0.3934655124266965,ffa6f08c51934e292e1fc671adb824bd2b4c04d78c6849e48cfe1ec93007d340,within_expected_range,0.3060597598436191,0.1801172856743926,0.2133482267523038,0.3004747277296844,0,0,0.0,3581,,3052480,Aa19-96_CU,,South Korea: Boseong-gun,,2019-10,COMPLETE,M,,False
OR113719.1,OR113719,"OR113719.1 Orthohantavirus hantanense strain Aa19-102_CU segment M, complete sequence",hantaan_3052480,hantaan,Orthohantavirus hantanense,3052480,Orthohantavirus hantanense,3052480,M,3581,0.3926277576096063,12416827b9d36c7a3eae550637e3d7018c36efcef90da9082d585cfac8a88191,within_expected_range,0.3068975146607093,0.1792795308573024,0.2133482267523038,0.3004747277296844,0,0,0.0,3581,,3052480,Aa19-102_CU,,South Korea: Boseong-gun,,2019-10,COMPLETE,M,,False
OR113720.1,OR113720,"OR113720.1 Orthohantavirus hantanense strain Aa19-106_CU segment M, complete sequence",hantaan_3052480,hantaan,Orthohantavirus hantanense,3052480,Orthohantavirus hantanense,3052480,M,3581,0.3956995252722703,1662de836d523ab9cabf6312050b033dba0d418260aed920fc5a0dc2f9bfad41,within_expected_range,0.3055012566322256,0.1823512985199664,0.2133482267523038,0.298799218095504,0,0,0.0,3581,,3052480,Aa19-106_CU,,South Korea: Boseong-gun,,2019-11,COMPLETE,M,,False
OR113721.1,OR113721,"OR113721.1 Orthohantavirus hantanense strain Aa19-109_CU segment M, complete sequence",hantaan_3052480,hantaan,Orthohantavirus hantanense,3052480,Orthohantavirus hantanense,3052480,M,3581,0.3929070092153029,5e4242cebdbf3950effedfabe645c5ccd43813a4833236cb2f08f73abaa0a71a,within_expected_range,0.3057805082379223,0.1795587824629991,0.2133482267523038,0.3013124825467746,0,0,0.0,3581,,3052480,Aa19-109_CU,,South Korea: Boseong-gun,,2019-11,COMPLETE,M,,False
OR113722.1,OR113722,"OR113722.1 Orthohantavirus hantanense strain CUH_2020-003 segment M, complete sequence",hantaan_3052480,hantaan,Orthohantavirus hantanense,3052480,Orthohantavirus hantanense,3052480,M,3581,0.3973750349064507,1168a01563afd343e051cb71c9207277a8805684fd186f21439c70c319a21742,within_expected_range,0.3027087405752583,0.181792795308573,0.2155822395978777,0.299916224518291,0,0,0.0,3581,,3052480,CUH_2020-003,,South Korea,,2020-01,COMPLETE,M,,False
OR113723.1,OR113723,"OR113723.1 Orthohantavirus hantanense strain CUH_2020-509 segment M, complete sequence",hantaan_3052480,hantaan,Orthohantavirus hantanense,3052480,Orthohantavirus hantanense,3052480,M,3581,0.3951410220608768,1ef0f93aea9b4342779bebe3c9745ebc82b28ad2e1206bee2677119641bde721,within_expected_range,0.3057805082379223,0.1795587824629991,0.2155822395978777,0.2990784697012008,0,0,0.0,3581,,3052480,CUH_2020-509,,South Korea,,2020-06,COMPLETE,M,,False
OR113724.1,OR113724,"OR113724.1 Orthohantavirus hantanense strain CUH_2021-1167 segment M, complete sequence",hantaan_3052480,hantaan,Orthohantavirus hantanense,3052480,Orthohantavirus hantanense,3052480,M,3581,0.3976542865121474,fc35364f12e9ef6b5a4f925e3adc114ae4cdcf034761b8933b463b4d1daf343c,within_expected_range,0.3043842502094387,0.1826305501256632,0.2150237363864842,0.2979614632784138,0,0,0.0,3581,,3052480,CUH_2021-1167,,South Korea,,2021-11,COMPLETE,M,,False
OR113743.1,OR113743,"OR113743.1 Orthohantavirus hantanense strain CUH_2021-1188 segment M, complete sequence",hantaan_3052480,hantaan,Orthohantavirus hantanense,3052480,Orthohantavirus hantanense,3052480,M,3581,0.3979335381178441,c9ff8564e081cd67c70d149973817a6ffe7543044fecba7ebc1aeec459f59021,within_expected_range,0.3035464953923485,0.1806757888857861,0.2172577492320581,0.2985199664898073,0,0,0.0,3581,,3052480,CUH_2021-1188,,South Korea,,2021-12,COMPLETE,M,,False
MK548685.1,MK548685,"MK548685.1 Orthohantavirus hantanense strain Aa16-185-R segment M, complete sequence",hantaan_3052480,hantaan,Orthohantavirus hantanense,3052480,Orthohantavirus hantanense,3052480,M,3588,0.3999442586399108,caf6cdd1d9d737d19925bb511d32af0de8e13ea75eaaa174734a57797b15a320,within_expected_range,0.3082497212931995,0.1856187290969899,0.2143255295429208,0.2918060200668896,0,0,0.0,3588,,3052480,Aa16-185-R,,South Korea,,2016-11-25,COMPLETE,M,,False
MK548687.1,MK548687,"MK548687.1 Orthohantavirus hantanense strain Aa17-48-R segment M, complete sequence",hantaan_3052480,hantaan,Orthohantavirus hantanense,3052480,Orthohantavirus hantanense,3052480,M,3593,0.3993876983022544,d79575bd5b2766f9c1e2304f2ec6d157c41c8be967c3be3d2d742b43c5080048,within_expected_range,0.3097689952685777,0.1853604230448093,0.214027275257445,0.2908433064291678,0,0,0.0,3593,,3052480,Aa17-48-R,,South Korea,,2017-04-18,COMPLETE,M,,False
MK548684.1,MK548684,"MK548684.1 Orthohantavirus hantanense strain Aa16-181-R segment M, complete sequence",hantaan_3052480,hantaan,Orthohantavirus hantanense,3052480,Orthohantavirus hantanense,3052480,M,3594,0.3995548135781858,b8d7299c97a5f318608a37845859f3ed5d30189a6a7c1531cdcc5f768561e26e,within_expected_range,0.3082915971062883,0.1855870895937673,0.2139677239844184,0.2921535893155259,0,0,0.0,3594,,3052480,Aa16-181-R,,South Korea,,2016-11-25,COMPLETE,M,,False
MK548682.1,MK548682,"MK548682.1 Orthohantavirus hantanense strain Aa16-19-R segment M, complete sequence",hantaan_3052480,hantaan,Orthohantavirus hantanense,3052480,Orthohantavirus hantanense,3052480,M,3597,0.3989435640811787,54bfca3066d3f06e99afffd8a1942a40442e10f6255fae17ce1f6ae578e2494d,within_expected_range,0.308868501529052,0.1857103141506811,0.2132332499304976,0.2921879343897692,0,0,0.0,3597,,3052480,Aa16-19-R,,South Korea,,2016-06-21,COMPLETE,M,,False
MK548686.1,MK548686,"MK548686.1 Orthohantavirus hantanense strain Aa17-8-R segment M, complete sequence",hantaan_3052480,hantaan,Orthohantavirus hantanense,3052480,Orthohantavirus hantanense,3052480,M,3599,0.3987218671853292,ab3f04fcd648ff9fa61ff4ad91deecbec026e7c2f50ea77b6c0d4567c4ddbdad,within_expected_range,0.3086968602389552,0.1853292581272575,0.2133926090580717,0.2925812725757155,0,0,0.0,3599,,3052480,Aa17-8-R,,South Korea,,2017-03-09,COMPLETE,M,,False
EF371454.1,EF371454,"EF371454.1 Amur virus JilinAP06 envelope glycoprotein mRNA, complete cds",hantaan_3052480,hantaan,Orthohantavirus hantanense,3052480,Orthohantavirus hantanense,86782,M,3615,0.4066390041493776,8cd21b808a71add3c5a60b85d2454816aace3769ff3e5c6d9186786d72884944,within_expected_range,0.2951590594744122,0.1936376210235131,0.2130013831258644,0.2982019363762102,0,0,0.0,3615,,86782,JilinAP06,,,,,COMPLETE,M,,False
EF990924.1,EF990924,"EF990924.1 Hantaanvirus CGAa31P9 segment M, complete sequence",hantaan_3052480,hantaan,Orthohantavirus hantanense,3052480,Orthohantavirus hantanense,458670,M,3615,0.3980636237897648,21fde52238be2cf6f784c755421b9b0d8823d75b7c52547eb7323399839c2664,within_expected_range,0.3070539419087137,0.1872752420470262,0.2107883817427386,0.2948824343015214,0,0,0.0,3615,,458670,CGAa31P9,,China: Guizhou Province,,,COMPLETE,M,,False
DQ371905.1,DQ371905,"DQ371905.1 Hantaan virus Q32 segment M, complete sequence",hantaan_3052480,hantaan,Orthohantavirus hantanense,3052480,Orthohantavirus hantanense,370830,M,3616,0.394358407079646,5f8a52169e5918de076eb7629609851952c7d5cbd6de938a0e87536de7b587b7,within_expected_range,0.305862831858407,0.1819690265486725,0.2123893805309734,0.2997787610619469,0,0,0.0,3616,,370830,,,China,,,COMPLETE,M,,False
EF208930.1,EF208930,"EF208930.1 Hantavirus CJAp93 segment M, complete sequence",hantaan_3052480,hantaan,Orthohantavirus hantanense,3052480,Orthohantavirus hantanense,424382,M,3616,0.4012174875484228,668f1ce5df649d448ec6de73336783c6c73efb0fa70c30c69a44b7d634f56626,within_expected_range,0.3007747648035417,0.1815163254012174,0.2197011621472053,0.2980077476480354,0,2,0.0005530973451327,3614,,424382,CJAp93,,China,,,COMPLETE,M,,False
EF990918.1,EF990918,"EF990918.1 Hantaanvirus CGRn93P8 segment M, complete sequence",hantaan_3052480,hantaan,Orthohantavirus hantanense,3052480,Orthohantavirus hantanense,458678,M,3616,0.3960176991150442,70b391ab763102626ca8de0c7c23262d527643d002902dfb2c955c207f7dfcf1,within_expected_range,0.305033185840708,0.1800331858407079,0.2159845132743363,0.2989491150442478,0,0,0.0,3616,,458678,CGRn93P8,,China: Guizhou Province,,,COMPLETE,M,,False
EF990919.1,EF990919,"EF990919.1 Hantaanvirus CGRn93MP8 segment M, complete sequence",hantaan_3052480,hantaan,Orthohantavirus hantanense,3052480,Orthohantavirus hantanense,458677,M,3616,0.3985066371681416,916f3d1f76979a141d425a94f401b866a50d833b0e72b7040304c7983613262c,within_expected_range,0.3053097345132743,0.1825221238938053,0.2159845132743363,0.2961836283185841,0,0,0.0,3616,,458677,CGRn93MP8,,China: Guizhou Province,,,COMPLETE,M,,False
EF990920.1,EF990920,"EF990920.1 Hantaanvirus CGRn5310 segment M, complete sequence",hantaan_3052480,hantaan,Orthohantavirus hantanense,3052480,Orthohantavirus hantanense,458676,M,3616,0.401825221238938,2e832db3679a85ecaa20213a8811b6a5c79cbfdb79b190d7b51da74b434e9f32,within_expected_range,0.3042035398230088,0.1850110619469026,0.2168141592920354,0.2939712389380531,0,0,0.0,3616,,458676,CGRn5310,,China: Guizhou Province,,,COMPLETE,M,,False
EF990922.1,EF990922,"EF990922.1 Hantaanvirus CGHu3614 segment M, complete sequence",hantaan_3052480,hantaan,Orthohantavirus hantanense,3052480,Orthohantavirus hantanense,458672,M,3616,0.3957411504424779,e02922d9b5b50345bccd21630e8586f8328eb8dc8677213f0bc55258f838e79c,within_expected_range,0.3055862831858407,0.1827986725663717,0.2129424778761062,0.2986725663716814,0,0,0.0,3616,,458672,CGHu3614,,China: Guizhou Province,,,COMPLETE,M,,False
EF990923.1,EF990923,"EF990923.1 Hantaanvirus CGHu3612 segment M, complete sequence",hantaan_3052480,hantaan,Orthohantavirus hantanense,3052480,Orthohantavirus hantanense,458671,M,3616,0.3957411504424779,b9b94a19b17bf93f584f49ad8dd945c621c4291fdc76a862a56ffa88705aeda8,within_expected_range,0.3064159292035398,0.1825221238938053,0.2132190265486725,0.2978429203539823,0,0,0.0,3616,,458671,CGHu3612,,China: Guizhou Province,,,COMPLETE,M,,False
EF990926.1,EF990926,"EF990926.1 Hantaanvirus CGAa1015 segment M, complete sequence",hantaan_3052480,hantaan,Orthohantavirus hantanense,3052480,Orthohantavirus hantanense,458668,M,3616,0.3976769911504424,2229e180fb878c6933ea90ef99922e5bc4b83ddcce01216444311d704e361e9d,within_expected_range,0.3044800884955752,0.183075221238938,0.2146017699115044,0.2978429203539823,0,0,0.0,3616,,458668,CGAa1015,,China: Guizhou Province,,,COMPLETE,M,,False
EF990927.1,EF990927,"EF990927.1 Hantaanvirus CGAa1011 segment M, complete sequence",hantaan_3052480,hantaan,Orthohantavirus hantanense,3052480,Orthohantavirus hantanense,458667,M,3616,0.3976769911504424,960c341a657589895494d92c3eb7c39136452ab047669d90142b4e11f40d2180,within_expected_range,0.3047566371681416,0.183075221238938,0.2146017699115044,0.2975663716814159,0,0,0.0,3616,,458667,CGAa1011,,China: Guizhou Province,,,COMPLETE,M,,False
EF990928.1,EF990928,"EF990928.1 Hantaanvirus CGAa4P15 segment M, complete sequence",hantaan_3052480,hantaan,Orthohantavirus hantanense,3052480,Orthohantavirus hantanense,458674,M,3616,0.3971238938053097,ce919e7d817cce4c063281f9c41848101b31414fef13f7ccb4d270b1016c244f,within_expected_range,0.3055862831858407,0.1847345132743363,0.2123893805309734,0.2972898230088495,0,0,0.0,3616,,458674,CGAa4P15,,China: Guizhou Province,,,COMPLETE,M,,False
EF990929.1,EF990929,"EF990929.1 Hantaanvirus CGAa4MP9 segment M, complete sequence",hantaan_3052480,hantaan,Orthohantavirus hantanense,3052480,Orthohantavirus hantanense,458673,M,3616,0.3971238938053097,3d138d130cf34cb69b706fafc69872903751dd27df711346af3a2dc5c68f4be3,within_expected_range,0.3075221238938053,0.1847345132743363,0.2123893805309734,0.2953539823008849,0,0,0.0,3616,,458673,CGAa4MP9,,China: Guizhou Province,,,COMPLETE,M,,False
GQ120966.1,GQ120966,"GQ120966.1 Hantaan virus segment M, complete sequence",hantaan_3052480,hantaan,Orthohantavirus hantanense,3052480,Orthohantavirus hantanense,3052480,M,3616,0.4021017699115044,16b15e28f2d1bddfbec0bb5a8b0dcf75d9af820b58829dbf2a07abd7b1c8c859,within_expected_range,0.3064159292035398,0.1897123893805309,0.2123893805309734,0.2914823008849557,0,0,0.0,3616,,3052480,Z251,,China,,2006,COMPLETE,M,,False
JQ083394.1,JQ083394,"JQ083394.1 Hantaan virus strain HV004 segment M, complete sequence",hantaan_3052480,hantaan,Orthohantavirus hantanense,3052480,Orthohantavirus hantanense,3052480,M,3616,0.3904867256637168,eea7b6571a3f717e47fb765b2fa955e95dc61180760b6d0737a98d0cdbbedf45,within_expected_range,0.3066924778761062,0.1800331858407079,0.2104535398230088,0.302820796460177,0,0,0.0,3616,,3052480,HV004,,China: Hubei,,,COMPLETE,M,,False
KT885048.1,KT885048,"KT885048.1 Orthohantavirus hantanense strain 76-118/POR segment M, complete sequence",hantaan_3052480,hantaan,Orthohantavirus hantanense,3052480,Orthohantavirus hantanense,3052480,M,3616,0.3929756637168141,61a4339b65b46ed2c534116a9f8fe1f77b0fa29d81d4b4eef6edd471fac2f574,within_expected_range,0.308075221238938,0.1794800884955752,0.2134955752212389,0.2989491150442478,0,0,0.0,3616,,3052480,76-118/POR,,South Korea,,2015,COMPLETE,M,,False
KX687227.1,KX687227,"KX687227.1 Orthohantavirus hantanense isolate Aa13_3 segment M, complete sequence",hantaan_3052480,hantaan,Orthohantavirus hantanense,3052480,Orthohantavirus hantanense,3052480,M,3616,0.3979535398230088,54cd0ea4bde5cad96d8448ac621e12d79b1ffeb8dd7cdd59d633b287b852a289,within_expected_range,0.3105641592920354,0.1855641592920354,0.2123893805309734,0.2914823008849557,0,0,0.0,3616,,3052480,Aa13_3,,South Korea,,2013-09-12,COMPLETE,M,,False
KX687228.1,KX687228,"KX687228.1 Orthohantavirus hantanense isolate Aa14_186 segment M, complete sequence",hantaan_3052480,hantaan,Orthohantavirus hantanense,3052480,Orthohantavirus hantanense,3052480,M,3616,0.3985066371681416,a9995908dfbc3a72adc3c3e16ec7d8a4af494fce51f1efd57c9ca69ddf305254,within_expected_range,0.3086283185840708,0.1847345132743363,0.2137721238938053,0.2928650442477876,0,0,0.0,3616,,3052480,Aa14_186,,South Korea,,2014-09-23,COMPLETE,M,,False
KX687229.1,KX687229,"KX687229.1 Orthohantavirus hantanense isolate Aa14_207 segment M, complete sequence",hantaan_3052480,hantaan,Orthohantavirus hantanense,3052480,Orthohantavirus hantanense,3052480,M,3616,0.4004424778761062,0cb7e3aaf56789916db4047506a949ae9fee6d3240a196baa525fe742935d550,within_expected_range,0.308075221238938,0.1861172566371681,0.214325221238938,0.2914823008849557,0,0,0.0,3616,,3052480,Aa14_207,,South Korea,,2014-09-24,COMPLETE,M,,False
KX687230.1,KX687230,"KX687230.1 Orthohantavirus hantanense isolate Aa14_234 segment M, complete sequence",hantaan_3052480,hantaan,Orthohantavirus hantanense,3052480,Orthohantavirus hantanense,3052480,M,3616,0.3985066371681416,9849acba76166372036127cf781bab0ed2ae9072aa732daf99f4792114f086a0,within_expected_range,0.3094579646017699,0.1863938053097345,0.212112831858407,0.2920353982300885,0,0,0.0,3616,,3052480,Aa14_234,,South Korea,,2014-09-25,COMPLETE,M,,False
KX687231.1,KX687231,"KX687231.1 Orthohantavirus hantanense isolate Aa14_239 segment M, complete sequence",hantaan_3052480,hantaan,Orthohantavirus hantanense,3052480,Orthohantavirus hantanense,3052480,M,3616,0.3971238938053097,7222a806711511ca94840e69351bc40161200700d92ee823e4ae354a9e9f4e9a,within_expected_range,0.310287610619469,0.1855641592920354,0.2115597345132743,0.2925884955752212,0,0,0.0,3616,,3052480,Aa14_239,,South Korea,,2014-09-25,COMPLETE,M,,False
KY594715.1,KY594715,"KY594715.1 Orthohantavirus hantanense strain Aa 08-1111 glycoprotein gene, complete cds",hantaan_3052480,hantaan,Orthohantavirus hantanense,3052480,Orthohantavirus hantanense,3052480,M,3616,0.3932522123893805,6dd0ae4d6c6a5a1f085bbef6d6d88290a6e4208cd4e4217c96655fdefcc462bd,within_expected_range,0.3108407079646018,0.1819690265486725,0.2112831858407079,0.2959070796460177,0,0,0.0,3616,,3052480,Aa 08-1111,,South Korea,,,COMPLETE,,,False
KY594716.1,KY594716,"KY594716.1 Orthohantavirus hantanense strain Aa 09-189 glycoprotein gene, complete cds",hantaan_3052480,hantaan,Orthohantavirus hantanense,3052480,Orthohantavirus hantanense,3052480,M,3616,0.3932522123893805,f2de3f241234285d807aede362bbb2772736fb044c1fd82fbb9672d2f3ca1082,within_expected_range,0.3108407079646018,0.1819690265486725,0.2112831858407079,0.2959070796460177,0,0,0.0,3616,,3052480,Aa 09-189,,South Korea,,,COMPLETE,,,False
KY978756.1,KY978756,"KY978756.1 Orthohantavirus hantanense isolate AYW89-15 segment M, complete sequence",hantaan_3052480,hantaan,Orthohantavirus hantanense,3052480,Orthohantavirus hantanense,3052480,M,3616,0.4009955752212389,003a4d6b8652fa6a3f284135ce595f9c7ad001f8fb772a4888eeabe0e1ab1f36,within_expected_range,0.3053097345132743,0.1841814159292035,0.2168141592920354,0.2936946902654867,0,0,0.0,3616,,3052480,AYW89-15,,"China: Anyi, Jiangxi",,2015,COMPLETE,M,,False
MK548655.1,MK548655,"MK548655.1 Orthohantavirus hantanense strain Aa16-19-P segment M, complete sequence",hantaan_3052480,hantaan,Orthohantavirus hantanense,3052480,Orthohantavirus hantanense,3052480,M,3616,0.3998893805309734,a1e50d082bac9424edbf494e982846e0a5424c02a5de5d71d5ed45904354d440,within_expected_range,0.308075221238938,0.1861172566371681,0.2137721238938053,0.2920353982300885,0,0,0.0,3616,,3052480,Aa16-19-P,,South Korea,,2016-06-21,COMPLETE,M,,False
MK548656.1,MK548656,"MK548656.1 Orthohantavirus hantanense strain Aa16-21-P segment M, complete sequence",hantaan_3052480,hantaan,Orthohantavirus hantanense,3052480,Orthohantavirus hantanense,3052480,M,3616,0.398783185840708,51bd73d226d7cbb35fc9aae41f37f11920900a3a970bfdffd925845fddc115e7,within_expected_range,0.3089048672566372,0.185287610619469,0.2134955752212389,0.2923119469026549,0,0,0.0,3616,,3052480,Aa16-21-P,,South Korea,,2016-06-21,COMPLETE,M,,False
MK548657.1,MK548657,"MK548657.1 Orthohantavirus hantanense strain Aa16-22-P segment M, complete sequence",hantaan_3052480,hantaan,Orthohantavirus hantanense,3052480,Orthohantavirus hantanense,3052480,M,3616,0.398783185840708,5091969b57722c208c7fb6f6f382b3f7ecbe950f4da0e78601bc913d3b95a33e,within_expected_range,0.3094579646017699,0.1858407079646017,0.2129424778761062,0.2917588495575221,0,0,0.0,3616,,3052480,Aa16-22-P,,South Korea,,2016-06-21,COMPLETE,M,,False
MK548658.1,MK548658,"MK548658.1 Orthohantavirus hantanense strain Aa16-50-P segment M, complete sequence",hantaan_3052480,hantaan,Orthohantavirus hantanense,3052480,Orthohantavirus hantanense,3052480,M,3616,0.4001659292035398,25216128f983505e6d759b50a3bd42e1ddc47b20c205de17d3d2cd7f7dbd4a03,within_expected_range,0.3100110619469026,0.1875,0.2126659292035398,0.2898230088495575,0,0,0.0,3616,,3052480,Aa16-50-P,,South Korea,,2016-10-12,COMPLETE,M,,False
MK548659.1,MK548659,"MK548659.1 Orthohantavirus hantanense strain Aa16-181-P segment M, complete sequence",hantaan_3052480,hantaan,Orthohantavirus hantanense,3052480,Orthohantavirus hantanense,3052480,M,3616,0.399612831858407,6b179d06098287ed79c5c00f1e8471f520c827d501ee6c5c0592a09d6980fc76,within_expected_range,0.308075221238938,0.1858407079646017,0.2137721238938053,0.2923119469026549,0,0,0.0,3616,,3052480,Aa16-181-P,,South Korea,,2016-11-25,COMPLETE,M,,False
MK548662.1,MK548662,"MK548662.1 Orthohantavirus hantanense strain Aa17-66-P segment M, complete sequence",hantaan_3052480,hantaan,Orthohantavirus hantanense,3052480,Orthohantavirus hantanense,3052480,M,3616,0.3990597345132743,22dcd6b81f9cbd5ea9c1f0111ac06b5241910dbf7611fbbb4539f08e7818628a,within_expected_range,0.308075221238938,0.185287610619469,0.2137721238938053,0.2928650442477876,0,0,0.0,3616,,3052480,Aa17-66-P,,South Korea,,2017-04-27,COMPLETE,M,,False
MK548663.1,MK548663,"MK548663.1 Orthohantavirus hantanense strain Aa17-76-P segment M, complete sequence",hantaan_3052480,hantaan,Orthohantavirus hantanense,3052480,Orthohantavirus hantanense,3052480,M,3616,0.3990597345132743,2ab80b2045caf9ae7f6b942ee1b7416032ac09d7d3a64c0984d89c1624342a74,within_expected_range,0.3077986725663716,0.1850110619469026,0.2140486725663717,0.2931415929203539,0,0,0.0,3616,,3052480,Aa17-76-P,,South Korea,,2017-04-27,COMPLETE,M,,False
MK548683.1,MK548683,"MK548683.1 Orthohantavirus hantanense strain Aa16-50-R segment M, complete sequence",hantaan_3052480,hantaan,Orthohantavirus hantanense,3052480,Orthohantavirus hantanense,3052480,M,3616,0.4004424778761062,92c93ee3490be62e390b6b28da7fada91d5268f5e7558ea5b0a6fb4cc72e2e42,within_expected_range,0.3100110619469026,0.1877765486725663,0.2126659292035398,0.2895464601769911,0,0,0.0,3616,,3052480,Aa16-50-R,,South Korea,,2016-10-12,COMPLETE,M,,False
MK548688.1,MK548688,"MK548688.1 Orthohantavirus hantanense strain Aa17-49-R segment M, complete sequence",hantaan_3052480,hantaan,Orthohantavirus hantanense,3052480,Orthohantavirus hantanense,3052480,M,3616,0.399612831858407,f6e720b68ebc9489baf7c75cf25f3f5363e1fedf6a8c1d502416cca791ed950b,within_expected_range,0.3097345132743362,0.1858407079646017,0.2137721238938053,0.2906526548672566,0,0,0.0,3616,,3052480,Aa17-49-R,,South Korea,,2017-04-18,COMPLETE,M,,False
PQ247660.1,PQ247660,"PQ247660.1 Orthohantavirus hantanense isolate Aa22-65 glycoprotein gene, complete cds",hantaan_3052480,hantaan,Orthohantavirus hantanense,3052480,Orthohantavirus hantanense,3052480,M,3616,0.3929756637168141,2279cc6ef8d29714470ce9b40bf21af38768b37d6f80c38efd0664e44ddaaa26,within_expected_range,0.3113938053097345,0.1825221238938053,0.2104535398230088,0.2956305309734513,0,0,0.0,3616,,3052480,Aa22-65,,South Korea: Inje,,2022-04-20,COMPLETE,,,False
PQ247661.1,PQ247661,"PQ247661.1 Orthohantavirus hantanense isolate Aa22-82 glycoprotein gene, complete cds",hantaan_3052480,hantaan,Orthohantavirus hantanense,3052480,Orthohantavirus hantanense,3052480,M,3616,0.3974004424778761,8637736b35d79b16050d036822b7485dac5e2ec7242a8ff592d266466d4d4aea,within_expected_range,0.3122234513274336,0.1863938053097345,0.2110066371681415,0.2903761061946903,0,0,0.0,3616,,3052480,Aa22-82,,South Korea: Yeoncheon,,2022-04-28,COMPLETE,,,False
PQ247662.1,PQ247662,"PQ247662.1 Orthohantavirus hantanense isolate Aa22-84 glycoprotein gene, complete cds",hantaan_3052480,hantaan,Orthohantavirus hantanense,3052480,Orthohantavirus hantanense,3052480,M,3616,0.399612831858407,df476fad93efbad7344099e1ece8550505e75af05a046c413f2242c8c62c6f3d,within_expected_range,0.3091814159292035,0.1866703539823009,0.2129424778761062,0.2912057522123893,0,0,0.0,3616,,3052480,Aa22-84,,South Korea: Paju,,2022-05-04,COMPLETE,,,False
PQ247663.1,PQ247663,"PQ247663.1 Orthohantavirus hantanense isolate Aa22-95 glycoprotein gene, complete cds",hantaan_3052480,hantaan,Orthohantavirus hantanense,3052480,Orthohantavirus hantanense,3052480,M,3616,0.3998893805309734,75a0f1f8b601138c9d56724340ac8f14fb4ad41745a0b38a1f356df8b62cad3c,within_expected_range,0.3094579646017699,0.1863938053097345,0.2134955752212389,0.2906526548672566,0,0,0.0,3616,,3052480,Aa22-95,,South Korea: Paju,,2022-05-04,COMPLETE,,,False
PQ247664.1,PQ247664,"PQ247664.1 Orthohantavirus hantanense isolate Aa22-127 glycoprotein gene, complete cds",hantaan_3052480,hantaan,Orthohantavirus hantanense,3052480,Orthohantavirus hantanense,3052480,M,3616,0.3990597345132743,c17b8c87992b2af49cd4a1743b2d57a4c4968be793159cb0a831a399a848df01,within_expected_range,0.308075221238938,0.1850110619469026,0.2140486725663717,0.2928650442477876,0,0,0.0,3616,,3052480,Aa22-127,,South Korea: Hwacheon,,2022-05-27,COMPLETE,,,False
PQ247665.1,PQ247665,"PQ247665.1 Orthohantavirus hantanense isolate Aa22-159 glycoprotein gene, complete cds",hantaan_3052480,hantaan,Orthohantavirus hantanense,3052480,Orthohantavirus hantanense,3052480,M,3616,0.3968473451327434,22b50abbc7d878e3b66647795b55af242d6c5359129d093b47435da29ed98794,within_expected_range,0.310287610619469,0.1850110619469026,0.2118362831858407,0.2928650442477876,0,0,0.0,3616,,3052480,Aa22-159,,South Korea: Cheorwon,,2022-06-16,COMPLETE,,,False
PQ247666.1,PQ247666,"PQ247666.1 Orthohantavirus hantanense isolate Aa22-184 glycoprotein gene, complete cds",hantaan_3052480,hantaan,Orthohantavirus hantanense,3052480,Orthohantavirus hantanense,3052480,M,3616,0.3974004424778761,0e0e4a147cf0df08bf453dd2dd724895382a064cc005cd2f2965f6b6ed0adad3,within_expected_range,0.3108407079646018,0.1858407079646017,0.2115597345132743,0.2917588495575221,0,0,0.0,3616,,3052480,Aa22-184,,South Korea: Yeoncheon,,2022-07-12,COMPLETE,,,False
PQ247667.1,PQ247667,"PQ247667.1 Orthohantavirus hantanense isolate Aa23-35 glycoprotein gene, complete cds",hantaan_3052480,hantaan,Orthohantavirus hantanense,3052480,Orthohantavirus hantanense,3052480,M,3616,0.3957411504424779,adb06673b33acb29f3c2228a946f1c5eb437b027961cd0ff28f9f44ff3261184,within_expected_range,0.3100110619469026,0.1825221238938053,0.2132190265486725,0.2942477876106195,0,0,0.0,3616,,3052480,Aa23-35,,South Korea: Yeoncheon,,2023-03-28,COMPLETE,,,False
PQ247668.1,PQ247668,"PQ247668.1 Orthohantavirus hantanense isolate Aa23-115 glycoprotein gene, complete cds",hantaan_3052480,hantaan,Orthohantavirus hantanense,3052480,Orthohantavirus hantanense,3052480,M,3616,0.3990597345132743,420210c3f996d96d42015d657a3768793b800d26d25b5d8523540ec913de1964,within_expected_range,0.3097345132743362,0.1861172566371681,0.2129424778761062,0.2912057522123893,0,0,0.0,3616,,3052480,Aa23-115,,South Korea: Cheorwon,,2023-04-20,COMPLETE,,,False
PQ247669.1,PQ247669,"PQ247669.1 Orthohantavirus hantanense isolate Aa23-117 glycoprotein gene, complete cds",hantaan_3052480,hantaan,Orthohantavirus hantanense,3052480,Orthohantavirus hantanense,3052480,M,3616,0.3993362831858407,80ec4466d0fcb50ca06c4d7821a182df551706ae9eb5dee0cc805d073a439374,within_expected_range,0.3097345132743362,0.1863938053097345,0.2129424778761062,0.290929203539823,0,0,0.0,3616,,3052480,Aa23-117,,South Korea: Cheorwon,,2023-04-20,COMPLETE,,,False
PQ247670.1,PQ247670,"PQ247670.1 Orthohantavirus hantanense isolate Aa23-118 glycoprotein gene, complete cds",hantaan_3052480,hantaan,Orthohantavirus hantanense,3052480,Orthohantavirus hantanense,3052480,M,3616,0.3993362831858407,8fc8ba23195321b13c344dc4467756e92f4470b50b6ebfeef48c2f9748beaba8,within_expected_range,0.3097345132743362,0.1863938053097345,0.2129424778761062,0.290929203539823,0,0,0.0,3616,,3052480,Aa23-118,,South Korea: Cheorwon,,2023-04-20,COMPLETE,,,False
PQ247671.1,PQ247671,"PQ247671.1 Orthohantavirus hantanense isolate Aa23-130 glycoprotein gene, complete cds",hantaan_3052480,hantaan,Orthohantavirus hantanense,3052480,Orthohantavirus hantanense,3052480,M,3616,0.3990597345132743,b18db963ea57fb8d31fe7be452626036317b5331a4f69d4fb477c6a6637b3c98,within_expected_range,0.3100110619469026,0.1863938053097345,0.2126659292035398,0.290929203539823,0,0,0.0,3616,,3052480,Aa23-130,,South Korea: Cheorwon,,2023-04-20,COMPLETE,,,False
PQ247672.1,PQ247672,"PQ247672.1 Orthohantavirus hantanense isolate Aa23-132 glycoprotein gene, complete cds",hantaan_3052480,hantaan,Orthohantavirus hantanense,3052480,Orthohantavirus hantanense,3052480,M,3616,0.3990597345132743,8a9983eff0b45cd3f5705bf260a93b97a09dee4bd4b93fdd0086e14ac3b82399,within_expected_range,0.3097345132743362,0.1863938053097345,0.2126659292035398,0.2912057522123893,0,0,0.0,3616,,3052480,Aa23-132,,South Korea: Cheorwon,,2023-04-20,COMPLETE,,,False
PQ247673.1,PQ247673,"PQ247673.1 Orthohantavirus hantanense isolate Aa23-170 glycoprotein gene, complete cds",hantaan_3052480,hantaan,Orthohantavirus hantanense,3052480,Orthohantavirus hantanense,3052480,M,3616,0.3985066371681416,f2ee6911b44173955bd69b5941626eae3bbfea2358956e4e09c4b7bf198ef40e,within_expected_range,0.3083517699115044,0.1841814159292035,0.214325221238938,0.2931415929203539,0,0,0.0,3616,,3052480,Aa23-170,,South Korea: Paju,,2023-03-17,COMPLETE,,,False
PQ247674.1,PQ247674,"PQ247674.1 Orthohantavirus hantanense isolate Aa23-174 glycoprotein gene, complete cds",hantaan_3052480,hantaan,Orthohantavirus hantanense,3052480,Orthohantavirus hantanense,3052480,M,3616,0.3990597345132743,6ecdee7f44d4314f15412dfa989178a590843cd119ea70facee1d1f637645ebe,within_expected_range,0.308075221238938,0.1844579646017699,0.2146017699115044,0.2928650442477876,0,0,0.0,3616,,3052480,Aa23-174,,South Korea: Paju,,2023-03-17,COMPLETE,,,False
OR711250.1,OR711250,"OR711250.1 Orthohantavirus hantanense isolate HNTV/Apodemus_agrarius/Russia(Primorye)/FE-5454/2010 segment M, complete sequence",hantaan_3052480,hantaan,Orthohantavirus hantanense,3052480,Orthohantavirus hantanense,3052480,M,3648,0.3925438596491228,4da9e47d9e5de323bab0943536b492a59dfaf96a9a483a9b3728847718a01bd2,within_expected_range,0.306469298245614,0.178453947368421,0.2140899122807017,0.3009868421052631,0,0,0.0,3648,,3052480,HNTV/Apodemus_agrarius/Russia(Primorye)/FE-5454/2010,,Russia,,2010-08-02,COMPLETE,M,,False
OR113725.1,OR113725,"OR113725.1 Orthohantavirus hantanense strain Aa17-1_CU segment S, complete sequence",hantaan_3052480,hantaan,Orthohantavirus hantanense,3052480,Orthohantavirus hantanense,3052480,S,1660,0.4228915662650602,e949d71fa51e216f4e188ef5b915e92b367d553ebc9c89d9972179990100e214,within_expected_range,0.3114457831325301,0.1933734939759036,0.2295180722891566,0.2656626506024096,0,0,0.0,1660,,3052480,Aa17-1_CU,,South Korea: Gwangju-si,,2017-09,COMPLETE,S,,False
OR113726.1,OR113726,"OR113726.1 Orthohantavirus hantanense strain Aa19-40_CU segment S, complete sequence",hantaan_3052480,hantaan,Orthohantavirus hantanense,3052480,Orthohantavirus hantanense,3052480,S,1660,0.4186746987951807,8c9a465d91aad70c425e56e955b7d3b533878b21e9413fc56154835a4ffe4506,within_expected_range,0.3126506024096385,0.1909638554216867,0.2277108433734939,0.2686746987951807,0,0,0.0,1660,,3052480,Aa19-40_CU,,South Korea: Boseong-gun,,2019-06,COMPLETE,S,,False
OR113727.1,OR113727,"OR113727.1 Orthohantavirus hantanense strain Aa19-96_CU segment S, complete sequence",hantaan_3052480,hantaan,Orthohantavirus hantanense,3052480,Orthohantavirus hantanense,3052480,S,1660,0.4162650602409639,293736197bc85d8ed588994efafd570b30206604a6aa93e196222b13933bf159,within_expected_range,0.3138554216867469,0.1903614457831325,0.2259036144578313,0.2698795180722891,0,0,0.0,1660,,3052480,Aa19-96_CU,,South Korea: Boseong-gun,,2019-10,COMPLETE,S,,False
OR113728.1,OR113728,"OR113728.1 Orthohantavirus hantanense strain Aa19-102_CU segment S, complete sequence",hantaan_3052480,hantaan,Orthohantavirus hantanense,3052480,Orthohantavirus hantanense,3052480,S,1660,0.4144578313253012,6cc97df5fa7aab8314850188100faa65be602a5e4183e897eeeb3fbdbd2caf72,within_expected_range,0.3138554216867469,0.1891566265060241,0.2253012048192771,0.2716867469879518,0,0,0.0,1660,,3052480,Aa19-102_CU,,South Korea: Boseong-gun,,2019-10,COMPLETE,S,,False
OR113729.1,OR113729,"OR113729.1 Orthohantavirus hantanense strain Aa19-106_CU segment S, complete sequence",hantaan_3052480,hantaan,Orthohantavirus hantanense,3052480,Orthohantavirus hantanense,3052480,S,1660,0.416867469879518,3445b2d4020f7403070299d1a9be8aa7865dc9efbccaa94c7c7f07b4cdccfe35,within_expected_range,0.3138554216867469,0.1909638554216867,0.2259036144578313,0.2692771084337349,0,0,0.0,1660,,3052480,Aa19-106_CU,,South Korea: Boseong-gun,,2019-11,COMPLETE,S,,False
OR113730.1,OR113730,"OR113730.1 Orthohantavirus hantanense strain Aa19-109_CU segment S, complete sequence",hantaan_3052480,hantaan,Orthohantavirus hantanense,3052480,Orthohantavirus hantanense,3052480,S,1660,0.4186746987951807,6f89890598c571bee2ae63b22146b8f4d8435720326c575593b6cfdcf231fae8,within_expected_range,0.3126506024096385,0.1909638554216867,0.2277108433734939,0.2686746987951807,0,0,0.0,1660,,3052480,Aa19-109_CU,,South Korea: Boseong-gun,,2019-11,COMPLETE,S,,False
OR113731.1,OR113731,"OR113731.1 Orthohantavirus hantanense strain CUH_2020-003 segment S, complete sequence",hantaan_3052480,hantaan,Orthohantavirus hantanense,3052480,Orthohantavirus hantanense,3052480,S,1660,0.4265060240963855,872e5bb835e831e94594f9923b5cc0e252724bbb23d235e0a17deb997dde5550,within_expected_range,0.3078313253012048,0.1933734939759036,0.2331325301204819,0.2656626506024096,0,0,0.0,1660,,3052480,CUH_2020-003,,South Korea,,2020-01,COMPLETE,S,,False
OR113732.1,OR113732,"OR113732.1 Orthohantavirus hantanense strain CUH_2020-509 segment S, complete sequence",hantaan_3052480,hantaan,Orthohantavirus hantanense,3052480,Orthohantavirus hantanense,3052480,S,1660,0.4240963855421686,6505143536ffd11800a330528b56bc625f3f544792241f74b8b198a33afbea51,within_expected_range,0.3108433734939759,0.1933734939759036,0.230722891566265,0.2650602409638554,0,0,0.0,1660,,3052480,CUH_2020-509,,South Korea,,2020-06,COMPLETE,S,,False
OR113733.1,OR113733,"OR113733.1 Orthohantavirus hantanense strain CUH_2021-1167 segment S, complete sequence",hantaan_3052480,hantaan,Orthohantavirus hantanense,3052480,Orthohantavirus hantanense,3052480,S,1660,0.4307228915662651,6e179cbde7b5898af40ebd9d657cc0634cff1640cbcd97f4a98d1d9988906b74,within_expected_range,0.3024096385542169,0.1933734939759036,0.2373493975903614,0.2668674698795181,0,0,0.0,1660,,3052480,CUH_2021-1167,,South Korea,,2021-11,COMPLETE,S,,False
OR113735.1,OR113735,"OR113735.1 Orthohantavirus hantanense strain Aa17-2_CU segment S, complete sequence",hantaan_3052480,hantaan,Orthohantavirus hantanense,3052480,Orthohantavirus hantanense,3052480,S,1660,0.4228915662650602,141225a13d4e5e3130974ec460b503b2068b025d7d5fc899c80b9f739c97a29c,within_expected_range,0.3114457831325301,0.1933734939759036,0.2295180722891566,0.2656626506024096,0,0,0.0,1660,,3052480,Aa17-2_CU,,South Korea: Gwangju-si,,2017-11,COMPLETE,S,,False
OR113738.1,OR113738,"OR113738.1 Orthohantavirus hantanense strain CUH_2017-1155 segment S, complete sequence",hantaan_3052480,hantaan,Orthohantavirus hantanense,3052480,Orthohantavirus hantanense,3052480,S,1660,0.4210843373493976,fe845826e8f827e993b4fc530fac8288ba976803a521cb21868d5a0dace39750,within_expected_range,0.3102409638554217,0.1903614457831325,0.230722891566265,0.2686746987951807,0,0,0.0,1660,,3052480,CUH_2017-1155,,South Korea,,2017-11,COMPLETE,S,,False
OR113741.1,OR113741,"OR113741.1 Orthohantavirus hantanense strain CUH_2018-603 segment S, complete sequence",hantaan_3052480,hantaan,Orthohantavirus hantanense,3052480,Orthohantavirus hantanense,3052480,S,1660,0.4228915662650602,fec01ea4ce1617d7ef403d75dff596df76f55a93279d701ecbe428dd5f49246e,within_expected_range,0.3120481927710843,0.1921686746987951,0.230722891566265,0.2650602409638554,0,0,0.0,1660,,3052480,CUH_2018-603,,South Korea,,2018-07,COMPLETE,S,,False
EF990914.1,EF990914,"EF990914.1 Hantaanvirus CGAa4P15 segment S, complete sequence",hantaan_3052480,hantaan,Orthohantavirus hantanense,3052480,Orthohantavirus hantanense,458674,S,1681,0.4247471743010113,877603e815c72a143acc47af3b4170b2f4e7aa6295c1e07b18b87fb3d057740d,within_expected_range,0.3242117787031529,0.1945270672218917,0.2302201070791195,0.2510410469958358,0,0,0.0,1681,,458674,CGAa4P15,,China: Guizhou Province,,,COMPLETE,S,,False
EF990915.1,EF990915,"EF990915.1 Hantaanvirus CGAa4MP9 segment S, complete sequence",hantaan_3052480,hantaan,Orthohantavirus hantanense,3052480,Orthohantavirus hantanense,458673,S,1681,0.4235574063057704,9bf88d0033f3bb2e871989eea549fa900dadbd51bc12be3bafd1547dbb0048ee,within_expected_range,0.3242117787031529,0.1927424152290303,0.23081499107674,0.2522308149910767,0,0,0.0,1681,,458673,CGAa4MP9,,China: Guizhou Province,,,COMPLETE,S,,False
EF990912.1,EF990912,"EF990912.1 Hantaanvirus CGAa1015 segment S, complete sequence",hantaan_3052480,hantaan,Orthohantavirus hantanense,3052480,Orthohantavirus hantanense,458668,S,1682,0.4262782401902497,be0448c70e27468f84cf6c954cf3711dd1071fcf7b969bed1b0d5c105a398741,within_expected_range,0.3192627824019025,0.1890606420927467,0.2372175980975029,0.2544589774078478,0,0,0.0,1682,,458668,CGAa1015,,China: Guizhou Province,,,COMPLETE,S,,False
EF990913.1,EF990913,"EF990913.1 Hantaanvirus CGAa1011 segment S, complete sequence",hantaan_3052480,hantaan,Orthohantavirus hantanense,3052480,Orthohantavirus hantanense,458667,S,1682,0.4262782401902497,e4fafb14d19e1d4ffbeac1f2ece777592f18214e04f5e1048a1a26ce485fe521,within_expected_range,0.3162901307966706,0.1890606420927467,0.2372175980975029,0.2574316290130796,0,0,0.0,1682,,458667,CGAa1011,,China: Guizhou Province,,,COMPLETE,S,,False
EF990906.1,EF990906,"EF990906.1 Hantaanvirus CGRn5310 segment S, complete sequence",hantaan_3052480,hantaan,Orthohantavirus hantanense,3052480,Orthohantavirus hantanense,458676,S,1686,0.4270462633451957,447af37cab0603bdadc7fe766767e90ac8813c1f547f87affa4c9b28fbb8587f,within_expected_range,0.3131672597864768,0.1945432977461447,0.232502965599051,0.2597864768683274,0,0,0.0,1686,,458676,CGRn5310,,China: Guizhou Province,,,COMPLETE,S,,False
AY017064.1,AY017064,"AY017064.1 Hantaan virus strain 84FLi segment S nucleocapsid protein mRNA, complete cds",hantaan_3052480,hantaan,Orthohantavirus hantanense,3052480,Orthohantavirus hantanense,3052480,S,1688,0.4229857819905213,14aecad580d61a1093673e92a8582403e04e69c64371b6be7008c89d21a07a27,within_expected_range,0.3139810426540284,0.1925355450236966,0.2304502369668246,0.2630331753554502,0,0,0.0,1688,,3052480,84FLi,,,,,COMPLETE,S,,False
EF990905.1,EF990905,"EF990905.1 Hantaanvirus CGRn93MP8 segment S, complete sequence",hantaan_3052480,hantaan,Orthohantavirus hantanense,3052480,Orthohantavirus hantanense,458677,S,1688,0.4283175355450237,1f0ea0b962f2acf141cb12b0ef86243b05a195d04991fd7e7c49ad01c54cf161,within_expected_range,0.3127962085308057,0.1954976303317535,0.2328199052132701,0.2588862559241706,0,0,0.0,1688,,458677,CGRn93MP8,,China: Guizhou Province,,,COMPLETE,S,,False
EF990907.1,EF990907,"EF990907.1 Hantaanvirus CGRn53 segment S, complete sequence",hantaan_3052480,hantaan,Orthohantavirus hantanense,3052480,Orthohantavirus hantanense,458675,S,1688,0.4271327014218009,81bf9461cc45ab5fa7616ef6bfe9496c6b99629c27c859576960e9f757da85ea,within_expected_range,0.3127962085308057,0.1949052132701421,0.2322274881516587,0.2600710900473933,0,0,0.0,1688,,458675,CGRn53,,China: Guizhou Province,,,COMPLETE,S,,False
EF990911.1,EF990911,"EF990911.1 Hantaanvirus CGAa31MP7 segment S, complete sequence",hantaan_3052480,hantaan,Orthohantavirus hantanense,3052480,Orthohantavirus hantanense,458669,S,1688,0.4324644549763033,c908469cc81d4b2c6949ce6953f4de203d482190b3a6a506510381249a11c61f,within_expected_range,0.3092417061611374,0.1984597156398104,0.2340047393364928,0.2582938388625592,0,0,0.0,1688,,458669,CGAa31MP7,,China: Guizhou Province,,,COMPLETE,S,,False
EF990904.1,EF990904,"EF990904.1 Hantaanvirus CGRn93P8 segment S, complete sequence",hantaan_3052480,hantaan,Orthohantavirus hantanense,3052480,Orthohantavirus hantanense,458678,S,1689,0.4268798105387803,c5408bbdbcd8e20908ef1436793200d936ed1ddec7c814c346faa40274ea4d69,within_expected_range,0.3126110124333925,0.1947898164594434,0.2320899940793369,0.2605091770278271,0,0,0.0,1689,,458678,CGRn93P8,,China: Guizhou Province,,,COMPLETE,S,,False
EF990910.1,EF990910,"EF990910.1 Hantaanvirus CGAa31P9 segment S, complete sequence",hantaan_3052480,hantaan,Orthohantavirus hantanense,3052480,Orthohantavirus hantanense,458670,S,1689,0.428656009473061,3a11c0cc6ccb04e1376cd6a67e414f6ed5845e70c81528d6530572b214bf4740,within_expected_range,0.3132030787448194,0.1977501480165778,0.2309058614564831,0.2581409117821196,0,0,0.0,1689,,458670,CGAa31P9,,China: Guizhou Province,,,COMPLETE,S,,False
KX687234.1,KX687234,"KX687234.1 Orthohantavirus hantanense isolate Aa14_207 segment S, complete sequence",hantaan_3052480,hantaan,Orthohantavirus hantanense,3052480,Orthohantavirus hantanense,3052480,S,1695,0.4300884955752212,de7795a3266d25bab89494cc3f305c14f32d828ddaa1ded0cb4e1963b849bea2,within_expected_range,0.3050147492625368,0.191740412979351,0.2383480825958702,0.2648967551622418,0,0,0.0,1695,,3052480,Aa14_207,,South Korea,,2014-09-24,COMPLETE,S,,False
KY594718.1,KY594718,"KY594718.1 Orthohantavirus hantanense strain Aa 08-1111 nucleocapsid protein gene, complete cds",hantaan_3052480,hantaan,Orthohantavirus hantanense,3052480,Orthohantavirus hantanense,3052480,S,1695,0.4342182890855457,5ced0cf42ff090da413cc0f6b170336c960c735c9a7bc9d88ef9ab3ac9c1b1a5,within_expected_range,0.303834808259587,0.1941002949852507,0.240117994100295,0.2619469026548672,0,0,0.0,1695,,3052480,Aa 08-1111,,South Korea,,,COMPLETE,,,False
EF121324.1,EF121324,"EF121324.1 Amur virus strain JilinAP06 segment S, complete sequence",hantaan_3052480,hantaan,Orthohantavirus hantanense,3052480,Orthohantavirus hantanense,86782,S,1696,0.4227594339622642,e9915d36637c67bab2e6a98468a7d7678b685945bffec8772b2a10d181674609,within_expected_range,0.3172169811320754,0.1933962264150943,0.2293632075471698,0.2600235849056603,0,0,0.0,1696,,86782,JilinAP06,,,,,COMPLETE,S,,False
KT885049.1,KT885049,"KT885049.1 Orthohantavirus hantanense strain 76-118/POR segment S, complete sequence",hantaan_3052480,hantaan,Orthohantavirus hantanense,3052480,Orthohantavirus hantanense,3052480,S,1696,0.428066037735849,faa446aa27cd1ed83d60ffa1f05eac7170e35f331cd33e3a94379eec4e263c75,within_expected_range,0.3048349056603773,0.191627358490566,0.236438679245283,0.2670990566037736,0,0,0.0,1696,,3052480,76-118/POR,,South Korea,,2015,COMPLETE,S,,False
KX687232.1,KX687232,"KX687232.1 Orthohantavirus hantanense isolate Aa13_3 segment S, complete sequence",hantaan_3052480,hantaan,Orthohantavirus hantanense,3052480,Orthohantavirus hantanense,3052480,S,1696,0.4298349056603773,2ca70b725978de4e5784f6b0820e67098f3b4655e2e5ae7735abe70b02eded49,within_expected_range,0.3042452830188679,0.1910377358490566,0.2387971698113207,0.2659198113207547,0,0,0.0,1696,,3052480,Aa13_3,,South Korea,,2013-09-12,COMPLETE,S,,False
KX687233.1,KX687233,"KX687233.1 Orthohantavirus hantanense isolate Aa14_186 segment S, complete sequence",hantaan_3052480,hantaan,Orthohantavirus hantanense,3052480,Orthohantavirus hantanense,3052480,S,1696,0.4310141509433962,3d91cd6bc57429637e1e32e701c8319340225a08f967f40e7877745c84454cf2,within_expected_range,0.3036556603773584,0.1910377358490566,0.2399764150943396,0.2653301886792453,0,0,0.0,1696,,3052480,Aa14_186,,South Korea,,2014-09-23,COMPLETE,S,,False
KX687235.1,KX687235,"KX687235.1 Orthohantavirus hantanense isolate Aa14_234 segment S, complete sequence",hantaan_3052480,hantaan,Orthohantavirus hantanense,3052480,Orthohantavirus hantanense,3052480,S,1696,0.4304245283018867,83c8db997407c87e9e2c748e2b15a9948e7b3d21d2b81fc04af48d1bc924dc48,within_expected_range,0.3048349056603773,0.1904481132075471,0.2399764150943396,0.2647405660377358,0,0,0.0,1696,,3052480,Aa14_234,,South Korea,,2014-09-25,COMPLETE,S,,False
KX687236.1,KX687236,"KX687236.1 Orthohantavirus hantanense isolate Aa14_239 segment S, complete sequence",hantaan_3052480,hantaan,Orthohantavirus hantanense,3052480,Orthohantavirus hantanense,3052480,S,1696,0.4310141509433962,f155695e1331b3912c1427e1cb24d52db1cefc74be13c6d8edcdbe2e0948763b,within_expected_range,0.3036556603773584,0.1904481132075471,0.240566037735849,0.2653301886792453,0,0,0.0,1696,,3052480,Aa14_239,,South Korea,,2014-09-25,COMPLETE,S,,False
KY594719.1,KY594719,"KY594719.1 Orthohantavirus hantanense strain Aa 09-189 nucleocapsid protein gene, complete cds",hantaan_3052480,hantaan,Orthohantavirus hantanense,3052480,Orthohantavirus hantanense,3052480,S,1696,0.4327830188679245,5f12e5cbb7c945b0745c8b95dbcb78b602c562dc1e9e73076574aa8aa97f8a87,within_expected_range,0.3042452830188679,0.1933962264150943,0.2393867924528301,0.2629716981132075,0,0,0.0,1696,,3052480,Aa 09-189,,South Korea,,,COMPLETE,,,False
MK548646.1,MK548646,"MK548646.1 Orthohantavirus hantanense strain Aa16-19-P segment S, complete sequence",hantaan_3052480,hantaan,Orthohantavirus hantanense,3052480,Orthohantavirus hantanense,3052480,S,1696,0.4292452830188679,46ec3bf13c3be9aebb3befd290095296817b1b5f39eae84948176ffd3275390c,within_expected_range,0.3036556603773584,0.1904481132075471,0.2387971698113207,0.2670990566037736,0,0,0.0,1696,,3052480,Aa16-19-P,,South Korea,,2016-06-21,COMPLETE,S,,False
MK548647.1,MK548647,"MK548647.1 Orthohantavirus hantanense strain Aa16-21-P segment S, complete sequence",hantaan_3052480,hantaan,Orthohantavirus hantanense,3052480,Orthohantavirus hantanense,3052480,S,1696,0.4292452830188679,a26a015b27964cf1079d02492d07c0c82b36907d5ec5a43a6c23b0558721ffe4,within_expected_range,0.3036556603773584,0.1898584905660377,0.2393867924528301,0.2670990566037736,0,0,0.0,1696,,3052480,Aa16-21-P,,South Korea,,2016-06-21,COMPLETE,S,,False
MK548648.1,MK548648,"MK548648.1 Orthohantavirus hantanense strain Aa16-22-P segment S, complete sequence",hantaan_3052480,hantaan,Orthohantavirus hantanense,3052480,Orthohantavirus hantanense,3052480,S,1696,0.4298349056603773,41a291fe58933479045a62019b37bf47323ca39adee611a02648d41e0854bfde,within_expected_range,0.303066037735849,0.1904481132075471,0.2393867924528301,0.2670990566037736,0,0,0.0,1696,,3052480,Aa16-22-P,,South Korea,,2016-06-21,COMPLETE,S,,False
MK548649.1,MK548649,"MK548649.1 Orthohantavirus hantanense strain Aa16-50-P segment S, complete sequence",hantaan_3052480,hantaan,Orthohantavirus hantanense,3052480,Orthohantavirus hantanense,3052480,S,1696,0.4274764150943396,af4b0d69318ccf5cb562e62417e07fdaa82b71d2d3ae19512c33006721d3bf7d,within_expected_range,0.3054245283018867,0.1910377358490566,0.236438679245283,0.2670990566037736,0,0,0.0,1696,,3052480,Aa16-50-P,,South Korea,,2016-10-12,COMPLETE,S,,False
MK548650.1,MK548650,"MK548650.1 Orthohantavirus hantanense strain Aa16-181-P segment S, complete sequence",hantaan_3052480,hantaan,Orthohantavirus hantanense,3052480,Orthohantavirus hantanense,3052480,S,1696,0.4286556603773584,b5938b49ad2969f34b2aaa9fef5c6a5b5d8c87eb3fb9e0e4288c6aefc3437229,within_expected_range,0.3048349056603773,0.1904481132075471,0.2382075471698113,0.2665094339622642,0,0,0.0,1696,,3052480,Aa16-181-P,,South Korea,,2016-11-25,COMPLETE,S,,False
MK548653.1,MK548653,"MK548653.1 Orthohantavirus hantanense strain Aa17-66-P segment S, complete sequence",hantaan_3052480,hantaan,Orthohantavirus hantanense,3052480,Orthohantavirus hantanense,3052480,S,1696,0.4286556603773584,abcba24c0e6e49bcfce4834bc159892a32bb330de3990a86a3dc22e56a34c2f0,within_expected_range,0.3048349056603773,0.1904481132075471,0.2382075471698113,0.2665094339622642,0,0,0.0,1696,,3052480,Aa17-66-P,,South Korea,,2017-04-27,COMPLETE,S,,False
MK548673.1,MK548673,"MK548673.1 Orthohantavirus hantanense strain Aa16-19-R segment S, complete sequence",hantaan_3052480,hantaan,Orthohantavirus hantanense,3052480,Orthohantavirus hantanense,3052480,S,1696,0.4298349056603773,9823dfbeeafa7c624451ed13405ee6b8091c1db35e735a48f1c27c2ccbdbe3ad,within_expected_range,0.303066037735849,0.1904481132075471,0.2393867924528301,0.2670990566037736,0,0,0.0,1696,,3052480,Aa16-19-R,,South Korea,,2016-06-21,COMPLETE,S,,False
MK548677.1,MK548677,"MK548677.1 Orthohantavirus hantanense strain Aa17-8-R segment S, complete sequence",hantaan_3052480,hantaan,Orthohantavirus hantanense,3052480,Orthohantavirus hantanense,3052480,S,1696,0.4286556603773584,a5571c3e4119fcd564f571ea78f74b18226684b0ebe96ddb009ecb8f1f79c55d,within_expected_range,0.3054245283018867,0.1910377358490566,0.2376179245283018,0.2659198113207547,0,0,0.0,1696,,3052480,Aa17-8-R,,South Korea,,2017-03-09,COMPLETE,S,,False
MK548678.1,MK548678,"MK548678.1 Orthohantavirus hantanense strain Aa17-48-R segment S, complete sequence",hantaan_3052480,hantaan,Orthohantavirus hantanense,3052480,Orthohantavirus hantanense,3052480,S,1696,0.428066037735849,279e662d6dfd4b469b0e72ed7a26298d5e4f10aa413129033ed225492c329019,within_expected_range,0.3054245283018867,0.1898584905660377,0.2382075471698113,0.2665094339622642,0,0,0.0,1696,,3052480,Aa17-48-R,,South Korea,,2017-04-18,COMPLETE,S,,False
PQ247675.1,PQ247675,"PQ247675.1 Orthohantavirus hantanense isolate Aa22-65 nucleocapsid protein gene, complete cds",hantaan_3052480,hantaan,Orthohantavirus hantanense,3052480,Orthohantavirus hantanense,3052480,S,1696,0.4292452830188679,0321342826f773fd231f8f46f0565c760763e864518f2db0cd3494d42c2f63c0,within_expected_range,0.3036556603773584,0.1892688679245283,0.2399764150943396,0.2670990566037736,0,0,0.0,1696,,3052480,Aa22-65,,South Korea: Inje,,2022-04-20,COMPLETE,,,False
PQ247676.1,PQ247676,"PQ247676.1 Orthohantavirus hantanense isolate Aa22-82 nucleocapsid protein gene, complete cds",hantaan_3052480,hantaan,Orthohantavirus hantanense,3052480,Orthohantavirus hantanense,3052480,S,1696,0.4257075471698113,51b43c57e30523f4237950481ddad62bc91bc034fe03ddb726cff18fd4ff976a,within_expected_range,0.3066037735849056,0.1880896226415094,0.2376179245283018,0.267688679245283,0,0,0.0,1696,,3052480,Aa22-82,,South Korea: Yeoncheon,,2022-04-28,COMPLETE,,,False
PQ247677.1,PQ247677,"PQ247677.1 Orthohantavirus hantanense isolate Aa22-84 nucleocapsid protein gene, complete cds",hantaan_3052480,hantaan,Orthohantavirus hantanense,3052480,Orthohantavirus hantanense,3052480,S,1696,0.4298349056603773,e33ad8ce7a6aa08fac6505df3dc97bcbeb3b58b143414bcc346fa98da3d644a6,within_expected_range,0.3060141509433962,0.1928066037735849,0.2370283018867924,0.2641509433962264,0,0,0.0,1696,,3052480,Aa22-84,,South Korea: Paju,,2022-05-04,COMPLETE,,,False
PQ247679.1,PQ247679,"PQ247679.1 Orthohantavirus hantanense isolate Aa22-127 nucleocapsid protein gene, complete cds",hantaan_3052480,hantaan,Orthohantavirus hantanense,3052480,Orthohantavirus hantanense,3052480,S,1696,0.4268867924528302,6c352d92b42ed49b6d265d6de5a9a82b15f975c964e67ad11c3b2eb365ff36a0,within_expected_range,0.3048349056603773,0.1880896226415094,0.2387971698113207,0.2682783018867924,0,0,0.0,1696,,3052480,Aa22-127,,South Korea: Hwacheon,,2022-05-27,COMPLETE,,,False
PQ247680.1,PQ247680,"PQ247680.1 Orthohantavirus hantanense isolate Aa22-159 nucleocapsid protein gene, complete cds",hantaan_3052480,hantaan,Orthohantavirus hantanense,3052480,Orthohantavirus hantanense,3052480,S,1696,0.4327830188679245,2ed7c77db1331e3a8bc97b8950cb12c492c6bf6b4314a36fc0bc6471303e6e1a,within_expected_range,0.3036556603773584,0.1910377358490566,0.2417452830188679,0.263561320754717,0,0,0.0,1696,,3052480,Aa22-159,,South Korea: Cheorwon,,2022-06-16,COMPLETE,,,False
PQ247681.1,PQ247681,"PQ247681.1 Orthohantavirus hantanense isolate Aa22-184 nucleocapsid protein gene, complete cds",hantaan_3052480,hantaan,Orthohantavirus hantanense,3052480,Orthohantavirus hantanense,3052480,S,1696,0.4292452830188679,f1996abbcf1bf38c59f250ba3ec0a7aa8a0c862698ff4fdc1749e51dfdc38973,within_expected_range,0.3048349056603773,0.1910377358490566,0.2382075471698113,0.2659198113207547,0,0,0.0,1696,,3052480,Aa22-184,,South Korea: Yeoncheon,,2022-07-12,COMPLETE,,,False
PQ247682.1,PQ247682,"PQ247682.1 Orthohantavirus hantanense isolate Aa23-35 nucleocapsid protein gene, complete cds",hantaan_3052480,hantaan,Orthohantavirus hantanense,3052480,Orthohantavirus hantanense,3052480,S,1696,0.4274764150943396,0dd80290f7a8c65c8cbf53095199838f362bc80c81b7114a5ebacb2c28b6f2d2,within_expected_range,0.3060141509433962,0.1892688679245283,0.2382075471698113,0.2665094339622642,0,0,0.0,1696,,3052480,Aa23-35,,South Korea: Yeoncheon,,2023-03-28,COMPLETE,,,False
PQ247683.1,PQ247683,"PQ247683.1 Orthohantavirus hantanense isolate Aa23-115 nucleocapsid protein gene, complete cds",hantaan_3052480,hantaan,Orthohantavirus hantanense,3052480,Orthohantavirus hantanense,3052480,S,1696,0.4304245283018867,d20ac815212b679cfbd911f99ed270c50fe7e5d1f1e5c548910b44bf62042be4,within_expected_range,0.3071933962264151,0.1910377358490566,0.2393867924528301,0.2623820754716981,0,0,0.0,1696,,3052480,Aa23-115,,South Korea: Cheorwon,,2023-04-20,COMPLETE,,,False
PQ247684.1,PQ247684,"PQ247684.1 Orthohantavirus hantanense isolate Aa23-117 nucleocapsid protein gene, complete cds",hantaan_3052480,hantaan,Orthohantavirus hantanense,3052480,Orthohantavirus hantanense,3052480,S,1696,0.4310141509433962,ca7da287415702d3551eb91bd875eda144b5c481b21c655b28aeb9438b7e3177,within_expected_range,0.3066037735849056,0.191627358490566,0.2393867924528301,0.2623820754716981,0,0,0.0,1696,,3052480,Aa23-117,,South Korea: Cheorwon,,2023-04-20,COMPLETE,,,False
PQ247685.1,PQ247685,"PQ247685.1 Orthohantavirus hantanense isolate Aa23-118 nucleocapsid protein gene, complete cds",hantaan_3052480,hantaan,Orthohantavirus hantanense,3052480,Orthohantavirus hantanense,3052480,S,1696,0.4310141509433962,c295cc09e9d28278876656c894070d42edd8acaa1fb855a087f6c647d312d9a5,within_expected_range,0.3066037735849056,0.1922169811320754,0.2387971698113207,0.2623820754716981,0,0,0.0,1696,,3052480,Aa23-118,,South Korea: Cheorwon,,2023-04-20,COMPLETE,,,False
PQ247687.1,PQ247687,"PQ247687.1 Orthohantavirus hantanense isolate Aa23-132 nucleocapsid protein gene, complete cds",hantaan_3052480,hantaan,Orthohantavirus hantanense,3052480,Orthohantavirus hantanense,3052480,S,1696,0.4304245283018867,9903142d407dc1f6f09ec4113397dd1b65ebb1e640d9c51b13850845e104ffbe,within_expected_range,0.3066037735849056,0.1910377358490566,0.2393867924528301,0.2629716981132075,0,0,0.0,1696,,3052480,Aa23-132,,South Korea: Cheorwon,,2023-04-20,COMPLETE,,,False
PQ247688.1,PQ247688,"PQ247688.1 Orthohantavirus hantanense isolate Aa23-170 nucleocapsid protein gene, complete cds",hantaan_3052480,hantaan,Orthohantavirus hantanense,3052480,Orthohantavirus hantanense,3052480,S,1696,0.4321933962264151,8e8c4c23a74af77ff4a06399b62e8ee04bf70ca4727264071c30a3c2e95c6af9,within_expected_range,0.3048349056603773,0.1933962264150943,0.2387971698113207,0.2629716981132075,0,0,0.0,1696,,3052480,Aa23-170,,South Korea: Paju,,2023-03-17,COMPLETE,,,False
PV890474.1,PV890474,"PV890474.1 Orthohantavirus hantanense isolate SNU01 segment S, complete sequence",hantaan_3052480,hantaan,Orthohantavirus hantanense,3052480,Orthohantavirus hantanense,3052480,S,1696,0.4286556603773584,832bcd5396289b27d9f8373ef1144bece08183f1f630f90c7ad07fae0d8a21a0,within_expected_range,0.3054245283018867,0.191627358490566,0.2370283018867924,0.2659198113207547,0,0,0.0,1696,,3052480,SNU01,,South Korea,,,COMPLETE,S,,False
MK548652.1,MK548652,"MK548652.1 Orthohantavirus hantanense strain Aa17-52-P segment S, complete sequence",hantaan_3052480,hantaan,Orthohantavirus hantanense,3052480,Orthohantavirus hantanense,3052480,S,1697,0.4278137890394814,63cec882f0df62dca2caf9803f4ac582d459b7c714f054a439f655e8345563a6,within_expected_range,0.3052445492044784,0.1897466116676487,0.2380671773718326,0.26694166175604,0,0,0.0,1697,,3052480,Aa17-52-P,,South Korea,,2017-04-18,COMPLETE,S,,False
OR711249.1,OR711249,"OR711249.1 Orthohantavirus hantanense isolate HNTV/Apodemus_agrarius/Russia(Primorye)/FE-5454/2010 segment S, complete sequence",hantaan_3052480,hantaan,Orthohantavirus hantanense,3052480,Orthohantavirus hantanense,3052480,S,1697,0.427224513847967,78db4c70468bffcc02e4999e84bfcba42611ed0f427cb459f9fe4ec82ae8a4fc,within_expected_range,0.3093694755450795,0.1915144372421921,0.2357100766057749,0.2634060106069534,0,0,0.0,1697,,3052480,HNTV/Apodemus_agrarius/Russia(Primorye)/FE-5454/2010,,Russia,,2010-08-02,COMPLETE,S,,False
JQ083395.1,JQ083395,"JQ083395.1 Hantaan virus strain HV004 segment S, complete sequence",hantaan_3052480,hantaan,Orthohantavirus hantanense,3052480,Orthohantavirus hantanense,3052480,S,1698,0.4322732626619552,a228bd8c5b1724131886ef0b207aceeeb1a93369cc3ff536fd5a2459e424cdd0,within_expected_range,0.3050647820965842,0.1955241460541814,0.2367491166077738,0.2626619552414605,0,0,0.0,1698,,3052480,HV004,,China: Hubei,,,COMPLETE,S,,False
KY978755.1,KY978755,"KY978755.1 Orthohantavirus hantanense isolate AYW89-15 segment S, complete sequence",hantaan_3052480,hantaan,Orthohantavirus hantanense,3052480,Orthohantavirus hantanense,3052480,S,1699,0.4302530900529723,bd6c3a5d084487e109a2f1ea776fa414b9772a7ddf758521750384d530fef832,within_expected_range,0.3119482048263684,0.1959976456739258,0.2342554443790465,0.2577987051206592,0,0,0.0,1699,,3052480,AYW89-15,,"China: Anyi, Jiangxi",,2015,COMPLETE,S,,False
EF990908.1,EF990908,"EF990908.1 Hantaanvirus CGHu3614 segment S, complete sequence",hantaan_3052480,hantaan,Orthohantavirus hantanense,3052480,Orthohantavirus hantanense,458672,S,1700,0.4311764705882352,8a70c05223fd8840abc3a5918bb91f566442c2d94a3958b4b7014d7f8341033e,within_expected_range,0.3117647058823529,0.2,0.2311764705882353,0.2570588235294118,0,0,0.0,1700,,458672,CGHu3614,,China: Guizhou Province,,,COMPLETE,S,,False
EF990909.1,EF990909,"EF990909.1 Hantaanvirus CGHu3612 segment S, complete sequence",hantaan_3052480,hantaan,Orthohantavirus hantanense,3052480,Orthohantavirus hantanense,458671,S,1700,0.4305882352941176,10218122e949081cd0ea5220e271ac3472b5475dd2f4c22e7f1a3897b66e9488,within_expected_range,0.3123529411764706,0.1994117647058823,0.2311764705882353,0.2570588235294118,0,0,0.0,1700,,458671,CGHu3612,,China: Guizhou Province,,,COMPLETE,S,,False
KC344236.1,KC344236,"KC344236.1 Hantaan virus isolate LongquanAa-11-452 nucleocapsid protein gene, complete cds",hantaan_3052480,hantaan,Orthohantavirus hantanense,3052480,Orthohantavirus hantanense,3052480,S,1700,0.4288235294117647,9478e52686c036108c55d33bd1e6c9c2e55c725f46e57f856a2cc25a35339c65,within_expected_range,0.3188235294117647,0.1964705882352941,0.2323529411764706,0.2523529411764706,0,0,0.0,1700,,3052480,LongquanAa-11-452,,China,,2011,COMPLETE,S,,False
EF208929.1,EF208929,"EF208929.1 Hantavirus CJAp93 segment S, complete sequence",hantaan_3052480,hantaan,Orthohantavirus hantanense,3052480,Orthohantavirus hantanense,424382,S,1701,0.4315108759553204,653d7159cf9d1e19aa0a18c19818b2cf32575a5e79ebcfaf6e2122c81eceb462,within_expected_range,0.3080540858318636,0.1940035273368606,0.2375073486184597,0.260435038212816,0,0,0.0,1701,,424382,CJAp93,,China,,,COMPLETE,S,,False
MN478392.1,MN478392,"MN478392.1 Orthohantavirus hantanense strain HTNV-HN2018/138 segment S, complete sequence",hantaan_3052480,hantaan,Orthohantavirus hantanense,3052480,Orthohantavirus hantanense,3052480,S,1701,0.4303350970017636,3761505df566a92bd2fe88c2876f7b4d5fff8269206fa4e4117a82490121c067,within_expected_range,0.3086419753086419,0.194591416813639,0.2357436801881246,0.2610229276895943,0,0,0.0,1701,,3052480,HTNV-HN2018/138,,China: Henan,,2018-10-31,COMPLETE,S,,False
MN478382.1,MN478382,"MN478382.1 Orthohantavirus hantanense strain HTNV-HN2017/70 segment S, complete sequence",hantaan_3052480,hantaan,Orthohantavirus hantanense,3052480,Orthohantavirus hantanense,3052480,S,1702,0.426556991774383,e16c0cfd583c3889da46935789ce3d9ff546d19836fba79ca65aaa40481a70a8,within_expected_range,0.3131609870740305,0.1962397179788484,0.2303172737955346,0.2602820211515864,0,0,0.0,1702,,3052480,HTNV-HN2017/70,,China: Henan,,2017-11-24,COMPLETE,S,,False
MN478383.1,MN478383,"MN478383.1 Orthohantavirus hantanense strain HTNV-HN2017/76 segment S, complete sequence",hantaan_3052480,hantaan,Orthohantavirus hantanense,3052480,Orthohantavirus hantanense,3052480,S,1702,0.4247943595769682,1f7507556dc66755e5fa8930e457d7f321203fa4ce7170baf7e8afcd2655f0d0,within_expected_range,0.3131609870740305,0.1927144535840188,0.2320799059929494,0.2620446533490012,0,0,0.0,1702,,3052480,HTNV-HN2017/76,,China: Henan,,2017-12-08,COMPLETE,S,,False
MN478384.1,MN478384,"MN478384.1 Orthohantavirus hantanense strain HTNV-HN2017/79 segment S, complete sequence",hantaan_3052480,hantaan,Orthohantavirus hantanense,3052480,Orthohantavirus hantanense,3052480,S,1702,0.4253819036427732,4879604cf55d0fb67c786bfe908a14b2c3f44be1ccbedbd2b12dc729a932351d,within_expected_range,0.3131609870740305,0.1938895417156286,0.2314923619271445,0.2614571092831962,0,0,0.0,1702,,3052480,HTNV-HN2017/79,,China: Henan,,2017-12-12,COMPLETE,S,,False
MN478385.1,MN478385,"MN478385.1 Orthohantavirus hantanense strain HTNV-HN2017/80 segment S, complete sequence",hantaan_3052480,hantaan,Orthohantavirus hantanense,3052480,Orthohantavirus hantanense,3052480,S,1702,0.4212690951821387,8333811c3f111c6964619dd6be5f5b8db487684ce54d9373cd4a13a62758fb53,within_expected_range,0.3149236192714453,0.1921269095182138,0.2291421856639248,0.2638072855464159,0,0,0.0,1702,,3052480,HTNV-HN2017/80,,China: Henan,,2017-12-13,COMPLETE,S,,False
MN478386.1,MN478386,"MN478386.1 Orthohantavirus hantanense strain HTNV-HN2017/81 segment S, complete sequence",hantaan_3052480,hantaan,Orthohantavirus hantanense,3052480,Orthohantavirus hantanense,3052480,S,1702,0.4253819036427732,8c43045d016b606469ae52c60d4528da3f668afad0efdd4aa2ebba349e9ada71,within_expected_range,0.3131609870740305,0.1938895417156286,0.2314923619271445,0.2614571092831962,0,0,0.0,1702,,3052480,HTNV-HN2017/81,,China: Henan,,2017-12-14,COMPLETE,S,,False
MN478387.1,MN478387,"MN478387.1 Orthohantavirus hantanense strain HTNV-HN2017/82 segment S, complete sequence",hantaan_3052480,hantaan,Orthohantavirus hantanense,3052480,Orthohantavirus hantanense,3052480,S,1702,0.4253819036427732,4da2d27076035d4c3b921253900d3e850e68114d411a55be398707cc9bc446bc,within_expected_range,0.3108108108108108,0.1933019976498237,0.2320799059929494,0.2638072855464159,0,0,0.0,1702,,3052480,HTNV-HN2017/82,,China: Henan,,2017-12-15,COMPLETE,S,,False
MN478388.1,MN478388,"MN478388.1 Orthohantavirus hantanense strain HTNV-HN2017/87 segment S, complete sequence",hantaan_3052480,hantaan,Orthohantavirus hantanense,3052480,Orthohantavirus hantanense,3052480,S,1702,0.4224441833137485,72e179dc97244486cc5622885faaaf3080ab07139150c628eae304fbe9a26436,within_expected_range,0.3149236192714453,0.1921269095182138,0.2303172737955346,0.2626321974148061,0,0,0.0,1702,,3052480,HTNV-HN2017/87,,China: Henan,,2017-12-28,COMPLETE,S,,False
MN478389.1,MN478389,"MN478389.1 Orthohantavirus hantanense strain HTNV-HN2018/106 segment S, complete sequence",hantaan_3052480,hantaan,Orthohantavirus hantanense,3052480,Orthohantavirus hantanense,3052480,S,1702,0.4218566392479436,57aac49b7da20abde5b525a9102b2b4cc8ddb1d12c93a36be96180d9967bae76,within_expected_range,0.3149236192714453,0.1921269095182138,0.2297297297297297,0.263219741480611,0,0,0.0,1702,,3052480,HTNV-HN2018/106,,China: Henan,,2018-07-10,COMPLETE,S,,False
MN478391.1,MN478391,"MN478391.1 Orthohantavirus hantanense strain HTNV-HN2018/134 segment S, complete sequence",hantaan_3052480,hantaan,Orthohantavirus hantanense,3052480,Orthohantavirus hantanense,3052480,S,1702,0.4230317273795534,dd6006c516484176f940e96ee91bb3414f692fe558a49d11dbe876e5fbc58ec9,within_expected_range,0.3149236192714453,0.1921269095182138,0.2309048178613396,0.2620446533490012,0,0,0.0,1702,,3052480,HTNV-HN2018/134,,China: Henan,,2018-10-24,COMPLETE,S,,False
MN478393.1,MN478393,"MN478393.1 Orthohantavirus hantanense strain HTNV-HN2018/146 segment S, complete sequence",hantaan_3052480,hantaan,Orthohantavirus hantanense,3052480,Orthohantavirus hantanense,3052480,S,1702,0.4259694477085781,1318ca4a45e34af6da801b1788e7b03e743016a5172af56df960fe8aec06ebc8,within_expected_range,0.3137485311398355,0.1944770857814336,0.2314923619271445,0.2602820211515864,0,0,0.0,1702,,3052480,HTNV-HN2018/146,,China: Henan,,2018-11-15,COMPLETE,S,,False
MN478394.1,MN478394,"MN478394.1 Orthohantavirus hantanense strain HTNV-HN2018/150 segment S, complete sequence",hantaan_3052480,hantaan,Orthohantavirus hantanense,3052480,Orthohantavirus hantanense,3052480,S,1702,0.4200940070505288,38a2791b08980a362307b5d8f66cc5c96ae04097249ff4e4ed15f010e7e1c5ed,within_expected_range,0.3160987074030552,0.1921269095182138,0.2279670975323149,0.2638072855464159,0,0,0.0,1702,,3052480,HTNV-HN2018/150,,China: Henan,,2018-11-20,COMPLETE,S,,False
MN478395.1,MN478395,"MN478395.1 Orthohantavirus hantanense strain HTNV-HN2018/152 segment S, complete sequence",hantaan_3052480,hantaan,Orthohantavirus hantanense,3052480,Orthohantavirus hantanense,3052480,S,1702,0.4259694477085781,283cb0af2a120a7273f3c95048e820ecea8703cac75ffc9376cc46f8d2ea85f1,within_expected_range,0.3143360752056404,0.1962397179788484,0.2297297297297297,0.2596944770857814,0,0,0.0,1702,,3052480,HTNV-HN2018/152,,China: Henan,,2018-12-03,COMPLETE,S,,False
MN478396.1,MN478396,"MN478396.1 Orthohantavirus hantanense strain HTNV-HN2018/154 segment S, complete sequence",hantaan_3052480,hantaan,Orthohantavirus hantanense,3052480,Orthohantavirus hantanense,3052480,S,1702,0.4218566392479436,70646ab7d0c52b3387a9d5a4a8b3a3b666265a52c0bdc7849bbb7049bec2097b,within_expected_range,0.3149236192714453,0.1921269095182138,0.2297297297297297,0.263219741480611,0,0,0.0,1702,,3052480,HTNV-HN2018/154,,China: Henan,,2018-12-05,COMPLETE,S,,False
MN478397.1,MN478397,"MN478397.1 Orthohantavirus hantanense strain HTNV-HN2018/157 segment S, complete sequence",hantaan_3052480,hantaan,Orthohantavirus hantanense,3052480,Orthohantavirus hantanense,3052480,S,1702,0.4230317273795534,f015d87e29ce72103537dc852a074c25d4c4cf2f8e90c22ed55207dbe1322315,within_expected_range,0.3137485311398355,0.1927144535840188,0.2303172737955346,0.263219741480611,0,0,0.0,1702,,3052480,HTNV-HN2018/157,,China: Henan,,2018-12-17,COMPLETE,S,,False
MT024592.1,MT024592,"MT024592.1 Orthohantavirus puumalaense strain Suo/lung segment L, complete sequence",puumala_3052493,puumala,Orthohantavirus puumalaense,3052493,Orthohantavirus puumalaense,3052493,L,6515,0.3603990790483499,090ca2ef428b261d219a77905e4ff6813f45f72318b90e2eb381a9384eafddfd,within_expected_range,0.3359938603223331,0.1524174980813507,0.2079815809669992,0.3036070606293169,0,0,0.0,6515,,3052493,Suo/lung,,Finland,,2017,COMPLETE,L,,False
MT024595.1,MT024595,"MT024595.1 Orthohantavirus puumalaense strain Suo/renal segment L, complete sequence",puumala_3052493,puumala,Orthohantavirus puumalaense,3052493,Orthohantavirus puumalaense,3052493,L,6515,0.360552570990023,f15179e8c881b4fe07a0d59d5c6f3dda0991e5b96cc64914f9ca1451fb20a2a2,within_expected_range,0.33584036838066,0.1524174980813507,0.2081350729086723,0.3036070606293169,0,0,0.0,6515,,3052493,Suo/renal,,Finland,,2017,COMPLETE,L,,False
MN832779.1,MN832779,"MN832779.1 Orthohantavirus puumalaense strain Vranica segment L, complete sequence",puumala_3052493,puumala,Orthohantavirus puumalaense,3052493,Orthohantavirus puumalaense,3052493,L,6525,0.3606130268199233,323f10c171cade0cd0b58b649d439308d9afdceb90a4e2b5155482432af50f87,within_expected_range,0.3348659003831418,0.1500383141762452,0.2105747126436781,0.3045210727969348,0,0,0.0,6525,,3052493,Vranica,,Germany,,,COMPLETE,L,,False
AY526217.1,AY526217,"AY526217.1 Puumala virus strain Umea/hu segment L, complete sequence",puumala_3052493,puumala,Orthohantavirus puumalaense,3052493,Orthohantavirus puumalaense,3052493,L,6526,0.3625498007968127,08a5e0046689eda4bc738a1db2921276ca2d2cb60d6167fa614d5340cf834d5f,within_expected_range,0.3352742874655225,0.1520073551946062,0.2105424456022065,0.3021759117376647,0,0,0.0,6526,,3052493,Umea/hu,,Sweden: County of Vasterbotten,,,COMPLETE,L,,False
JX028271.1,JX028271,"JX028271.1 Muju virus isolate 11-1 segment L, complete sequence",puumala_3052493,puumala,Orthohantavirus puumalaense,3052493,Orthohantavirus puumalaense,340093,L,6544,0.3754584352078239,d81331727a2663350a5a765c46d21e430e950a26d11b4301d323fabca6f78b45,within_expected_range,0.3326711491442543,0.1604523227383863,0.2150061124694376,0.2918704156479217,0,0,0.0,6544,,340093,11-1,,South Korea,,2011-04-22,COMPLETE,L,,False
JX046482.1,JX046482,"JX046482.1 Muju virus isolate 11-4 RNA-dependent RNA polymerase gene, complete cds",puumala_3052493,puumala,Orthohantavirus puumalaense,3052493,Orthohantavirus puumalaense,340093,L,6544,0.3754584352078239,f226c6f8078a240ee20cd38c43afe66a91389ad93ecc4adfb97f2db7a5a8695e,within_expected_range,0.3332823960880196,0.1607579462102689,0.214700488997555,0.2912591687041564,0,0,0.0,6544,,340093,11-4,,South Korea,,2011-04-22,COMPLETE,,,False
JX046485.1,JX046485,"JX046485.1 Muju virus isolate 11-5 RNA-dependent RNA polymerase gene, complete cds",puumala_3052493,puumala,Orthohantavirus puumalaense,3052493,Orthohantavirus puumalaense,340093,L,6544,0.3751528117359413,a88fa5dca320ea3ffaf97c3f19bf6dbb2b4c91e1445bbcd9b6cd8861118dbb79,within_expected_range,0.3334352078239608,0.1609107579462102,0.214242053789731,0.2914119804400978,0,0,0.0,6544,,340093,11-5,,South Korea,,2011-04-22,COMPLETE,,,False
EF405801.1,EF405801,"EF405801.1 Puumala virus strain Kazan segment L, complete sequence",puumala_3052493,puumala,Orthohantavirus puumalaense,3052493,Orthohantavirus puumalaense,3052493,L,6550,0.3625954198473282,f1be88429ff8ce289b15211af1fe39451c0452948177c91aec4e3da7c8009c9a,within_expected_range,0.3334351145038168,0.1529770992366412,0.209618320610687,0.3039694656488549,0,0,0.0,6550,,3052493,Kazan,,Russia,,,COMPLETE,L,,False
JN831945.1,JN831945,"JN831945.1 Puumala virus strain PUUV/Pieksamaki/Mg7/2008 segment L, complete sequence",puumala_3052493,puumala,Orthohantavirus puumalaense,3052493,Orthohantavirus puumalaense,3052493,L,6550,0.3561832061068702,55f0b43ecd6e87aaeb3d5237639d55923e136a6a2398e905d9060fdcfe8ea38a,within_expected_range,0.335267175572519,0.1477862595419847,0.2083969465648855,0.3085496183206107,0,0,0.0,6550,,3052493,PUUV/Pieksamaki/Mg7/2008,,Finland: Pieksamaki,,2008-12,COMPLETE,L,,False
JN831946.1,JN831946,"JN831946.1 Puumala virus strain PUUV/Pieksamaki/Mg4/2008 segment L, complete sequence",puumala_3052493,puumala,Orthohantavirus puumalaense,3052493,Orthohantavirus puumalaense,3052493,L,6550,0.356030534351145,3cf9e4b6be2148deb1102521a07c67eb3f80758b9bf24ddf4d2499f59626ac27,within_expected_range,0.3355725190839694,0.1477862595419847,0.2082442748091603,0.3083969465648855,0,0,0.0,6550,,3052493,PUUV/Pieksamaki/Mg4/2008,,Finland: Pieksamaki,,2008-12,COMPLETE,L,,False
KJ994778.1,KJ994778,"KJ994778.1 Puumala virus isolate Mu/07/1219 segment L, complete sequence",puumala_3052493,puumala,Orthohantavirus puumalaense,3052493,Orthohantavirus puumalaense,3052493,L,6550,0.3509923664122137,623159c7edc3825c2de0509fc87583d8378cb638d7abb8fe6e75389be0de0dfc,within_expected_range,0.3453435114503816,0.1474809160305343,0.2035114503816794,0.3036641221374045,0,0,0.0,6550,,3052493,Mu/07/1219,,"Germany: Lower Saxony, District Osnabruck, Astrup",,2007-08-23,COMPLETE,L,,False
KT885050.1,KT885050,"KT885050.1 Orthohantavirus puumalaense strain CG1820/POR segment L, complete sequence",puumala_3052493,puumala,Orthohantavirus puumalaense,3052493,Orthohantavirus puumalaense,3052493,L,6550,0.3618320610687023,4233fc1cf5d2619bec55b22b48c209979bcc00192acbb29ff2920a062f9178c4,within_expected_range,0.3375572519083969,0.1537404580152671,0.2080916030534351,0.3006106870229008,0,0,0.0,6550,,3052493,CG1820/POR,,Russia,,2015,COMPLETE,L,,False
MN832782.1,MN832782,"MN832782.1 Orthohantavirus puumalaense strain Sotkamo segment L, complete sequence",puumala_3052493,puumala,Orthohantavirus puumalaense,3052493,Orthohantavirus puumalaense,3052493,L,6550,0.3545038167938931,41d1c4fcee0e083c1eaae9e86331589eda00f15a384dad545e4c91c2f9d92f5e,within_expected_range,0.3372519083969466,0.1479389312977099,0.2065648854961832,0.3082442748091603,0,0,0.0,6550,,3052493,Sotkamo,,Germany,,,COMPLETE,L,,False
MT514291.1,MT514291,"MT514291.1 Orthohantavirus puumalaense isolate MglDCr02 segment L, complete sequence",puumala_3052493,puumala,Orthohantavirus puumalaense,3052493,Orthohantavirus puumalaense,3052493,L,6550,0.3516030534351145,f35b5f2ce769b82aa9b4fad9ad0dc1802170f9c496fc8c019da367491ba26d2b,within_expected_range,0.3422900763358779,0.1458015267175572,0.2058015267175572,0.3061068702290076,0,0,0.0,6550,,3052493,MglDCr02,,Germany,,2012,COMPLETE,L,,False
MT514292.1,MT514292,"MT514292.1 Orthohantavirus puumalaense isolate MglDKe04 segment L, complete sequence",puumala_3052493,puumala,Orthohantavirus puumalaense,3052493,Orthohantavirus puumalaense,3052493,L,6550,0.3564885496183206,e93875b600dc9234a1f7e54caa689b9e7ad77ecb212b6f21f1673ff0eecafe2b,within_expected_range,0.3389312977099236,0.1482442748091603,0.2082442748091603,0.3045801526717557,0,0,0.0,6550,,3052493,MglDKe04,,Germany,,2012,COMPLETE,L,,False
MT514293.1,MT514293,"MT514293.1 Orthohantavirus puumalaense isolate MglDKe05 segment L, complete sequence",puumala_3052493,puumala,Orthohantavirus puumalaense,3052493,Orthohantavirus puumalaense,3052493,L,6550,0.3566412213740458,58d02920dda486eeb0cda69be5d139281c8fcccf5ac38dd8ba20c9191d1d4b47,within_expected_range,0.3389312977099236,0.1483969465648855,0.2082442748091603,0.3044274809160305,0,0,0.0,6550,,3052493,MglDKe05,,Germany,,2012,COMPLETE,L,,False
MT514294.1,MT514294,"MT514294.1 Orthohantavirus puumalaense isolate MglLTU01 segment L, complete sequence",puumala_3052493,puumala,Orthohantavirus puumalaense,3052493,Orthohantavirus puumalaense,3052493,L,6550,0.36,d4527e99456e44429ab5feed56482d1ead02c4717bc4ccb9f1934048a17f5e38,within_expected_range,0.335267175572519,0.1517557251908396,0.2082442748091603,0.3047328244274809,0,0,0.0,6550,,3052493,MglLTU01,,Lithuania,,2015,COMPLETE,L,,False
MZ014471.1,MZ014471,"MZ014471.1 Puumala orthohantavirus isolate Saratov-MG120/Russia/2019 segment L, complete sequence",puumala_3052493,puumala,Orthohantavirus puumalaense,3052493,Orthohantavirus puumalaense,3052493,L,6550,0.3573064590013742,ac4faf59c60cd853019bde7258c1b814c47addca1ae9da10037f6170cc16c5e6,within_expected_range,0.3377614903038632,0.1519315926095587,0.2053748663918155,0.3049320506947625,0,1,0.0001526717557251,6549,,3052493,Saratov-MG120/Russia/2019,,Russia: Saratov,,2019-05,COMPLETE,L,,False
MZ014472.1,MZ014472,"MZ014472.1 Puumala orthohantavirus isolate Saratov-MG125/Russia/2019 segment L, complete sequence",puumala_3052493,puumala,Orthohantavirus puumalaense,3052493,Orthohantavirus puumalaense,3052493,L,6550,0.3570010688654756,5e0d6c57dd26f590f7e4ceaca10666286092830ef6db5ee60ebeb4b5d1a50d06,within_expected_range,0.3379141853718125,0.1508627271339135,0.206138341731562,0.3050847457627119,0,1,0.0001526717557251,6549,,3052493,Saratov-MG125/Russia/2019,,Russia: Saratov,,2019-05,COMPLETE,L,,False
MZ014473.1,MZ014473,"MZ014473.1 Puumala orthohantavirus isolate Saratov-MG131/Russia/2019 segment L, complete sequence",puumala_3052493,puumala,Orthohantavirus puumalaense,3052493,Orthohantavirus puumalaense,3052493,L,6550,0.356695678729577,ea5d705eca0ffd62ac3c08b0ba18c663af30afbbf5127faf31a541d9a5dcf29d,within_expected_range,0.3379141853718125,0.1510154222018628,0.2056802565277141,0.3053901358986104,0,1,0.0001526717557251,6549,,3052493,Saratov-MG131/Russia/2019,,Russia: Saratov,,2019-05,COMPLETE,L,,False
NC_005225.1,NC_005225,"NC_005225.1 Puumala virus segment L, complete genome",puumala_3052493,puumala,Orthohantavirus puumalaense,3052493,Orthohantavirus puumalaense,3052493,L,6550,0.3545038167938931,dead44985002d33f0ce7e9124a22111f405ef47b8cef21f86cf95f8525e8e621,within_expected_range,0.3372519083969466,0.1479389312977099,0.2065648854961832,0.3082442748091603,0,0,0.0,6550,,3052493,Sotkamo,,,,,COMPLETE,L,,False
MN639737.1,MN639737,"MN639737.1 Orthohantavirus puumalaense strain Osnabruck V29 segment L, complete sequence",puumala_3052493,puumala,Orthohantavirus puumalaense,3052493,Orthohantavirus puumalaense,3052493,L,6551,0.3478858189589375,ce16445aad82868bbc4a7b61f555ae76255f0ebc9b3bfe349a50215a1089b3aa,within_expected_range,0.3463593344527553,0.1437948404823691,0.2040909784765684,0.3057548465883071,0,0,0.0,6551,,3052493,Osnabruck V29,,Germany,,,COMPLETE,L,,False
MN639740.1,MN639740,"MN639740.1 Orthohantavirus puumalaense strain Osnabruck M43 segment L, complete sequence",puumala_3052493,puumala,Orthohantavirus puumalaense,3052493,Orthohantavirus puumalaense,3052493,L,6551,0.3517020302243932,f486691dc91f5f2ce8dc88e58628fe568e9b4fb7e4611116eed49690b7d7cfe9,within_expected_range,0.344832849946573,0.1474584032972065,0.2042436269271867,0.3034651198290337,0,0,0.0,6551,,3052493,Osnabruck M43,,Germany,,,COMPLETE,L,,False
MN639743.1,MN639743,"MN639743.1 Orthohantavirus puumalaense strain Osnabruck V29 segment L, complete sequence",puumala_3052493,puumala,Orthohantavirus puumalaense,3052493,Orthohantavirus puumalaense,3052493,L,6551,0.3480384674095558,1380a4d313a737ef949912685bbe8baf4e541a0e67c38107eeccb0b5e3643210,within_expected_range,0.3463593344527553,0.1437948404823691,0.2042436269271867,0.3056021981376889,0,0,0.0,6551,,3052493,Osnabruck V29,,Germany,,2019-04-11,COMPLETE,L,,False
MN639746.1,MN639746,"MN639746.1 Orthohantavirus puumalaense strain Osnabruck M43 segment L, complete sequence",puumala_3052493,puumala,Orthohantavirus puumalaense,3052493,Orthohantavirus puumalaense,3052493,L,6551,0.351549381773775,8b8f79e15e996f1db9e0530c5868cb70e64426423712c24d215051f2cae0f262,within_expected_range,0.344832849946573,0.1474584032972065,0.2040909784765684,0.303617768279652,0,0,0.0,6551,,3052493,Osnabruck M43,,Germany,,2019-04-12,COMPLETE,L,,False
MN639749.1,MN639749,"MN639749.1 Orthohantavirus puumalaense strain Osnabruck V29 segment L, complete sequence",puumala_3052493,puumala,Orthohantavirus puumalaense,3052493,Orthohantavirus puumalaense,3052493,L,6551,0.3480384674095558,cbc7f6def9c4a37c3ebf503477a845ea4e4f4077a584d5f1fac922579ee5ba01,within_expected_range,0.3463593344527553,0.1439474889329873,0.2040909784765684,0.3056021981376889,0,0,0.0,6551,,3052493,Osnabruck V29,,Germany,,,COMPLETE,L,,False
OR915066.1,OR915066,"OR915066.1 Orthohantavirus puumalaense isolate Vindeln RNA polymerase gene, complete cds",puumala_3052493,puumala,Orthohantavirus puumalaense,3052493,Orthohantavirus puumalaense,3052493,L,6566,0.360188851660067,843f56911a930b2122336b44daa90ccf3fdf0e3a7d96cd90d7df37458ccf1cfd,within_expected_range,0.3342978982637831,0.150319829424307,0.2098690222357599,0.3055132500761499,0,0,0.0,6566,,3052493,Vindeln,,Sweden,,2022-11,COMPLETE,L,,False
OR915060.1,OR915060,"OR915060.1 Orthohantavirus puumalaense isolate Skelleftea RNA polymerase gene, complete cds",puumala_3052493,puumala,Orthohantavirus puumalaense,3052493,Orthohantavirus puumalaense,3052493,L,6585,0.360668185269552,b828a831ef5915af48b75ca98f98b096474ead0ce3b8c5850f4ce3b316cc7128,within_expected_range,0.3362186788154897,0.1498861047835991,0.2107820804859529,0.3031131359149582,0,0,0.0,6585,,3052493,Skelleftea,,Sweden,,2023-03,COMPLETE,L,,False
OR915063.1,OR915063,"OR915063.1 Orthohantavirus puumalaense isolate Mittifjaerden RNA polymerase gene, complete cds",puumala_3052493,puumala,Orthohantavirus puumalaense,3052493,Orthohantavirus puumalaense,3052493,L,6588,0.3615664845173041,204079abdca9da1f7123ce46854149f783d30336ab33dd55df1b77acf4a34f86,within_expected_range,0.333485124468731,0.1508803885853066,0.2106860959319975,0.3049483910139647,0,0,0.0,6588,,3052493,Mittifjaerden,,Sweden,,2016-07,COMPLETE,L,,False
OR915072.1,OR915072,"OR915072.1 Orthohantavirus puumalaense isolate Mittifjaerden2 RNA polymerase gene, complete cds",puumala_3052493,puumala,Orthohantavirus puumalaense,3052493,Orthohantavirus puumalaense,3052493,L,6588,0.3617182756527018,40d68d8839b0ea8b7f207761c456eba80662d099e83c663962384e09bb6a39cd,within_expected_range,0.3316636308439587,0.1507285974499089,0.2109896782027929,0.3066180935033394,0,0,0.0,6588,,3052493,Mittifjaerden2,,Sweden,,2016-07,COMPLETE,L,,False
OR915062.1,OR915062,"OR915062.1 Orthohantavirus puumalaense isolate Mittifjaerden glycoprotein precursor, gene, complete cds",puumala_3052493,puumala,Orthohantavirus puumalaense,3052493,Orthohantavirus puumalaense,3052493,M,3566,0.3858665171060011,3d30264706516dae71e8f961134ed5ee1f0e19868c0bcf18a8ca8637a33614d0,within_expected_range,0.3070667414469994,0.1763881099270891,0.2094784071789119,0.3070667414469994,0,0,0.0,3566,,3052493,Mittifjaerden,,Sweden,,2016-07,COMPLETE,M,,False
OM372470.1,OM372470,"OM372470.1 Puumala orthohantavirus isolate Umea_hu2019 segment M, complete sequence",puumala_3052493,puumala,Orthohantavirus puumalaense,3052493,Orthohantavirus puumalaense,3052493,M,3589,0.3817219281136806,4485f2f48f7d4413853a89fd9cfb9e281f1e91616ebd82eea8cf12964e20b1dc,within_expected_range,0.3081638339370298,0.1744218445249373,0.2073000835887433,0.3101142379492895,0,0,0.0,3589,,3052493,Umea_hu2019,,Sweden,,2019-01,COMPLETE,M,,False
MW148472.1,MW148472,"MW148472.1 Orthohantavirus puumalaense isolate Ard161_Ardennes_Mg_2011 segment M, complete sequence",puumala_3052493,puumala,Orthohantavirus puumalaense,3052493,Orthohantavirus puumalaense,3052493,M,3595,0.3844228094575799,5712ecc2e8d93ad69f7921ce390a2497b4d6d2b92479b89df1eb67583fd2ff84,within_expected_range,0.3104311543810848,0.172461752433936,0.2119610570236439,0.3051460361613352,0,0,0.0,3595,,3052493,Ard161_Ardennes_Mg_2011,,France,,2011,COMPLETE,M,,False
MW148469.1,MW148469,"MW148469.1 Orthohantavirus puumalaense isolate Hargnies-Mg segment M, complete sequence",puumala_3052493,puumala,Orthohantavirus puumalaense,3052493,Orthohantavirus puumalaense,3052493,M,3602,0.3836757357023875,93bb8432d85f826f6da1d658ee0bedd2e06629aee928843bea901dbbb3fb0b48,within_expected_range,0.3109383675735702,0.1721265963353692,0.2115491393670183,0.3053858967240422,0,0,0.0,3602,,3052493,Hargnies-Mg,,France,,2018,COMPLETE,M,,False
MT024591.1,MT024591,"MT024591.1 Orthohantavirus puumalaense strain Suo/lung segment M, complete sequence",puumala_3052493,puumala,Orthohantavirus puumalaense,3052493,Orthohantavirus puumalaense,3052493,M,3621,0.3835956917978459,f98cd72674e8a3f355b27161545809d349cf851ff8355e27a3f3ef7c00cc1d1c,within_expected_range,0.3062689864678266,0.1745374206020436,0.2090582711958022,0.3101353217343275,0,0,0.0,3621,,3052493,Suo/lung,,Finland,,2017,COMPLETE,M,,False
MT024594.1,MT024594,"MT024594.1 Orthohantavirus puumalaense strain Suo/renal segment M, complete sequence",puumala_3052493,puumala,Orthohantavirus puumalaense,3052493,Orthohantavirus puumalaense,3052493,M,3621,0.384148025407346,561d90b58f1d3b61ab3bf86384b1100ebf7c105aa67431da2ed44177c92a4abf,within_expected_range,0.3062689864678266,0.1750897542115437,0.2090582711958022,0.3095829881248274,0,0,0.0,3621,,3052493,Suo/renal,,Finland,,2017,COMPLETE,M,,False
MW148474.1,MW148474,"MW148474.1 Orthohantavirus puumalaense isolate NCHA000357_Loiret_Mg_2014 segment M, complete sequence",puumala_3052493,puumala,Orthohantavirus puumalaense,3052493,Orthohantavirus puumalaense,3052493,M,3633,0.3886595100467933,9df2f287bbe55da8ab9da6911536d3fd7b2462ff868b7ff95f38bbf7e03c58a3,within_expected_range,0.3082851637764932,0.1791907514450867,0.2094687586017065,0.3030553261767134,0,0,0.0,3633,,3052493,NCHA000357_Loiret_Mg_2014,,France,,2014,COMPLETE,M,,False
MW148470.1,MW148470,"MW148470.1 Orthohantavirus puumalaense isolate Vouzon-Mg segment M, complete sequence",puumala_3052493,puumala,Orthohantavirus puumalaense,3052493,Orthohantavirus puumalaense,3052493,M,3637,0.3887819631564476,da88339ae25f056c157c6c8a828723366dc4f9798bbafa9552c289edfc1f09a1,within_expected_range,0.3079461094308496,0.1792686279901017,0.2095133351663458,0.3032719274127027,0,0,0.0,3637,,3052493,Vouzon-Mg,,France,,2018,COMPLETE,M,,False
MW148471.1,MW148471,"MW148471.1 Orthohantavirus puumalaense isolate Hargnies-E6 segment M, complete sequence",puumala_3052493,puumala,Orthohantavirus puumalaense,3052493,Orthohantavirus puumalaense,3052493,M,3637,0.3838328292548804,b2516f3346291f57438d17173313981a88daedef4e35fbfd52915513c418b32f,within_expected_range,0.3098707726147924,0.1729447346714325,0.2108880945834479,0.3062963981303272,0,0,0.0,3637,,3052493,Hargnies-E6,,France,,2017,COMPLETE,M,,False
JX028272.1,JX028272,"JX028272.1 Muju virus isolate 11-1 segment M, complete sequence",puumala_3052493,puumala,Orthohantavirus puumalaense,3052493,Orthohantavirus puumalaense,340093,M,3652,0.4066265060240964,7518a8cdda28c5ed2889fd9ef43a061b3a387ec461919cd0b66dd549a13476b0,within_expected_range,0.3047645125958379,0.1919496166484118,0.2146768893756845,0.2886089813800657,0,0,0.0,3652,,340093,11-1,,South Korea,,2011-04-22,COMPLETE,M,,False
JX046483.1,JX046483,"JX046483.1 Muju virus isolate 11-4 glycoprotein gene, complete cds",puumala_3052493,puumala,Orthohantavirus puumalaense,3052493,Orthohantavirus puumalaense,340093,M,3652,0.4063526834611172,ee6b330dbcac939e54ed6e476973b5550aa12e3dc427d502d21e104a61bed196,within_expected_range,0.3033953997809419,0.1916757940854326,0.2146768893756845,0.2902519167579409,0,0,0.0,3652,,340093,11-4,,South Korea,,2011-04-22,COMPLETE,,,False
JX046486.1,JX046486,"JX046486.1 Muju virus isolate 11-5 glycoprotein gene, complete cds",puumala_3052493,puumala,Orthohantavirus puumalaense,3052493,Orthohantavirus puumalaense,340093,M,3652,0.4069003285870756,7362ef8fac9ffb55d5ffaec6088a99e8013206064676de57096f65c303b08380,within_expected_range,0.3031215772179627,0.1919496166484118,0.2149507119386637,0.2899780941949617,0,0,0.0,3652,,340093,11-5,,South Korea,,2011-04-22,COMPLETE,,,False
OR915059.1,OR915059,"OR915059.1 Orthohantavirus puumalaense isolate Skelleftea glycoprotein precursor, gene, complete cds",puumala_3052493,puumala,Orthohantavirus puumalaense,3052493,Orthohantavirus puumalaense,3052493,M,3659,0.382618201694452,1f647adf635c4bfb57b43720c00c1b37503678fe2d0c2825d8423a474be7a788,within_expected_range,0.3115605356654823,0.1798305547963924,0.2027876468980596,0.3058212626400656,0,0,0.0,3659,,3052493,Skelleftea,,Sweden,,2023-03,COMPLETE,M,,False
MN832780.1,MN832780,"MN832780.1 Orthohantavirus puumalaense strain Vranica segment M, complete sequence",puumala_3052493,puumala,Orthohantavirus puumalaense,3052493,Orthohantavirus puumalaense,3052493,M,3669,0.3845734532570182,02af1e08f801fa478ab9d928dba125fb1c48c6507eba93af734dab1f8eba6870,within_expected_range,0.3104388116653039,0.1798855273916598,0.2046879258653584,0.3049877350776778,0,0,0.0,3669,,3052493,Vranica,,Germany,,,COMPLETE,M,,False
MN639738.1,MN639738,"MN639738.1 Orthohantavirus puumalaense strain Osnabruck V29 segment M, complete sequence",puumala_3052493,puumala,Orthohantavirus puumalaense,3052493,Orthohantavirus puumalaense,3052493,M,3679,0.3770046208208752,62ceb4496830ba50bc126f1edcb700f606305d3999a291d944cc5abfa7dc749d,within_expected_range,0.3177493884207665,0.1696113074204947,0.2073933134003805,0.3052459907583582,0,0,0.0,3679,,3052493,Osnabruck V29,,Germany,,,COMPLETE,M,,False
MN639741.1,MN639741,"MN639741.1 Orthohantavirus puumalaense strain Osnabruck M43 segment M, complete sequence",puumala_3052493,puumala,Orthohantavirus puumalaense,3052493,Orthohantavirus puumalaense,3052493,M,3679,0.3794509377548247,36faac5d33c75f15b3c9aba1ac98e512caece697b12a5984021673804d4e93c3,within_expected_range,0.3185648273987496,0.1704267463984778,0.2090241913563468,0.3019842348464256,0,0,0.0,3679,,3052493,Osnabruck M43,,Germany,,,COMPLETE,M,,False
MN639747.1,MN639747,"MN639747.1 Orthohantavirus puumalaense strain Osnabruck M43 segment M, complete sequence",puumala_3052493,puumala,Orthohantavirus puumalaense,3052493,Orthohantavirus puumalaense,3052493,M,3679,0.3791791247621636,f78669354472f1901e534f725c19091777f1f912eb6c634852e52032689a9212,within_expected_range,0.3185648273987496,0.1704267463984778,0.2087523783636858,0.3022560478390867,0,0,0.0,3679,,3052493,Osnabruck M43,,Germany,,2019-04-12,COMPLETE,M,,False
KJ994777.1,KJ994777,"KJ994777.1 Puumala virus isolate Mu/07/1219 segment M, complete sequence",puumala_3052493,puumala,Orthohantavirus puumalaense,3052493,Orthohantavirus puumalaense,3052493,M,3680,0.3788043478260869,53f7f41673842ec3c8a50de8ec2804a6e9286830b40e4571145cc303c116ca72,within_expected_range,0.31875,0.1703804347826087,0.2084239130434782,0.302445652173913,0,0,0.0,3680,,3052493,Mu/07/1219,,"Germany: Lower Saxony, District Osnabruck, Astrup",,2007-08-23,COMPLETE,M,,False
JQ319173.1,JQ319173,"JQ319173.1 Puumala virus strain PUUV/Konnevesi/Mg_M105A/2005 segment M, complete sequence",puumala_3052493,puumala,Orthohantavirus puumalaense,3052493,Orthohantavirus puumalaense,3052493,M,3681,0.3822330888345558,1c24de256bb3e4f27fdc2616e6c831f92d832a7523db33c936317bdd8b5eafac,within_expected_range,0.3102417821244227,0.1749524585710404,0.2072806302635153,0.3075251290410214,0,0,0.0,3681,,3052493,PUUV/Konnevesi/Mg_M105A/2005,,Finland,,,COMPLETE,M,,False
AY526218.1,AY526218,"AY526218.1 Puumala virus strain Umea/hu segment M, complete sequence",puumala_3052493,puumala,Orthohantavirus puumalaense,3052493,Orthohantavirus puumalaense,3052493,M,3682,0.3867463335143943,2ebdbc5c33442aecd8e494010cf588063df17395050ae142d9211367e7176c8a,within_expected_range,0.3058120586637697,0.1797935904399782,0.206952743074416,0.3074416078218359,0,0,0.0,3682,,3052493,Umea/hu,,Sweden,,,COMPLETE,M,,False
JN831944.1,JN831944,"JN831944.1 Puumala virus strain PUUV/Pieksamaki/Mg7/2008 segment M, complete sequence",puumala_3052493,puumala,Orthohantavirus puumalaense,3052493,Orthohantavirus puumalaense,3052493,M,3682,0.3813145029875068,c777341ef56819cadb3957f3fe91fc4b83d22fdb05ec81f310d46976858cc95a,within_expected_range,0.3058120586637697,0.17246061922868,0.2088538837588267,0.3128734383487235,0,0,0.0,3682,,3052493,PUUV/Pieksamaki/Mg7/2008,,Finland: Pieksamaki,,2008-12,COMPLETE,M,,False
JQ319172.1,JQ319172,"JQ319172.1 Puumala virus strain PUUV/Konnevesi/Mg_O78A/2005 segment M, complete sequence",puumala_3052493,puumala,Orthohantavirus puumalaense,3052493,Orthohantavirus puumalaense,3052493,M,3682,0.3826724606192286,72b06ca0ae82b4f7aec81da1f42f94fe3bdef1fac1b7ac0279c6c00f1c0f488a,within_expected_range,0.3079847908745247,0.1743617599130907,0.2083107007061379,0.3093427485062466,0,0,0.0,3682,,3052493,PUUV/Konnevesi/Mg_O78A/2005,,Finland,,,COMPLETE,M,,False
JQ319174.1,JQ319174,"JQ319174.1 Puumala virus strain PUUV/Konnevesi/Mg_M78B/2005 segment M, complete sequence",puumala_3052493,puumala,Orthohantavirus puumalaense,3052493,Orthohantavirus puumalaense,3052493,M,3682,0.3848451928299837,97b94701ae9b13c8575f5fdf2630216bd3e16a746b949a5205b603f91ebb749a,within_expected_range,0.3060836501901141,0.1762629005975013,0.2085822922324823,0.3090711569799022,0,0,0.0,3682,,3052493,PUUV/Konnevesi/Mg_M78B/2005,,Finland,,,COMPLETE,M,,False
JQ319175.1,JQ319175,"JQ319175.1 Puumala virus strain PUUV/Konnevesi/Mg_M114B/2005 segment M, complete sequence",puumala_3052493,puumala,Orthohantavirus puumalaense,3052493,Orthohantavirus puumalaense,3052493,M,3682,0.3845736013036393,d1cd0db03aac80d430ac2a597af53eb5a3a3596ba376918bdda48b4e567e6c6f,within_expected_range,0.3071700162954915,0.1762629005975013,0.2083107007061379,0.3082563824008691,0,0,0.0,3682,,3052493,PUUV/Konnevesi/Mg_M114B/2005,,Finland,,,COMPLETE,M,,False
KT885051.1,KT885051,"KT885051.1 Orthohantavirus puumalaense strain CG1820/POR segment M, complete sequence",puumala_3052493,puumala,Orthohantavirus puumalaense,3052493,Orthohantavirus puumalaense,3052493,M,3682,0.3913633894622488,eeab27c75d3a48c6e4c11419d8db9e082d0dc49da9d792cfc353feb23b1d008a,within_expected_range,0.3055404671374253,0.1808799565453558,0.210483432916893,0.3030961434003259,0,0,0.0,3682,,3052493,CG1820/POR,,Russia,,2015,COMPLETE,M,,False
MN832783.1,MN832783,"MN832783.1 Orthohantavirus puumalaense strain Sotkamo segment M, complete sequence",puumala_3052493,puumala,Orthohantavirus puumalaense,3052493,Orthohantavirus puumalaense,3052493,M,3682,0.3875611080934275,4aabfa8583ba6c4107acfd8540d9306391069cfd7a68feb4e0cce49472c06114,within_expected_range,0.3033677349266703,0.1768060836501901,0.2107550244432373,0.3090711569799022,0,0,0.0,3682,,3052493,Sotkamo,,Germany,,,COMPLETE,M,,False
MZ014468.1,MZ014468,"MZ014468.1 Puumala orthohantavirus isolate Saratov-MG120/Russia/2019 segment M, complete sequence",puumala_3052493,puumala,Orthohantavirus puumalaense,3052493,Orthohantavirus puumalaense,3052493,M,3682,0.3940793047256926,b2213f60d42f6caf96afaba03604040467be74dac5a60f8fa260210c0c4da890,within_expected_range,0.303910917979359,0.1811515480717001,0.2129277566539923,0.3020097772949484,0,0,0.0,3682,,3052493,Saratov-MG120/Russia/2019,,Russia: Saratov,,2019-05,COMPLETE,M,,False
MZ014469.1,MZ014469,"MZ014469.1 Puumala orthohantavirus isolate Saratov-MG125/Russia/2019 segment M, complete sequence",puumala_3052493,puumala,Orthohantavirus puumalaense,3052493,Orthohantavirus puumalaense,3052493,M,3682,0.3943508962520369,6bbc4d4c86b7d2270b72aa109e62cc02194028d5556f8320a048d7c48b17aa06,within_expected_range,0.3049972840847365,0.182509505703422,0.2118413905486149,0.3006518196632265,0,0,0.0,3682,,3052493,Saratov-MG125/Russia/2019,,Russia: Saratov,,2019-05,COMPLETE,M,,False
MZ014470.1,MZ014470,"MZ014470.1 Puumala orthohantavirus isolate Saratov-MG131/Russia/2019 segment M, complete sequence",puumala_3052493,puumala,Orthohantavirus puumalaense,3052493,Orthohantavirus puumalaense,3052493,M,3682,0.3940793047256926,4267f1e0860af2256d5dc67d26e7a62e00133a183664cb7b62c554f6ca897f4a,within_expected_range,0.3049972840847365,0.1814231395980445,0.212656165127648,0.3009234111895709,0,0,0.0,3682,,3052493,Saratov-MG131/Russia/2019,,Russia: Saratov,,2019-05,COMPLETE,M,,False
NC_005223.1,NC_005223,"NC_005223.1 Puumala virus segment M, complete sequence",puumala_3052493,puumala,Orthohantavirus puumalaense,3052493,Orthohantavirus puumalaense,3052493,M,3682,0.38647474198805,45285c9d35bc8ad74ea6a3a8b040dbf51fe7bd98a167f44fb05c75bd58e0b7a1,within_expected_range,0.3036393264530146,0.1759913090711569,0.210483432916893,0.3098859315589353,0,0,0.0,3682,,3052493,Sotkamo,,,,,COMPLETE,M,,False
OR915065.1,OR915065,"OR915065.1 Orthohantavirus puumalaense isolate Vindeln glycoprotein precursor, gene, complete cds",puumala_3052493,puumala,Orthohantavirus puumalaense,3052493,Orthohantavirus puumalaense,3052493,M,3692,0.3854279523293608,5429a762d8715547c884c3997a679ceb6c95d50370ea2333ce377e33bca802d9,within_expected_range,0.3087757313109426,0.1812026002166847,0.204225352112676,0.3057963163596966,0,0,0.0,3692,,3052493,Vindeln,,Sweden,,2022-11,COMPLETE,M,,False
OR915071.1,OR915071,"OR915071.1 Orthohantavirus puumalaense isolate Mittifjaerden2 glycoprotein precursor, gene, complete cds",puumala_3052493,puumala,Orthohantavirus puumalaense,3052493,Orthohantavirus puumalaense,3052493,M,3706,0.3842417701025364,d0dde07b6bc47de3f714affcd90142fb3b72ff3e7f8bed6812ed79f7d367443d,within_expected_range,0.3092282784673502,0.1770102536427415,0.2072315164597949,0.3065299514301133,0,0,0.0,3706,,3052493,Mittifjaerden2,,Sweden,,2016-07,COMPLETE,M,,False
KX757839.1,KX757839,"KX757839.1 Orthohantavirus puumalaense isolate LT15/164 nucleocapsid protein (N) gene, complete cds",puumala_3052493,puumala,Orthohantavirus puumalaense,3052493,Orthohantavirus puumalaense,3052493,S,1302,0.4155145929339477,9e4f9b229a5c027ddafd9bed9cf37eea75438613af30200b92a2ebfbc184b4b8,within_expected_range,0.3448540706605222,0.1889400921658986,0.2265745007680491,0.2396313364055299,0,0,0.0,1302,,3052493,LT15/164,,Lithuania: Lukstas,,2015-10-01,COMPLETE,S,,False
KX757840.1,KX757840,"KX757840.1 Orthohantavirus puumalaense isolate LT15/174 nucleocapsid protein (N) gene, complete cds",puumala_3052493,puumala,Orthohantavirus puumalaense,3052493,Orthohantavirus puumalaense,3052493,S,1302,0.4062980030721966,4233570322fbd9b411f86a9dd3e9edcedf7f8bd3eb7d1f4e2575ca212aa9dbd5,within_expected_range,0.34715821812596,0.1835637480798771,0.2227342549923195,0.2465437788018433,0,0,0.0,1302,,3052493,LT15/174,,Lithuania: Lukstas,,2015-10-01,COMPLETE,S,,False
KX757841.1,KX757841,"KX757841.1 Orthohantavirus puumalaense isolate LT15/201 nucleocapsid protein (N) gene, complete cds",puumala_3052493,puumala,Orthohantavirus puumalaense,3052493,Orthohantavirus puumalaense,3052493,S,1302,0.41321044546851,dba72313eae94275e1264d561e25dc99a60dd9a8a361999205977f3435fa0417,within_expected_range,0.3456221198156682,0.1874039938556067,0.2258064516129032,0.2411674347158218,0,0,0.0,1302,,3052493,LT15/201,,Lithuania: Lukstas,,2015-10-01,COMPLETE,S,,False
MZ014467.1,MZ014467,"MZ014467.1 Puumala orthohantavirus isolate Saratov-MG131/Russia/2019 segment S, complete sequence",puumala_3052493,puumala,Orthohantavirus puumalaense,3052493,Orthohantavirus puumalaense,3052493,S,1460,0.4082191780821917,93e82e80a417e7b61a58b2e2a197eff769085dfbfa1157c6116330b29f94b789,within_expected_range,0.3301369863013698,0.1856164383561643,0.2226027397260274,0.2616438356164383,0,0,0.0,1460,,3052493,Saratov-MG131/Russia/2019,,Russia: Saratov,,2019-05,COMPLETE,S,,False
JN657231.1,JN657231,"JN657231.1 Puumala virus isolate PUUV/Jelgava/Mg140/2008 segment S nucleocapsid protein (N) gene, complete cds",puumala_3052493,puumala,Orthohantavirus puumalaense,3052493,Orthohantavirus puumalaense,3052493,S,1585,0.41198738170347,b7d79f5203ae22ca2298b2364c9fcb666ea375adeeda0688364a2901af78caf0,within_expected_range,0.3350157728706625,0.1854889589905362,0.2264984227129337,0.2529968454258675,0,0,0.0,1585,,3052493,PUUV/Jelgava/Mg140/2008,,Latvia: Jelgava,,2008-05-06,COMPLETE,S,,False
MT024590.1,MT024590,"MT024590.1 Orthohantavirus puumalaense strain Suo/lung segment S, complete sequence",puumala_3052493,puumala,Orthohantavirus puumalaense,3052493,Orthohantavirus puumalaense,3052493,S,1780,0.3870786516853932,21321c71d35e90aa481e76f43fe893649230032392bece04d7212d7acadc8328,within_expected_range,0.3365168539325843,0.1797752808988764,0.2073033707865168,0.2764044943820224,0,0,0.0,1780,,3052493,Suo/lung,,Finland,,2017,COMPLETE,S,,False
MT024593.1,MT024593,"MT024593.1 Orthohantavirus puumalaense strain Suo/renal segment S, complete sequence",puumala_3052493,puumala,Orthohantavirus puumalaense,3052493,Orthohantavirus puumalaense,3052493,S,1780,0.3859550561797752,5c16f00ce0b42d796df3696f72e06ee68a75bf7f13762fc981d3d68ce7b2f899,within_expected_range,0.3365168539325843,0.1792134831460674,0.2067415730337078,0.2775280898876404,0,0,0.0,1780,,3052493,Suo/renal,,Finland,,2017,COMPLETE,S,,False
OR915070.1,OR915070,"OR915070.1 Orthohantavirus puumalaense isolate Mittifjaerden2 nucleocapsid protein and nonstructural protein genes, complete cds",puumala_3052493,puumala,Orthohantavirus puumalaense,3052493,Orthohantavirus puumalaense,3052493,S,1782,0.3928170594837261,e3d132bd4c447feacebf64bf563168030314601ba10573badd908559a408c2f2,within_expected_range,0.3344556677890011,0.1823793490460157,0.2104377104377104,0.2727272727272727,0,0,0.0,1782,,3052493,Mittifjaerden2,,Sweden,,2016-07,COMPLETE,S,,False
KT885052.1,KT885052,"KT885052.1 Orthohantavirus puumalaense strain CG1820/POR segment S, complete sequence",puumala_3052493,puumala,Orthohantavirus puumalaense,3052493,Orthohantavirus puumalaense,3052493,S,1784,0.3912556053811659,903b635a8f8a17f652d661c294c9e74c81e9358685c1c5cd2405b769f2a56f53,within_expected_range,0.3295964125560538,0.1866591928251121,0.2045964125560538,0.2791479820627802,0,0,0.0,1784,,3052493,CG1820/POR,,Russia,,2015,COMPLETE,S,,False
OR915064.1,OR915064,"OR915064.1 Orthohantavirus puumalaense isolate Vindeln nucleocapsid protein and nonstructural protein genes, complete cds",puumala_3052493,puumala,Orthohantavirus puumalaense,3052493,Orthohantavirus puumalaense,3052493,S,1795,0.388857938718663,4ccdd97ca79fbfe3d2a82146caf42818f10d8f93c791839b705db6120771ba0e,within_expected_range,0.3348189415041783,0.1821727019498607,0.2066852367688022,0.2763231197771588,0,0,0.0,1795,,3052493,Vindeln,,Sweden,,2022-11,COMPLETE,S,,False
MN832781.1,MN832781,"MN832781.1 Orthohantavirus puumalaense strain Vranica segment S, complete sequence",puumala_3052493,puumala,Orthohantavirus puumalaense,3052493,Orthohantavirus puumalaense,3052493,S,1800,0.39,55f04840450efc9d82e950f3184c4abc872b91bd4a2f42959e39fd054ca17b6f,within_expected_range,0.3361111111111111,0.1822222222222222,0.2077777777777777,0.2738888888888889,0,0,0.0,1800,,3052493,Vranica,,Germany,,,COMPLETE,S,,False
OR573659.1,OR573659,"OR573659.1 Orthohantavirus puumalaense isolate 25R1_Sorby_2020 segment S, complete sequence",puumala_3052493,puumala,Orthohantavirus puumalaense,3052493,Orthohantavirus puumalaense,3052493,S,1805,0.386845039018952,748fb708b2c0920f2bd8c70f1e111246b568534f224b6dc1e447e7868dfa3e97,within_expected_range,0.3394648829431438,0.1822742474916387,0.2045707915273132,0.2736900780379041,9,2,0.0060941828254847,1803,,3052493,25R1_Sorby_2020,,Sweden,,2020,COMPLETE,S,,False
OR573657.1,OR573657,"OR573657.1 Orthohantavirus puumalaense isolate 3_Ballingslov_2021 segment S, complete sequence",puumala_3052493,puumala,Orthohantavirus puumalaense,3052493,Orthohantavirus puumalaense,3052493,S,1811,0.3852957435046987,65c9721434bf6efbc9f6a8654fb315bbd82b4ac6b46dd70e28707e1652e48040,within_expected_range,0.3377556661138751,0.1813156440022111,0.2039800995024875,0.2769485903814262,0,2,0.0011043622308117,1809,,3052493,3_Ballingslov_2021,,Sweden,,2021,COMPLETE,S,,False
JN657228.1,JN657228,"JN657228.1 Puumala virus isolate PUUV/Jelgava/Mg149/2008 segment S nucleocapsid protein (N) gene, complete cds",puumala_3052493,puumala,Orthohantavirus puumalaense,3052493,Orthohantavirus puumalaense,3052493,S,1821,0.385502471169687,19c73894019c9fd774bba4d4495bb10484519cd8492f2172ba00faabd91ca84a,within_expected_range,0.3371773750686436,0.1806699615595826,0.2048325096101043,0.2773201537616694,0,0,0.0,1821,,3052493,PUUV/Jelgava/Mg149/2008,,Latvia: Jelgava,,2008-04-30,COMPLETE,S,,False
MZ014465.1,MZ014465,"MZ014465.1 Puumala orthohantavirus isolate Saratov-MG120/Russia/2019 segment S, complete sequence",puumala_3052493,puumala,Orthohantavirus puumalaense,3052493,Orthohantavirus puumalaense,3052493,S,1821,0.3882482152663372,8f54b0ad38269da888aff136fd163aec30369c04f712c8d343540e2b9ef9de21,within_expected_range,0.3300384404173531,0.1845140032948929,0.2037342119714442,0.2817133443163097,0,0,0.0,1821,,3052493,Saratov-MG120/Russia/2019,,Russia: Saratov,,2019-05,COMPLETE,S,,False
MZ014466.1,MZ014466,"MZ014466.1 Puumala orthohantavirus isolate Saratov-MG125/Russia/2019 segment S, complete sequence",puumala_3052493,puumala,Orthohantavirus puumalaense,3052493,Orthohantavirus puumalaense,3052493,S,1821,0.386051619989017,612df15375114965f3d05cb53e04e0f9fbc9106fb36ca4ba6505346f4f835779,within_expected_range,0.3322350356946733,0.1828665568369028,0.2031850631521142,0.2817133443163097,0,0,0.0,1821,,3052493,Saratov-MG125/Russia/2019,,Russia: Saratov,,2019-05,COMPLETE,S,,False
EF442087.1,EF442087,"EF442087.1 Puumala-like virus isolate Fusong-Cr-247 segment S, complete sequence",puumala_3052493,puumala,Orthohantavirus puumalaense,3052493,Orthohantavirus puumalaense,428555,S,1825,0.4038356164383561,3d935efaab921ccf2ec67d2408170c3b611074f8f7a14e68e587f6ad3e31aadc,within_expected_range,0.3347945205479452,0.1830136986301369,0.2208219178082191,0.2613698630136986,0,0,0.0,1825,,428555,Fusong-Cr-247,,China,,,COMPLETE,S,,False
JN657229.1,JN657229,"JN657229.1 Puumala virus isolate PUUV/Madona/Mg99/2008 segment S nucleocapsid protein (N) gene, complete cds",puumala_3052493,puumala,Orthohantavirus puumalaense,3052493,Orthohantavirus puumalaense,3052493,S,1826,0.3882803943044907,a843b10dea871f9c3dae1298a54c9fef35a4a81ee3b1ba3e0b2694468223105d,within_expected_range,0.3362541073384447,0.1823658269441402,0.2059145673603505,0.2754654983570646,0,0,0.0,1826,,3052493,PUUV/Madona/Mg99/2008,,Latvia: Madona,,2008-05-06,COMPLETE,S,,False
JN657232.1,JN657232,"JN657232.1 Puumala virus isolate PUUV/Madona/Mg233/2008 segment S nucleocapsid protein (N) gene, complete cds",puumala_3052493,puumala,Orthohantavirus puumalaense,3052493,Orthohantavirus puumalaense,3052493,S,1826,0.3893756845564075,f9267966c4d46e908aa19de86b6a43fb1041e635b2bde70553fd51df3900779d,within_expected_range,0.3351588170865279,0.1823658269441402,0.2070098576122672,0.2754654983570646,0,0,0.0,1826,,3052493,PUUV/Madona/Mg233/2008,,Latvia: Madona,,2008-05-02,COMPLETE,S,,False
JQ319167.1,JQ319167,"JQ319167.1 Puumala virus strain PUUV/Konnevesi/Mg_O15B/2005 segment S, complete sequence",puumala_3052493,puumala,Orthohantavirus puumalaense,3052493,Orthohantavirus puumalaense,3052493,S,1826,0.3877327491785323,09202698fe9f728408ccbf8fbbaea49f705acdb60468d56efc10937c3c509da7,within_expected_range,0.3340635268346111,0.1779846659364731,0.2097480832420591,0.2782037239868565,0,0,0.0,1826,,3052493,PUUV/Konnevesi/Mg_O15B/2005,,Finland,,,COMPLETE,S,,False
JQ319171.1,JQ319171,"JQ319171.1 Puumala virus strain PUUV/Konnevesi/Mg_M114B/2005 segment S, complete sequence",puumala_3052493,puumala,Orthohantavirus puumalaense,3052493,Orthohantavirus puumalaense,3052493,S,1826,0.3866374589266155,e25eb11eea4bb2cc4619e07832d5a44f050fa5cce3a0bc04e3c63b7b8606f265,within_expected_range,0.3340635268346111,0.176341730558598,0.2102957283680175,0.2792990142387733,0,0,0.0,1826,,3052493,PUUV/Konnevesi/Mg_M114B/2005,,Finland,,,COMPLETE,S,,False
JN831943.1,JN831943,"JN831943.1 Puumala virus strain PUUV/Pieksamaki/Mg7/2008 segment S, complete sequence",puumala_3052493,puumala,Orthohantavirus puumalaense,3052493,Orthohantavirus puumalaense,3052493,S,1827,0.3869731800766283,180dbb1d378ed999ec803a191405db0f6bd6d204633679a814240e898bdc856f,within_expected_range,0.3371647509578544,0.1789819376026272,0.207991242474001,0.2758620689655172,0,0,0.0,1827,,3052493,PUUV/Pieksamaki/Mg7/2008,,Finland: Pieksamaki,,2008-12,COMPLETE,S,,False
JQ319161.2,JQ319161,"JQ319161.2 Puumala virus strain PUUV/Konnevesi/Mg_O57A/2005 segment S, complete sequence",puumala_3052493,puumala,Orthohantavirus puumalaense,3052493,Orthohantavirus puumalaense,3052493,S,1827,0.3831417624521073,006b8d73a2e8f54c9b8c9a5c964d891c22fc0fe28c36f44870d4fc19addcd93f,within_expected_range,0.3382594417077175,0.1773399014778325,0.2058018609742747,0.2785987958401751,0,0,0.0,1827,,3052493,PUUV/Konnevesi/Mg_O57A/2005,,Finland,,,COMPLETE,S,,False
JQ319162.2,JQ319162,"JQ319162.2 Puumala virus strain PUUV/Konnevesi/Mg_O78A/2005 segment S, complete sequence",puumala_3052493,puumala,Orthohantavirus puumalaense,3052493,Orthohantavirus puumalaense,3052493,S,1827,0.3858784893267651,a4ef243bde6f1e98a1d5eda178b6a033225f1915df41d46eaeac7a3fe24184b4,within_expected_range,0.3371647509578544,0.1762452107279693,0.2096332785987958,0.2769567597153804,0,0,0.0,1827,,3052493,PUUV/Konnevesi/Mg_O78A/2005,,Finland,,,COMPLETE,S,,False
JQ319163.2,JQ319163,"JQ319163.2 Puumala virus strain PUUV/Konnevesi/Mg_M94A/2005 segment S, complete sequence",puumala_3052493,puumala,Orthohantavirus puumalaense,3052493,Orthohantavirus puumalaense,3052493,S,1827,0.384783798576902,91e22a1bcb67440c7a3744e28b9bb4d0728dc22504d994fa04c5dc4d259f75c1,within_expected_range,0.3393541324575807,0.1789819376026272,0.2058018609742747,0.2758620689655172,0,0,0.0,1827,,3052493,PUUV/Konnevesi/Mg_M94A/2005,,Finland,,,COMPLETE,S,,False
JN657230.1,JN657230,"JN657230.1 Puumala virus isolate PUUV/Jelgava/Mg136/2008 segment S nucleocapsid protein (N) gene, complete cds",puumala_3052493,puumala,Orthohantavirus puumalaense,3052493,Orthohantavirus puumalaense,3052493,S,1828,0.4004376367614879,7b7804c08a2bb4d5bf2eec336ff130c07e51351c305991b2fef3137148bda050,within_expected_range,0.3282275711159737,0.187636761487965,0.2128008752735229,0.2713347921225383,0,0,0.0,1828,,3052493,PUUV/Jelgava/Mg136/2008,,Latvia: Jelgava,,2008-05-02,COMPLETE,S,,False
KJ994776.1,KJ994776,"KJ994776.1 Puumala virus isolate Mu/07/1219 segment S, complete sequence",puumala_3052493,puumala,Orthohantavirus puumalaense,3052493,Orthohantavirus puumalaense,3052493,S,1828,0.37472647702407,12a4d7b1a244e9d287b0677e358e08ab1cb84597324a5ba6195bff73d9ec858e,within_expected_range,0.3358862144420131,0.1695842450765864,0.2051422319474836,0.2893873085339168,0,0,0.0,1828,,3052493,Mu/07/1219,,"Germany: Lower Saxony, District Osnabruck, Astrup",,2007-08-23,COMPLETE,S,,False
AY526219.1,AY526219,"AY526219.1 Puumala virus strain Umea/hu segment S, complete sequence",puumala_3052493,puumala,Orthohantavirus puumalaense,3052493,Orthohantavirus puumalaense,3052493,S,1829,0.3909240021869874,b3f04078e57450a113ce1421f05753033e08ac78ce292c0362873f371e4548fe,within_expected_range,0.3329688354291963,0.1837069436850738,0.2072170585019136,0.2761071623838163,0,0,0.0,1829,,3052493,Umea/hu,,Sweden,,,COMPLETE,S,,False
JQ319166.1,JQ319166,"JQ319166.1 Puumala virus strain PUUV/Konnevesi/Mg_O14B/2005 segment S, complete sequence",puumala_3052493,puumala,Orthohantavirus puumalaense,3052493,Orthohantavirus puumalaense,3052493,S,1829,0.3898305084745763,1af4162ddc7052d2f08ce5f43b53d3684ce84e22b8b5498a836edb6b9fc4cb99,within_expected_range,0.3362493165664297,0.1826134499726626,0.2072170585019136,0.273920174958994,0,0,0.0,1829,,3052493,PUUV/Konnevesi/Mg_O14B/2005,,Finland,,,COMPLETE,S,,False
MK340904.1,MK340904,"MK340904.1 Hokkaido virus isolate HOKV/Solton35/Mrt/2007 segment S, complete sequence",puumala_3052493,puumala,Orthohantavirus puumalaense,3052493,Orthohantavirus puumalaense,1100878,S,1829,0.391470749043193,fdd6b81f1d66c0adf7cb6edf3ae330da9f194c622948ff8fb2cb9add4cb50f89,within_expected_range,0.3362493165664297,0.1848004373974849,0.206670311645708,0.2722799343903772,0,0,0.0,1829,,1100878,HOKV/Solton35/Mrt/2007,,Russia: Altai region,,2007-06,COMPLETE,S,,False
JQ319164.1,JQ319164,"JQ319164.1 Puumala virus strain PUUV/Konnevesi/Mg_O6B/2005 segment S, complete sequence",puumala_3052493,puumala,Orthohantavirus puumalaense,3052493,Orthohantavirus puumalaense,3052493,S,1830,0.3928961748633879,dba49a46488a6c73b691551087d43800dd182fdcef41467484d7dcf6536d3cf9,within_expected_range,0.3333333333333333,0.1830601092896175,0.2098360655737705,0.2737704918032786,0,0,0.0,1830,,3052493,PUUV/Konnevesi/Mg_O6B/2005,,Finland,,,COMPLETE,S,,False
JQ319168.2,JQ319168,"JQ319168.2 Puumala virus strain PUUV/Konnevesi/Mg_O22B/2005 segment S, complete sequence",puumala_3052493,puumala,Orthohantavirus puumalaense,3052493,Orthohantavirus puumalaense,3052493,S,1830,0.3907103825136612,7fc84ea67862ffc0affb395a62577c81bd983caae4fe1a30ec80819d93ca99b9,within_expected_range,0.3366120218579235,0.1825136612021858,0.2081967213114754,0.2726775956284153,0,0,0.0,1830,,3052493,PUUV/Konnevesi/Mg_O22B/2005,,Finland,,,COMPLETE,S,,False
JQ319169.1,JQ319169,"JQ319169.1 Puumala virus strain PUUV/Konnevesi/Mg_O27B/2005 segment S, complete sequence",puumala_3052493,puumala,Orthohantavirus puumalaense,3052493,Orthohantavirus puumalaense,3052493,S,1830,0.3912568306010929,3e57cef1f406391d3eb62354aaac40015ab122d3e22258eb459b462fcc5dd2e9,within_expected_range,0.3349726775956284,0.1830601092896175,0.2081967213114754,0.2737704918032786,0,0,0.0,1830,,3052493,PUUV/Konnevesi/Mg_O27B/2005,,Finland,,,COMPLETE,S,,False
JQ319170.1,JQ319170,"JQ319170.1 Puumala virus strain PUUV/Konnevesi/Mg_O74B/2005 segment S, complete sequence",puumala_3052493,puumala,Orthohantavirus puumalaense,3052493,Orthohantavirus puumalaense,3052493,S,1830,0.3890710382513661,c120ede679bbe98b6cdec7dac229b063a2fc725eb6b3b1e683d2bb5a998195b9,within_expected_range,0.3355191256830601,0.1808743169398907,0.2081967213114754,0.2754098360655738,0,0,0.0,1830,,3052493,PUUV/Konnevesi/Mg_O74B/2005,,Finland,,,COMPLETE,S,,False
MN639742.1,MN639742,"MN639742.1 Orthohantavirus puumalaense strain Osnabruck M43 segment S, complete sequence",puumala_3052493,puumala,Orthohantavirus puumalaense,3052493,Orthohantavirus puumalaense,3052493,S,1830,0.3759562841530054,e2687705f512e890da7e1ea560fe5aa3437a4ae5ac186f24eb3cb12d7703d00c,within_expected_range,0.3344262295081967,0.1704918032786885,0.2054644808743169,0.2896174863387978,0,0,0.0,1830,,3052493,Osnabruck M43,,Germany,,,COMPLETE,S,,False
MN639748.1,MN639748,"MN639748.1 Orthohantavirus puumalaense strain Osnabruck M43 segment S, complete sequence",puumala_3052493,puumala,Orthohantavirus puumalaense,3052493,Orthohantavirus puumalaense,3052493,S,1830,0.3754098360655737,b34e4368d29d10dcd3b6e03ecd42397df56d61d4f2cc39b1281f06d580617496,within_expected_range,0.3344262295081967,0.1699453551912568,0.2054644808743169,0.2901639344262295,0,0,0.0,1830,,3052493,Osnabruck M43,,Germany,,2019-04-12,COMPLETE,S,,False
MN832784.1,MN832784,"MN832784.1 Orthohantavirus puumalaense strain Sotkamo segment S, complete sequence",puumala_3052493,puumala,Orthohantavirus puumalaense,3052493,Orthohantavirus puumalaense,3052493,S,1830,0.3896174863387978,e3b829ab64f522d8e4939dba41f7c47562b26939c0ed8ce90b439ceee92b0bbd,within_expected_range,0.3355191256830601,0.1825136612021858,0.207103825136612,0.2748633879781421,0,0,0.0,1830,,3052493,Sotkamo,,Germany,,,COMPLETE,S,,False
NC_005224.1,NC_005224,"NC_005224.1 Puumala virus segment S, complete sequence",puumala_3052493,puumala,Orthohantavirus puumalaense,3052493,Orthohantavirus puumalaense,3052493,S,1830,0.3896174863387978,b0a12983b27c48fa18130317bc92d9f1161d70c785beee11d67a0c390af59769,within_expected_range,0.333879781420765,0.1830601092896175,0.2065573770491803,0.2765027322404371,0,0,0.0,1830,,3052493,Sotkamo,,,,,COMPLETE,S,,False
OR573658.1,OR573658,"OR573658.1 Orthohantavirus puumalaense isolate 23_Sorby_2020 segment S, complete sequence",puumala_3052493,puumala,Orthohantavirus puumalaense,3052493,Orthohantavirus puumalaense,3052493,S,1830,0.3880022014309301,c5b6ca6932f9fe237773e2373c9c4b86e0e1361016986db291c8e91f8d0d1016,within_expected_range,0.337369290038525,0.182168409466153,0.2058337919647771,0.2746285085305449,8,5,0.007103825136612,1825,,3052493,23_Sorby_2020,,Sweden,,2020,COMPLETE,S,,False
JX028273.1,JX028273,"JX028273.1 Muju virus isolate 11-1 segment S, complete sequence",puumala_3052493,puumala,Orthohantavirus puumalaense,3052493,Orthohantavirus puumalaense,340093,S,1831,0.3948661933369743,907c85eae738fb90876d4239e13fd66af42c40a411e9281591b202225ce6647d,within_expected_range,0.3380666302566903,0.1851447296559257,0.2097214636810486,0.2670671764063353,0,0,0.0,1831,,340093,11-1,,South Korea,,2011-04-22,COMPLETE,S,,False
JX046484.1,JX046484,"JX046484.1 Muju virus isolate 11-4 nucleocapsid protein gene, complete cds",puumala_3052493,puumala,Orthohantavirus puumalaense,3052493,Orthohantavirus puumalaense,340093,S,1831,0.3970507919169853,52f3d023ed75dd16b477d4d2297cac97083e6f1094afae36b3627412cdda7e04,within_expected_range,0.3369743309666849,0.1867831785909339,0.2102676133260513,0.2659748771163299,0,0,0.0,1831,,340093,11-4,,South Korea,,2011-04-22,COMPLETE,,,False
JX046487.1,JX046487,"JX046487.1 Muju virus isolate 11-5 nucleocapsid protein gene, complete cds",puumala_3052493,puumala,Orthohantavirus puumalaense,3052493,Orthohantavirus puumalaense,340093,S,1831,0.3965046422719825,833e98abc1bae4830a9d31700134c9da8ccfae4049ba07ce4420df9cf7eb4b63,within_expected_range,0.3369743309666849,0.1856908793009284,0.210813762971054,0.2665210267613326,0,0,0.0,1831,,340093,11-5,,South Korea,,2011-04-22,COMPLETE,,,False
OR915058.1,OR915058,"OR915058.1 Orthohantavirus puumalaense isolate Skelleftea nucleocapsid protein and nonstructural protein genes, complete cds",puumala_3052493,puumala,Orthohantavirus puumalaense,3052493,Orthohantavirus puumalaense,3052493,S,1835,0.389100817438692,485d09a9b1509f86a0021beae3c035c317528e0c0f89e0c70923823114f46f69,within_expected_range,0.3346049046321526,0.1814713896457765,0.2076294277929155,0.2762942779291553,0,0,0.0,1835,,3052493,Skelleftea,,Sweden,,2023-03,COMPLETE,S,,False
MN639739.1,MN639739,"MN639739.1 Orthohantavirus puumalaense strain Osnabruck V29 segment S, complete sequence",puumala_3052493,puumala,Orthohantavirus puumalaense,3052493,Orthohantavirus puumalaense,3052493,S,1840,0.3820652173913043,0bdb61b60fdc8ba544a44cf88ed381def2303043bde161aecd097b7fe7839490,within_expected_range,0.3293478260869565,0.1706521739130434,0.2114130434782608,0.2885869565217391,0,0,0.0,1840,,3052493,Osnabruck V29,,Germany,,,COMPLETE,S,,False
MT514272.1,MT514272,"MT514272.1 Orthohantavirus puumalaense isolate MglDKe04 segment S, complete sequence",puumala_3052493,puumala,Orthohantavirus puumalaense,3052493,Orthohantavirus puumalaense,3052493,S,1850,0.3821621621621621,50b261e9fc60eddaee72fc3868de1affd45ea22726da9c0ff781f1a246aa7222,within_expected_range,0.3356756756756757,0.1789189189189189,0.2032432432432432,0.2821621621621621,0,0,0.0,1850,,3052493,MglDKe04,,Germany,,2012,COMPLETE,S,,False
MT514274.1,MT514274,"MT514274.1 Orthohantavirus puumalaense isolate MglLTU01 segment S, complete sequence",puumala_3052493,puumala,Orthohantavirus puumalaense,3052493,Orthohantavirus puumalaense,3052493,S,1857,0.3677975228863758,33bf8652c0009a77914b4bdc01a8f3018ccb458a03cba3146b417680aca9cdb7,within_expected_range,0.3473344103392569,0.1712439418416801,0.1965535810446957,0.2848680667743672,0,0,0.0,1857,,3052493,MglLTU01,,Lithuania,,2015,COMPLETE,S,,False
MT514271.1,MT514271,"MT514271.1 Orthohantavirus puumalaense isolate MglDCr02 segment S, complete sequence",puumala_3052493,puumala,Orthohantavirus puumalaense,3052493,Orthohantavirus puumalaense,3052493,S,1858,0.3783638320775027,753c182a564a312ec7c5c4419cddb0e91bfdb504567bd801715a6c63c335ae66,within_expected_range,0.333692142088267,0.1722282023681378,0.2061356297093649,0.2879440258342303,0,0,0.0,1858,,3052493,MglDCr02,,Germany,,2012,COMPLETE,S,,False
OR915061.1,OR915061,"OR915061.1 Orthohantavirus puumalaense isolate Mittifjaerden nucleocapsid protein and nonstructural protein genes, complete cds",puumala_3052493,puumala,Orthohantavirus puumalaense,3052493,Orthohantavirus puumalaense,3052493,S,1942,0.3898043254376931,c17a75d32c3d8b2bab2df627231298d69ac768281e3946806b23dc578b12dda0,within_expected_range,0.3274974253347065,0.1822863027806385,0.2075180226570545,0.2826982492276004,0,0,0.0,1942,,3052493,Mittifjaerden,,Sweden,,2016-07,COMPLETE,S,,False
KU204958.2,KU204958,"KU204958.2 Orthohantavirus seoulense strain Tchoupitoulas/POR segment L RNA-directed RNA polymerase gene, complete cds",seoul_3052498,seoul,Orthohantavirus seoulense,3052498,Orthohantavirus seoulense,3052498,L,6513,0.3740786240786241,a6f02a2d3de11c5264b19ccfb440cd96f85168c636f8f6d5873e18fc598a03bc,within_expected_range,0.3261670761670762,0.1633906633906633,0.2106879606879607,0.2997542997542997,0,1,0.0001535390756947,6512,,3052498,Tchoupitoulas/POR,,USA,,1984,COMPLETE,L,,False
JX853574.1,JX853574,"JX853574.1 Seoul virus isolate DPRK08 segment L, complete sequence",seoul_3052498,seoul,Orthohantavirus seoulense,3052498,Orthohantavirus seoulense,3052498,L,6530,0.376416539050536,be2afae6aea351298c1568785c5a78607fdb445e6be7bf474ec0a8d38875dc2f,within_expected_range,0.3229709035222052,0.1630934150076569,0.213323124042879,0.3006125574272588,0,0,0.0,6530,,3052498,DPRK08,,North Korea,,2011-09-16,COMPLETE,L,,False
JX879770.1,JX879770,"JX879770.1 Seoul virus strain Humber segment L, complete sequence",seoul_3052498,seoul,Orthohantavirus seoulense,3052498,Orthohantavirus seoulense,3052498,L,6530,0.3754977029096478,98f1f213470f8d5005394dfa1c5b81d64c647fc979c7a3cd1b65567248558923,within_expected_range,0.3240428790199081,0.1647779479326186,0.2107197549770291,0.3004594180704441,0,0,0.0,6530,,3052498,Humber,,United Kingdom,,2012-02,COMPLETE,L,,False
KP645196.1,KP645196,"KP645196.1 Seoul virus isolate Fj372/2013 segment L, complete sequence",seoul_3052498,seoul,Orthohantavirus seoulense,3052498,Orthohantavirus seoulense,3052498,L,6530,0.3732006125574272,9e3e5adbf9ca9b5fdba9148763aa41c8f856cab0c95224d5db6113de7b2bd6f5,within_expected_range,0.3261868300153139,0.1624808575803981,0.2107197549770291,0.3006125574272588,0,0,0.0,6530,,3052498,Fj372/2013,,China,,2013-12-17,COMPLETE,L,,False
KP900346.1,KP900346,"KP900346.1 Seoul virus isolate JiangxiXianjianRn-07-2011 segment L, complete sequence",seoul_3052498,seoul,Orthohantavirus seoulense,3052498,Orthohantavirus seoulense,3052498,L,6530,0.3719754977029096,9a0d0170ce13878e03e4c6dc62d0f6ec6d5806f0912987196cfdb7f02857e8f1,within_expected_range,0.3264931087289433,0.1624808575803981,0.2094946401225114,0.301531393568147,0,0,0.0,6530,,3052498,JiangxiXianjianRn-07-2011,,China,,2011,COMPLETE,L,,False
KX079468.1,KX079468,"KX079468.1 Orthohantavirus seoulense isolate IR473 RNA-directed RNA polymerase gene, complete cds",seoul_3052498,seoul,Orthohantavirus seoulense,3052498,Orthohantavirus seoulense,3052498,L,6530,0.3744257274119448,feb58b7c59f7baabaa0aec0f5e7f12315d07fcaafb145d5d3e413532be8cac90,within_expected_range,0.3240428790199081,0.1638591117917305,0.2105666156202144,0.301531393568147,0,0,0.0,6530,,3052498,IR473,,United Kingdom,,1984,COMPLETE,L,,False
KX079471.1,KX079471,"KX079471.1 Orthohantavirus seoulense isolate IR33 RNA-directed RNA polymerase gene, complete cds",seoul_3052498,seoul,Orthohantavirus seoulense,3052498,Orthohantavirus seoulense,3052498,L,6530,0.3741194486983155,dc3bfee1fba852b61373f2c4984d907b1abc2a4a4f1683dddd1dc4615b53120c,within_expected_range,0.3241960183767228,0.163552833078101,0.2105666156202144,0.3016845329249617,0,0,0.0,6530,,3052498,IR33,,United Kingdom,,1984,COMPLETE,L,,False
KX079474.1,KX079474,"KX079474.1 Orthohantavirus seoulense isolate IR162 RNA-directed RNA polymerase gene, complete cds",seoul_3052498,seoul,Orthohantavirus seoulense,3052498,Orthohantavirus seoulense,3052498,L,6530,0.3741194486983155,229e8eb5b72d42c45a998f3543e807389169011d5b25b81d3f611b96b0e7d670,within_expected_range,0.3240428790199081,0.163552833078101,0.2105666156202144,0.3018376722817764,0,0,0.0,6530,,3052498,IR162,,United Kingdom,,1984,COMPLETE,L,,False
MF149936.1,MF149936,"MF149936.1 Orthohantavirus seoulense strain Rn10-134 RNA-dependent RNA polymerase mRNA, complete cds",seoul_3052498,seoul,Orthohantavirus seoulense,3052498,Orthohantavirus seoulense,3052498,L,6530,0.3737172614489202,ad3e14b7aff999a2aa784fe88e188b67ee6653782201e2ba8a31b866d75e02ba,within_expected_range,0.3259304640833205,0.1635778832899372,0.210139378158983,0.3003522744677592,0,1,0.0001531393568147,6529,,3052498,Rn10-134,,South Korea,,2010-09-30,COMPLETE,,,False
MF149937.1,MF149937,"MF149937.1 Orthohantavirus seoulense strain Rn10-145 RNA-dependent RNA polymerase mRNA, complete cds",seoul_3052498,seoul,Orthohantavirus seoulense,3052498,Orthohantavirus seoulense,3052498,L,6530,0.3730474732006125,34bee1a16a8158d39af8b8cc6fb58047984fce56cd42cbce0b014c44c677fbf0,within_expected_range,0.3263399693721286,0.163552833078101,0.2094946401225114,0.3006125574272588,0,0,0.0,6530,,3052498,Rn10-145,,South Korea,,2010-10-20,COMPLETE,,,False
MF149938.1,MF149938,"MF149938.1 Orthohantavirus seoulense strain Rn10-134/NGS RNA-dependent RNA polymerase gene, complete cds",seoul_3052498,seoul,Orthohantavirus seoulense,3052498,Orthohantavirus seoulense,3052498,L,6530,0.3739663093415007,6942621c8433fe5754e45eb9b9322ac46f0357b56f6c903a2f6db2dca69d279a,within_expected_range,0.3263399693721286,0.1633996937212863,0.2105666156202144,0.2996937212863706,0,0,0.0,6530,,3052498,Rn10-134/NGS,,South Korea,,2010-09-30,COMPLETE,,,False
MF149939.1,MF149939,"MF149939.1 Orthohantavirus seoulense strain Rn10-145/NGS RNA-dependent RNA polymerase gene, complete cds",seoul_3052498,seoul,Orthohantavirus seoulense,3052498,Orthohantavirus seoulense,3052498,L,6530,0.3735068912710567,bad655ab7d003a4688d8583416843e77b839ade46fd6ede5036a54b3ce0349a0,within_expected_range,0.3263399693721286,0.1629402756508422,0.2105666156202144,0.3001531393568147,0,0,0.0,6530,,3052498,Rn10-145/NGS,,South Korea,,2010-10-20,COMPLETE,,,False
MF149940.1,MF149940,"MF149940.1 Orthohantavirus seoulense strain Rn11-44/NGS RNA-dependent RNA polymerase gene, complete cds",seoul_3052498,seoul,Orthohantavirus seoulense,3052498,Orthohantavirus seoulense,3052498,L,6530,0.3754977029096478,255a41fe83cac7c3f93191dd3cfb938fe59be6529e9b07e81c50372e20015743,within_expected_range,0.3260336906584992,0.1640122511485451,0.2114854517611026,0.2984686064318529,0,0,0.0,6530,,3052498,Rn11-44/NGS,,South Korea,,2011-07-28,COMPLETE,,,False
MF149941.1,MF149941,"MF149941.1 Orthohantavirus seoulense strain Rn11-53/NGS RNA-dependent RNA polymerase gene, complete cds",seoul_3052498,seoul,Orthohantavirus seoulense,3052498,Orthohantavirus seoulense,3052498,L,6530,0.374885145482389,2c402b79b4a821d77565e3af1ed4efeb6c8fc646b5adf677af09287dd0a6a409,within_expected_range,0.3260336906584992,0.1641653905053599,0.2107197549770291,0.2990811638591117,0,0,0.0,6530,,3052498,Rn11-53/NGS,,South Korea,,2011-07-28,COMPLETE,,,False
MZ504241.1,MZ504241,"MZ504241.1 Seoul orthohantavirus strain GAW30/2021 segment L, complete sequence",seoul_3052498,seoul,Orthohantavirus seoulense,3052498,Orthohantavirus seoulense,3052498,L,6530,0.3689127105666156,e5b4ba5343c07eb19e9610d819336071538a116e5900474628cffeacabbb0fdf,within_expected_range,0.3237366003062787,0.1591117917304747,0.2098009188361408,0.3073506891271056,0,0,0.0,6530,,3052498,GAW30/2021,,China,,2021-04-24,COMPLETE,L,,False
MZ504242.1,MZ504242,"MZ504242.1 Seoul orthohantavirus strain GAW50/2021 segment L, complete sequence",seoul_3052498,seoul,Orthohantavirus seoulense,3052498,Orthohantavirus seoulense,3052498,L,6530,0.3690658499234303,6ef5e4e2af3cbf3d4f161fe99c0050cdfdcd02421f0934edb880d36943170b75,within_expected_range,0.3243491577335375,0.1595712098009188,0.2094946401225114,0.3065849923430321,0,0,0.0,6530,,3052498,GAW50/2021,,China,,2021-04-24,COMPLETE,L,,False
MZ504243.1,MZ504243,"MZ504243.1 Seoul orthohantavirus strain JiangxiXinjianRn-09-2011 segment L, complete sequence",seoul_3052498,seoul,Orthohantavirus seoulense,3052498,Orthohantavirus seoulense,3052498,L,6530,0.3727411944869832,0b0ec475ac932aa9b5a58ea976c411f511c67d622972a03d17647ebaeda04a2d,within_expected_range,0.3261868300153139,0.1626339969372128,0.2101071975497702,0.3010719754977029,0,0,0.0,6530,,3052498,JiangxiXinjianRn-09-2011,,China,,2011,COMPLETE,L,,False
OQ739630.1,OQ739630,"OQ739630.1 Orthohantavirus seoulense strain 93HBJ20 segment L, complete sequence",seoul_3052498,seoul,Orthohantavirus seoulense,3052498,Orthohantavirus seoulense,3052498,L,6530,0.3773353751914242,e06594694dc1e4395527abd1328272b61c3456bd0a01c1a406d95c9d545d0c40,within_expected_range,0.3249617151607963,0.1646248085758039,0.2127105666156202,0.2977029096477794,0,0,0.0,6530,,3052498,93HBJ20,,China,,1993,COMPLETE,L,,False
OQ739631.1,OQ739631,"OQ739631.1 Orthohantavirus seoulense strain 93HBQ3 segment L, complete sequence",seoul_3052498,seoul,Orthohantavirus seoulense,3052498,Orthohantavirus seoulense,3052498,L,6530,0.3771822358346094,de77f64d07b9bec8d138f2088f679cd66aa99aa4d249cc435e38968069b967e0,within_expected_range,0.3252679938744257,0.1646248085758039,0.2125574272588055,0.2975497702909648,0,0,0.0,6530,,3052498,93HBQ3,,China,,1993,COMPLETE,L,,False
OQ739632.1,OQ739632,"OQ739632.1 Orthohantavirus seoulense strain 93HBQ4 segment L, complete sequence",seoul_3052498,seoul,Orthohantavirus seoulense,3052498,Orthohantavirus seoulense,3052498,L,6530,0.3774885145482389,eef607feca3ca67d8cf09d326cc61b426fc490b59366df9df4f226029fdc8266,within_expected_range,0.3252679938744257,0.1652373660030628,0.2122511485451761,0.2972434915773354,0,0,0.0,6530,,3052498,93HBQ4,,China,,1993,COMPLETE,L,,False
OQ739633.1,OQ739633,"OQ739633.1 Orthohantavirus seoulense strain 93HBX10 segment L, complete sequence",seoul_3052498,seoul,Orthohantavirus seoulense,3052498,Orthohantavirus seoulense,3052498,L,6530,0.3751914241960183,0c769905e25e44fa80cd62eca0acca46d33665469da30a5f4d2e723b5310d1de,within_expected_range,0.3252679938744257,0.1638591117917305,0.2113323124042879,0.2995405819295559,0,0,0.0,6530,,3052498,93HBX10,,China,,1993,COMPLETE,L,,False
OQ739634.1,OQ739634,"OQ739634.1 Orthohantavirus seoulense strain 93HBX11 segment L, complete sequence",seoul_3052498,seoul,Orthohantavirus seoulense,3052498,Orthohantavirus seoulense,3052498,L,6530,0.3770290964777948,d2b2575b10d8f833319d7e5912e5a939758bde4f8a98f9176bf288ec566a64ed,within_expected_range,0.3252679938744257,0.1647779479326186,0.2122511485451761,0.2977029096477794,0,0,0.0,6530,,3052498,93HBX11,,China,,1993,COMPLETE,L,,False
OQ739635.1,OQ739635,"OQ739635.1 Orthohantavirus seoulense strain 93HBX12 segment L, complete sequence",seoul_3052498,seoul,Orthohantavirus seoulense,3052498,Orthohantavirus seoulense,3052498,L,6530,0.3770290964777948,769c7a36cd79de9117e41244ead8bf0d86c92537c29c78d5b5189aff894ad676,within_expected_range,0.3254211332312404,0.1646248085758039,0.2124042879019908,0.2975497702909648,0,0,0.0,6530,,3052498,93HBX12,,China,,1993,COMPLETE,L,,False
OQ739636.1,OQ739636,"OQ739636.1 Orthohantavirus seoulense strain HBB35/2002 segment L, complete sequence",seoul_3052498,seoul,Orthohantavirus seoulense,3052498,Orthohantavirus seoulense,3052498,L,6530,0.3733537519142419,1897eff1908f161cb131068b00f196029361a13884f31a03a3ab006a83eeb3fd,within_expected_range,0.3255742725880551,0.1633996937212863,0.2099540581929556,0.3010719754977029,0,0,0.0,6530,,3052498,HBB35/2002,,China,,2002,COMPLETE,L,,False
OQ739637.1,OQ739637,"OQ739637.1 Orthohantavirus seoulense strain HBB36/2002 segment L, complete sequence",seoul_3052498,seoul,Orthohantavirus seoulense,3052498,Orthohantavirus seoulense,3052498,L,6530,0.3742725880551302,85c99e054b4ac8db0c7841bd1bce9f7eadf7a024bdca1c9e1fa3fe45c20a1b05,within_expected_range,0.325114854517611,0.1637059724349157,0.2105666156202144,0.3006125574272588,0,0,0.0,6530,,3052498,HBB36/2002,,China,,2002,COMPLETE,L,,False
OQ739638.1,OQ739638,"OQ739638.1 Orthohantavirus seoulense strain HBCD1/2017 segment L, complete sequence",seoul_3052498,seoul,Orthohantavirus seoulense,3052498,Orthohantavirus seoulense,3052498,L,6530,0.3742725880551302,27ab9166717295f99c3f1bba7dbbdf0ad261290cd39f6e2d5216bcd53b54f668,within_expected_range,0.3246554364471669,0.1633996937212863,0.2108728943338438,0.3010719754977029,0,0,0.0,6530,,3052498,HBCD1/2017,,China,,2017,COMPLETE,L,,False
OQ739639.1,OQ739639,"OQ739639.1 Orthohantavirus seoulense strain HBCD1/2018 segment L, complete sequence",seoul_3052498,seoul,Orthohantavirus seoulense,3052498,Orthohantavirus seoulense,3052498,L,6530,0.3739663093415007,741b27df9e45ce2b24d184d5f84d44a400b7eb91fbae7265397fd14796d77bf9,within_expected_range,0.3248085758039816,0.1627871362940275,0.2111791730474732,0.3012251148545176,0,0,0.0,6530,,3052498,HBCD1/2018,,China,,2018,COMPLETE,L,,False
OQ739640.1,OQ739640,"OQ739640.1 Orthohantavirus seoulense strain HBCD3/2017 segment L, complete sequence",seoul_3052498,seoul,Orthohantavirus seoulense,3052498,Orthohantavirus seoulense,3052498,L,6530,0.373813169984686,d58b901d0d41dec23fbc86d1b1c23c37c3dcb4d571be10a7cf1283920d91a5ce,within_expected_range,0.3249617151607963,0.1627871362940275,0.2110260336906585,0.3012251148545176,0,0,0.0,6530,,3052498,HBCD3/2017,,China,,2017,COMPLETE,L,,False
OQ739641.1,OQ739641,"OQ739641.1 Orthohantavirus seoulense strain HBCD4/2017 segment L, complete sequence",seoul_3052498,seoul,Orthohantavirus seoulense,3052498,Orthohantavirus seoulense,3052498,L,6530,0.3747320061255743,35d2fbf2f96996aaf8b5969a1de2c22fa542145bb21e155069fa4ea1243bbb55,within_expected_range,0.3243491577335375,0.1633996937212863,0.2113323124042879,0.3009188361408882,0,0,0.0,6530,,3052498,HBCD4/2017,,China,,2017,COMPLETE,L,,False
OQ739642.1,OQ739642,"OQ739642.1 Orthohantavirus seoulense strain HBCD6/2017 segment L, complete sequence",seoul_3052498,seoul,Orthohantavirus seoulense,3052498,Orthohantavirus seoulense,3052498,L,6530,0.3745788667687595,5fd80a8424def6ce3795bab26236730263d96f5bc143a00abc7188f9eb50d7fe,within_expected_range,0.3245022970903522,0.1633996937212863,0.2111791730474732,0.3009188361408882,0,0,0.0,6530,,3052498,HBCD6/2017,,China,,2017,COMPLETE,L,,False
OQ739643.1,OQ739643,"OQ739643.1 Orthohantavirus seoulense strain HBCD8/2017 segment L, complete sequence",seoul_3052498,seoul,Orthohantavirus seoulense,3052498,Orthohantavirus seoulense,3052498,L,6530,0.3735068912710567,7fcbf5e5872ea0ccc8359105f05be4781c70a19bcc573169141325df531987ed,within_expected_range,0.325114854517611,0.1624808575803981,0.2110260336906585,0.3013782542113323,0,0,0.0,6530,,3052498,HBCD8/2017,,China,,2017,COMPLETE,L,,False
OQ739644.1,OQ739644,"OQ739644.1 Orthohantavirus seoulense strain HBCD9/2017 segment L, complete sequence",seoul_3052498,seoul,Orthohantavirus seoulense,3052498,Orthohantavirus seoulense,3052498,L,6530,0.3739663093415007,ba7b4925dda5fd91d4e9acb7bdca9b57759e943d61468e10f62948c4ddaea31e,within_expected_range,0.3249617151607963,0.1629402756508422,0.2110260336906585,0.3010719754977029,0,0,0.0,6530,,3052498,HBCD9/2017,,China,,2017,COMPLETE,L,,False
OQ739645.1,OQ739645,"OQ739645.1 Orthohantavirus seoulense strain HBCD13/2019 segment L, complete sequence",seoul_3052498,seoul,Orthohantavirus seoulense,3052498,Orthohantavirus seoulense,3052498,L,6530,0.373813169984686,abfc5a9f5016c0065a8b4c004b0e87ee3f55c0222d8fe05443b392c5dd887dc4,within_expected_range,0.3254211332312404,0.1632465543644716,0.2105666156202144,0.3007656967840735,0,0,0.0,6530,,3052498,HBCD13/2019,,China,,2019,COMPLETE,L,,False
OQ739646.1,OQ739646,"OQ739646.1 Orthohantavirus seoulense strain HBCD44/2021 segment L, complete sequence",seoul_3052498,seoul,Orthohantavirus seoulense,3052498,Orthohantavirus seoulense,3052498,L,6530,0.3747320061255743,b81676db6d28cc34f529f53bf1b82469eebac9088f7b1ea00ba685ced0080df5,within_expected_range,0.3237366003062787,0.1633996937212863,0.2113323124042879,0.301531393568147,0,0,0.0,6530,,3052498,HBCD44/2021,,China,,2021,COMPLETE,L,,False
OQ739647.1,OQ739647,"OQ739647.1 Orthohantavirus seoulense strain HBCD52/2002 segment L, complete sequence",seoul_3052498,seoul,Orthohantavirus seoulense,3052498,Orthohantavirus seoulense,3052498,L,6530,0.3744257274119448,08a46999844102b35cf33fceef891a4540c52c1938e90942097f4e91a180b3dd,within_expected_range,0.3252679938744257,0.1632465543644716,0.2111791730474732,0.3003062787136294,0,0,0.0,6530,,3052498,HBCD52/2002,,China,,2002,COMPLETE,L,,False
OQ739648.1,OQ739648,"OQ739648.1 Orthohantavirus seoulense strain HBCD55/2002 segment L, complete sequence",seoul_3052498,seoul,Orthohantavirus seoulense,3052498,Orthohantavirus seoulense,3052498,L,6530,0.373813169984686,cbf46b70fe294c370a704f58802a3290e9d01199f79f18f1a3d61390e322cd7e,within_expected_range,0.3249617151607963,0.1627871362940275,0.2110260336906585,0.3012251148545176,0,0,0.0,6530,,3052498,HBCD55/2002,,China,,2002,COMPLETE,L,,False
OQ739649.1,OQ739649,"OQ739649.1 Orthohantavirus seoulense strain HBCD55/2021 segment L, complete sequence",seoul_3052498,seoul,Orthohantavirus seoulense,3052498,Orthohantavirus seoulense,3052498,L,6530,0.3735068912710567,c2511e38d97dc114bec706b5039d0a701a2d02568ac93f6e785f4333f0bd2ca4,within_expected_range,0.3246554364471669,0.1624808575803981,0.2110260336906585,0.3018376722817764,0,0,0.0,6530,,3052498,HBCD55/2021,,China,,2021,COMPLETE,L,,False
OQ739650.1,OQ739650,"OQ739650.1 Orthohantavirus seoulense strain HBCD56/2002 segment L, complete sequence",seoul_3052498,seoul,Orthohantavirus seoulense,3052498,Orthohantavirus seoulense,3052498,L,6530,0.3741194486983155,52eea8cd9b00b31c0efc68bca0b5bed55ccb61a30823cbf721260638dccacd8a,within_expected_range,0.3252679938744257,0.1629402756508422,0.2111791730474732,0.3006125574272588,0,0,0.0,6530,,3052498,HBCD56/2002,,China,,2002,COMPLETE,L,,False
OQ739651.1,OQ739651,"OQ739651.1 Orthohantavirus seoulense strain HBCZ88/1999 segment L, complete sequence",seoul_3052498,seoul,Orthohantavirus seoulense,3052498,Orthohantavirus seoulense,3052498,L,6530,0.3753445635528331,d5799d62c040aade198b8a75252bb6146a0f33c34e9b0be231b25bb7268336e9,within_expected_range,0.3258805513016845,0.1643185298621745,0.2110260336906585,0.2987748851454824,0,0,0.0,6530,,3052498,HBCZ88/1999,,China,,1999,COMPLETE,L,,False
OQ739652.1,OQ739652,"OQ739652.1 Orthohantavirus seoulense strain HBH51/2021 segment L, complete sequence",seoul_3052498,seoul,Orthohantavirus seoulense,3052498,Orthohantavirus seoulense,3052498,L,6530,0.3773353751914242,42aa49581ccd6d348139c9322f46fe6976325a40498c75d5f3ee20b43f74ac83,within_expected_range,0.323583460949464,0.1640122511485451,0.213323124042879,0.2990811638591117,0,0,0.0,6530,,3052498,HBH51/2021,,China,,2021,COMPLETE,L,,False
OQ739653.1,OQ739653,"OQ739653.1 Orthohantavirus seoulense strain HBL3/2005 segment L, complete sequence",seoul_3052498,seoul,Orthohantavirus seoulense,3052498,Orthohantavirus seoulense,3052498,L,6530,0.3753445635528331,762301192d2e6bbe502e0efdd9ece993a2e6b79decda59f4925e95889d2085b2,within_expected_range,0.3255742725880551,0.1640122511485451,0.2113323124042879,0.2990811638591117,0,0,0.0,6530,,3052498,HBL3/2005,,China,,2005,COMPLETE,L,,False
OQ739654.1,OQ739654,"OQ739654.1 Orthohantavirus seoulense strain HBL131/2007 segment L, complete sequence",seoul_3052498,seoul,Orthohantavirus seoulense,3052498,Orthohantavirus seoulense,3052498,L,6530,0.374885145482389,439abd3d6bb5316e2907c173e1fb629e97fc90ee3d2a8978bd7302004e8c4a1f,within_expected_range,0.3232771822358346,0.1626339969372128,0.2122511485451761,0.3018376722817764,0,0,0.0,6530,,3052498,HBL131/2007,,China,,2007,COMPLETE,L,,False
OQ739655.1,OQ739655,"OQ739655.1 Orthohantavirus seoulense strain HBQ1/2015 segment L, complete sequence",seoul_3052498,seoul,Orthohantavirus seoulense,3052498,Orthohantavirus seoulense,3052498,L,6530,0.3741194486983155,001a3d3a1f8a0b8af39dd810ec0603da0a33382c4bf86a1bd93e3573092c8927,within_expected_range,0.3240428790199081,0.1624808575803981,0.2116385911179173,0.3018376722817764,0,0,0.0,6530,,3052498,HBQ1/2015,,China,,2015,COMPLETE,L,,False
OQ739656.1,OQ739656,"OQ739656.1 Orthohantavirus seoulense strain HBQ2/2015 segment L, complete sequence",seoul_3052498,seoul,Orthohantavirus seoulense,3052498,Orthohantavirus seoulense,3052498,L,6530,0.3745788667687595,254849d8a29c4ddf3658b058bf3a93ea982c3d11e3f964d76ce5fdb447d76956,within_expected_range,0.3238897396630934,0.1624808575803981,0.2120980091883614,0.301531393568147,0,0,0.0,6530,,3052498,HBQ2/2015,,China,,2015,COMPLETE,L,,False
OQ739657.1,OQ739657,"OQ739657.1 Orthohantavirus seoulense strain HBQ3/2012 segment L, complete sequence",seoul_3052498,seoul,Orthohantavirus seoulense,3052498,Orthohantavirus seoulense,3052498,L,6530,0.374885145482389,734193f69aba72ff842f8792be6477da4406aae2568fe73f1ec7a5685449c0c1,within_expected_range,0.3240428790199081,0.1630934150076569,0.211791730474732,0.3010719754977029,0,0,0.0,6530,,3052498,HBQ3/2012,,China,,2012,COMPLETE,L,,False
OQ739658.1,OQ739658,"OQ739658.1 Orthohantavirus seoulense strain HBQ4/2012 segment L, complete sequence",seoul_3052498,seoul,Orthohantavirus seoulense,3052498,Orthohantavirus seoulense,3052498,L,6530,0.3751914241960183,43792dde0db13c52d8d1f37a4c4b06f9b700550cf252666a34408fb5a0db2c29,within_expected_range,0.3238897396630934,0.1630934150076569,0.2120980091883614,0.3009188361408882,0,0,0.0,6530,,3052498,HBQ4/2012,,China,,2012,COMPLETE,L,,False
OQ739659.1,OQ739659,"OQ739659.1 Orthohantavirus seoulense strain HBQ5/2015 segment L, complete sequence",seoul_3052498,seoul,Orthohantavirus seoulense,3052498,Orthohantavirus seoulense,3052498,L,6530,0.3747320061255743,50e586cdb04d94dc90f46d4ac3422ae341a5f0ab473264345c32cae4cf78550c,within_expected_range,0.3246554364471669,0.163552833078101,0.2111791730474732,0.3006125574272588,0,0,0.0,6530,,3052498,HBQ5/2015,,China,,2015,COMPLETE,L,,False
OQ739660.1,OQ739660,"OQ739660.1 Orthohantavirus seoulense strain HBQ7/2012 segment L, complete sequence",seoul_3052498,seoul,Orthohantavirus seoulense,3052498,Orthohantavirus seoulense,3052498,L,6530,0.3739663093415007,6b60090380c63f0a8dabf114687a53f5a0222aef5aa9fcd852cab7a88863c4ab,within_expected_range,0.3248085758039816,0.1626339969372128,0.2113323124042879,0.3012251148545176,0,0,0.0,6530,,3052498,HBQ7/2012,,China,,2012,COMPLETE,L,,False
OQ739661.1,OQ739661,"OQ739661.1 Orthohantavirus seoulense strain HBQ15/2018 segment L, complete sequence",seoul_3052498,seoul,Orthohantavirus seoulense,3052498,Orthohantavirus seoulense,3052498,L,6530,0.3758039816232771,ce10111f9937027a9324c6369cc2684ce0d019f965c8fd13042acc9f38d28827,within_expected_range,0.3237366003062787,0.1633996937212863,0.2124042879019908,0.3004594180704441,0,0,0.0,6530,,3052498,HBQ15/2018,,China,,2018,COMPLETE,L,,False
OQ739662.1,OQ739662,"OQ739662.1 Orthohantavirus seoulense strain HBQ24/2011 segment L, complete sequence",seoul_3052498,seoul,Orthohantavirus seoulense,3052498,Orthohantavirus seoulense,3052498,L,6530,0.3751914241960183,03bc2947b8694ac8c3a5a7f8423a8397398fef64ea71ca07e1c024ddc8a1569a,within_expected_range,0.3237366003062787,0.1629402756508422,0.2122511485451761,0.3010719754977029,0,0,0.0,6530,,3052498,HBQ24/2011,,China,,2011,COMPLETE,L,,False
OQ739663.1,OQ739663,"OQ739663.1 Orthohantavirus seoulense strain HBQ47/2021 segment L, complete sequence",seoul_3052498,seoul,Orthohantavirus seoulense,3052498,Orthohantavirus seoulense,3052498,L,6530,0.3747320061255743,0bb821e8fc34dfb480898199087c266b66ef41f303484358df50ca1c511c133e,within_expected_range,0.3237366003062787,0.1627871362940275,0.2119448698315467,0.301531393568147,0,0,0.0,6530,,3052498,HBQ47/2021,,China,,2021,COMPLETE,L,,False
OQ739664.1,OQ739664,"OQ739664.1 Orthohantavirus seoulense strain HBQ49/2004 segment L, complete sequence",seoul_3052498,seoul,Orthohantavirus seoulense,3052498,Orthohantavirus seoulense,3052498,L,6530,0.3756508422664625,2908e75ab700d444fcecd790168444e19a1f1f4913f59d26f709c7cc659224a5,within_expected_range,0.3240428790199081,0.163552833078101,0.2120980091883614,0.3003062787136294,0,0,0.0,6530,,3052498,HBQ49/2004,,China,,2004,COMPLETE,L,,False
OQ739665.1,OQ739665,"OQ739665.1 Orthohantavirus seoulense strain HBQ50/2021 segment L, complete sequence",seoul_3052498,seoul,Orthohantavirus seoulense,3052498,Orthohantavirus seoulense,3052498,L,6530,0.3739663093415007,35e5e92b8dc30e39a8551806c732e26353c79c6b2d61f10ca0c83da464875b44,within_expected_range,0.325114854517611,0.1630934150076569,0.2108728943338438,0.3009188361408882,0,0,0.0,6530,,3052498,HBQ50/2021,,China,,2021,COMPLETE,L,,False
OQ739666.1,OQ739666,"OQ739666.1 Orthohantavirus seoulense strain HBQ57/2021 segment L, complete sequence",seoul_3052498,seoul,Orthohantavirus seoulense,3052498,Orthohantavirus seoulense,3052498,L,6530,0.3744257274119448,d9485d490697412dd27f001d080a36b3f5ab6a0ddb7922e3f2fdd44a69ad0626,within_expected_range,0.3246554364471669,0.163552833078101,0.2108728943338438,0.3009188361408882,0,0,0.0,6530,,3052498,HBQ57/2021,,China,,2021,COMPLETE,L,,False
OQ739667.1,OQ739667,"OQ739667.1 Orthohantavirus seoulense strain HBQ58/2021 segment L, complete sequence",seoul_3052498,seoul,Orthohantavirus seoulense,3052498,Orthohantavirus seoulense,3052498,L,6530,0.374885145482389,d27958d8db5fb5bd9f99a47487f1d96192ce824655f3dd09c1019fdfb506b0eb,within_expected_range,0.3237366003062787,0.1632465543644716,0.2116385911179173,0.3013782542113323,0,0,0.0,6530,,3052498,HBQ58/2021,,China,,2021,COMPLETE,L,,False
OQ739670.1,OQ739670,"OQ739670.1 Orthohantavirus seoulense strain HBQ62/2001 segment L, complete sequence",seoul_3052498,seoul,Orthohantavirus seoulense,3052498,Orthohantavirus seoulense,3052498,L,6530,0.3742725880551302,a357d906da6a4358b54de176072e8723e18b9ea09cbaad15ad2169393112891c,within_expected_range,0.3248085758039816,0.1629402756508422,0.2113323124042879,0.3009188361408882,0,0,0.0,6530,,3052498,HBQ62/2001,,China,,2001,COMPLETE,L,,False
OQ739671.1,OQ739671,"OQ739671.1 Orthohantavirus seoulense strain HBQ63/2001 segment L, complete sequence",seoul_3052498,seoul,Orthohantavirus seoulense,3052498,Orthohantavirus seoulense,3052498,L,6530,0.3753445635528331,e5905b1caef89b1923a7f739c5dcada74f06fe8c77f535176d3a17f76b78cb2b,within_expected_range,0.3243491577335375,0.1640122511485451,0.2113323124042879,0.3003062787136294,0,0,0.0,6530,,3052498,HBQ63/2001,,China,,2001,COMPLETE,L,,False
OQ739672.1,OQ739672,"OQ739672.1 Orthohantavirus seoulense strain HBQ63/2021 segment L, complete sequence",seoul_3052498,seoul,Orthohantavirus seoulense,3052498,Orthohantavirus seoulense,3052498,L,6530,0.3750382848392036,c32673c42e0cf75a301523a0dcefa6f7031a792b4190d4835f3a2bd6c382346e,within_expected_range,0.3241960183767228,0.1632465543644716,0.211791730474732,0.3007656967840735,0,0,0.0,6530,,3052498,HBQ63/2021,,China,,2021,COMPLETE,L,,False
OQ739673.1,OQ739673,"OQ739673.1 Orthohantavirus seoulense strain HBQ64/2022 segment L, complete sequence",seoul_3052498,seoul,Orthohantavirus seoulense,3052498,Orthohantavirus seoulense,3052498,L,6530,0.373813169984686,00c8b6ac2216be133eb927221a1cc8f5db0367635e05243a588b895b8a718c02,within_expected_range,0.3254211332312404,0.1627871362940275,0.2110260336906585,0.3007656967840735,0,0,0.0,6530,,3052498,HBQ64/2022,,China,,2022,COMPLETE,L,,False
OQ739674.1,OQ739674,"OQ739674.1 Orthohantavirus seoulense strain HBQ65/2009 segment L, complete sequence",seoul_3052498,seoul,Orthohantavirus seoulense,3052498,Orthohantavirus seoulense,3052498,L,6530,0.3751914241960183,e24777b4f2e77f8d978b8fe2c626bca213986fc491f248dfbd75b9c6b9b01645,within_expected_range,0.3243491577335375,0.1638591117917305,0.2113323124042879,0.3004594180704441,0,0,0.0,6530,,3052498,HBQ65/2009,,China,,2009,COMPLETE,L,,False
OQ739676.1,OQ739676,"OQ739676.1 Orthohantavirus seoulense strain HBQ73/2000 segment L, complete sequence",seoul_3052498,seoul,Orthohantavirus seoulense,3052498,Orthohantavirus seoulense,3052498,L,6530,0.3745788667687595,d5f87cf2fb89fc0cf4acf824421be13deade93130f0ea048e5331bddcdcbd9ea,within_expected_range,0.3240428790199081,0.1629402756508422,0.2116385911179173,0.3013782542113323,0,0,0.0,6530,,3052498,HBQ73/2000,,China,,2000,COMPLETE,L,,False
OQ739677.1,OQ739677,"OQ739677.1 Orthohantavirus seoulense strain HBQ74/2000 segment L, complete sequence",seoul_3052498,seoul,Orthohantavirus seoulense,3052498,Orthohantavirus seoulense,3052498,L,6530,0.3750382848392036,c2c6d464198c5c8cb5763fd49101853e42abc7221230ae25e4ea1193e05f5e99,within_expected_range,0.3245022970903522,0.1633996937212863,0.2116385911179173,0.3004594180704441,0,0,0.0,6530,,3052498,HBQ74/2000,,China,,2000,COMPLETE,L,,False
OQ739678.1,OQ739678,"OQ739678.1 Orthohantavirus seoulense strain HBQ75/2000 segment L, complete sequence",seoul_3052498,seoul,Orthohantavirus seoulense,3052498,Orthohantavirus seoulense,3052498,L,6530,0.3739663093415007,b9e3a548b28bfe1159651af551a4aefbf1faac3771c78d3604e74a9b9e93f2e0,within_expected_range,0.3255742725880551,0.1638591117917305,0.2101071975497702,0.3004594180704441,0,0,0.0,6530,,3052498,HBQ75/2000,,China,,2000,COMPLETE,L,,False
OQ739679.1,OQ739679,"OQ739679.1 Orthohantavirus seoulense strain HBT4/2016 segment L, complete sequence",seoul_3052498,seoul,Orthohantavirus seoulense,3052498,Orthohantavirus seoulense,3052498,L,6530,0.373813169984686,7eed6e188e7845046c26bc1f9f8bf72ebe2e2c5bf7c6c98a8be69a499081f86e,within_expected_range,0.3246554364471669,0.1623277182235834,0.2114854517611026,0.301531393568147,0,0,0.0,6530,,3052498,HBT4/2016,,China,,2016,COMPLETE,L,,False
OQ739680.1,OQ739680,"OQ739680.1 Orthohantavirus seoulense strain HBT5/2016 segment L, complete sequence",seoul_3052498,seoul,Orthohantavirus seoulense,3052498,Orthohantavirus seoulense,3052498,L,6530,0.3739663093415007,02f225fd6dd6bf96fe5a1920b2af9cc5b4c95dcefee4565006cb6838b6a3cb3d,within_expected_range,0.3246554364471669,0.1624808575803981,0.2114854517611026,0.3013782542113323,0,0,0.0,6530,,3052498,HBT5/2016,,China,,2016,COMPLETE,L,,False
OQ739681.1,OQ739681,"OQ739681.1 Orthohantavirus seoulense strain HBT6/2015 segment L, complete sequence",seoul_3052498,seoul,Orthohantavirus seoulense,3052498,Orthohantavirus seoulense,3052498,L,6530,0.3750382848392036,3aa67f5e5e6102327686950192633d6f2d2b5a6756de636f8c14a329e62f3644,within_expected_range,0.3241960183767228,0.1630934150076569,0.2119448698315467,0.3007656967840735,0,0,0.0,6530,,3052498,HBT6/2015,,China,,2015,COMPLETE,L,,False
OQ739682.1,OQ739682,"OQ739682.1 Orthohantavirus seoulense strain HBT7/2016 segment L, complete sequence",seoul_3052498,seoul,Orthohantavirus seoulense,3052498,Orthohantavirus seoulense,3052498,L,6530,0.3733537519142419,2b0406c6efb4965bd2e3c01678fbc18eb60a107c138b69151fd5d1a9e00cbf62,within_expected_range,0.3254211332312404,0.1630934150076569,0.210260336906585,0.3012251148545176,0,0,0.0,6530,,3052498,HBT7/2016,,China,,2016,COMPLETE,L,,False
OQ739683.1,OQ739683,"OQ739683.1 Orthohantavirus seoulense strain HBT41/2012 segment L, complete sequence",seoul_3052498,seoul,Orthohantavirus seoulense,3052498,Orthohantavirus seoulense,3052498,L,6530,0.3744257274119448,2d0593494da90a61f035cec503c34f92e1b767e3becb9b369b719ce4492d0525,within_expected_range,0.3249617151607963,0.163552833078101,0.2108728943338438,0.3006125574272588,0,0,0.0,6530,,3052498,HBT41/2012,,China,,2012,COMPLETE,L,,False
OQ739684.1,OQ739684,"OQ739684.1 Orthohantavirus seoulense strain HBT43/2012 segment L, complete sequence",seoul_3052498,seoul,Orthohantavirus seoulense,3052498,Orthohantavirus seoulense,3052498,L,6530,0.3744257274119448,be05276caaf97ed6cd031337545546e923046d1eee5221de37997b6721ac7aaa,within_expected_range,0.3246554364471669,0.163552833078101,0.2108728943338438,0.3009188361408882,0,0,0.0,6530,,3052498,HBT43/2012,,China,,2012,COMPLETE,L,,False
OQ739685.1,OQ739685,"OQ739685.1 Orthohantavirus seoulense strain HBT52/2013 segment L, complete sequence",seoul_3052498,seoul,Orthohantavirus seoulense,3052498,Orthohantavirus seoulense,3052498,L,6530,0.3756508422664625,ec72fc8dd108d37d88e282cf84da16d5d2c17a94a19b25efadf6c0ace3abdcd7,within_expected_range,0.3237366003062787,0.1633996937212863,0.2122511485451761,0.3006125574272588,0,0,0.0,6530,,3052498,HBT52/2013,,China,,2013,COMPLETE,L,,False
OQ739686.1,OQ739686,"OQ739686.1 Orthohantavirus seoulense strain HBT60/2013 segment L, complete sequence",seoul_3052498,seoul,Orthohantavirus seoulense,3052498,Orthohantavirus seoulense,3052498,L,6530,0.3753445635528331,9a801b5a33a61dcff790872ef448a8c8926bdb6509b6f1bd630c08c40b144277,within_expected_range,0.3240428790199081,0.1637059724349157,0.2116385911179173,0.3006125574272588,0,0,0.0,6530,,3052498,HBT60/2013,,China,,2013,COMPLETE,L,,False
OQ739687.1,OQ739687,"OQ739687.1 Orthohantavirus seoulense strain HBT61/2014 segment L, complete sequence",seoul_3052498,seoul,Orthohantavirus seoulense,3052498,Orthohantavirus seoulense,3052498,L,6530,0.374885145482389,e9c40a48768157c35a36e029835039214996129cc1021dd6f6ae6463eecc61f4,within_expected_range,0.3243491577335375,0.1633996937212863,0.2114854517611026,0.3007656967840735,0,0,0.0,6530,,3052498,HBT61/2014,,China,,2014,COMPLETE,L,,False
OQ739688.1,OQ739688,"OQ739688.1 Orthohantavirus seoulense strain HBT62/2014 segment L, complete sequence",seoul_3052498,seoul,Orthohantavirus seoulense,3052498,Orthohantavirus seoulense,3052498,L,6530,0.3751914241960183,2a6e8bde9e221683fd8e22e0e7de2f57fd726f6590d555b6ff264807fc54dc0b,within_expected_range,0.3243491577335375,0.1637059724349157,0.2114854517611026,0.3004594180704441,0,0,0.0,6530,,3052498,HBT62/2014,,China,,2014,COMPLETE,L,,False
OQ739689.1,OQ739689,"OQ739689.1 Orthohantavirus seoulense strain HBT63/2013 segment L, complete sequence",seoul_3052498,seoul,Orthohantavirus seoulense,3052498,Orthohantavirus seoulense,3052498,L,6530,0.3751914241960183,de0b14ac9d656fd205e9c3a40b6e748b3930f35caa3d95b2666c9c3895914aba,within_expected_range,0.3240428790199081,0.163552833078101,0.2116385911179173,0.3007656967840735,0,0,0.0,6530,,3052498,HBT63/2013,,China,,2013,COMPLETE,L,,False
OQ739690.1,OQ739690,"OQ739690.1 Orthohantavirus seoulense strain HBT64/2014 segment L, complete sequence",seoul_3052498,seoul,Orthohantavirus seoulense,3052498,Orthohantavirus seoulense,3052498,L,6530,0.3754977029096478,59ce97f6bf58c24754b7c73caf3fbf4d4fd77847676c5a0706ffbec10134ce2a,within_expected_range,0.3234303215926493,0.1629402756508422,0.2125574272588055,0.3010719754977029,0,0,0.0,6530,,3052498,HBT64/2014,,China,,2014,COMPLETE,L,,False
OQ739691.1,OQ739691,"OQ739691.1 Orthohantavirus seoulense strain HBT65/2014 segment L, complete sequence",seoul_3052498,seoul,Orthohantavirus seoulense,3052498,Orthohantavirus seoulense,3052498,L,6530,0.3753445635528331,6a6883f48420c086cdfd48d9ab442088e1eb05fb9a61d66680a429803e3b2a8e,within_expected_range,0.323583460949464,0.1629402756508422,0.2124042879019908,0.3010719754977029,0,0,0.0,6530,,3052498,HBT65/2014,,China,,2014,COMPLETE,L,,False
PX794538.1,PX794538,"PX794538.1 Orthohantavirus seoulense strain NMGTL09 segment L, complete sequence",seoul_3052498,seoul,Orthohantavirus seoulense,3052498,Orthohantavirus seoulense,3052498,L,6532,0.3740048989589712,f7deaa0f3cc9186ec221ec277d943b3aab418c81028f4665b90b20cccd2c6abd,within_expected_range,0.3256276791181874,0.1628903857930189,0.2111145131659522,0.3003674219228414,0,0,0.0,6532,,3052498,NMGTL09,,"China: Tong Liao, Inner Mongolia",,2025-05-17,COMPLETE,L,,False
PX794539.1,PX794539,"PX794539.1 Orthohantavirus seoulense strain NMGXAM09 segment L, complete sequence",seoul_3052498,seoul,Orthohantavirus seoulense,3052498,Orthohantavirus seoulense,3052498,L,6532,0.3762633996937213,a5ed5ff7f00608ddc79624d830d6d9797dbd3e103f18a30fb50d180d17bf704d,within_expected_range,0.3237366003062787,0.1647779479326186,0.2114854517611026,0.3,0,2,0.0003061849357011,6530,,3052498,NMGXAM09,,"China: Hinggan League, Inner Mongolia",,2025-03-21,COMPLETE,L,,False
PX794537.1,PX794537,"PX794537.1 Orthohantavirus seoulense strain NMGTL10 segment L, complete sequence",seoul_3052498,seoul,Orthohantavirus seoulense,3052498,Orthohantavirus seoulense,3052498,L,6538,0.3738904193449648,357e2fff0a5a871d6be4c79d9bf09f92dca6d059f7bbb210db309de3722d12da,within_expected_range,0.3259871441689623,0.1629935720844811,0.2108968472604836,0.3001224364860728,0,4,0.0006118078923218,6534,,3052498,NMGTL10,,"China: Tong Liao, Inner Mongolia",,2025-05-17,COMPLETE,L,,False
KP645197.1,KP645197,"KP645197.1 Seoul virus isolate Fj372/2013 segment M, complete sequence",seoul_3052498,seoul,Orthohantavirus seoulense,3052498,Orthohantavirus seoulense,3052498,M,3605,0.388626907073509,5e961b0f2813dab0e19e52d3c14e7b8bbd99dc48ff3ea2be8bd74fb4b63ba08e,within_expected_range,0.3062413314840499,0.1814147018030513,0.2072122052704577,0.305131761442441,0,0,0.0,3605,,3052498,Fj372/2013,,China,,2013-12-17,COMPLETE,M,,False
KU204959.2,KU204959,"KU204959.2 Orthohantavirus seoulense strain Tchoupitoulas/POR segment M polyprotein gene, complete cds",seoul_3052498,seoul,Orthohantavirus seoulense,3052498,Orthohantavirus seoulense,3052498,M,3650,0.3987393806522334,e699b4afe1ac6aea11acde0116da1bf15bb6ca3b6336d7b31719f0a86033712d,within_expected_range,0.3047410249383392,0.1899150452178679,0.2088243354343655,0.2965195944094272,0,1,0.0002739726027397,3649,,3052498,Tchoupitoulas/POR,,USA,,1984,COMPLETE,M,,False
DQ133505.1,DQ133505,"DQ133505.1 Seoul virus BjHD01 segment M, complete sequence",seoul_3052498,seoul,Orthohantavirus seoulense,3052498,Orthohantavirus seoulense,280855,M,3651,0.3960558751027115,d602dc9e566704f2318b53dd57403dbbd788e1057ef7e3fa79fc840aa8862e81,within_expected_range,0.3043001917282936,0.1873459326211996,0.2087099424815119,0.2996439331689948,0,0,0.0,3651,,280855,BjHD01,,China,,,COMPLETE,M,,False
JX853576.1,JX853576,"JX853576.1 Seoul virus isolate DPRK08 segment M, complete sequence",seoul_3052498,seoul,Orthohantavirus seoulense,3052498,Orthohantavirus seoulense,3052498,M,3651,0.3916735141057245,b37298bcb0ddfd86bedecfbec834b0d16f0988dd6fb8bcc617589419d44c1938,within_expected_range,0.3045740892906053,0.1837852643111476,0.2078882497945768,0.3037523966036702,0,0,0.0,3651,,3052498,DPRK08,,North Korea,,2011-09-16,COMPLETE,M,,False
JX879768.1,JX879768,"JX879768.1 Seoul virus strain Humber segment M, complete sequence",seoul_3052498,seoul,Orthohantavirus seoulense,3052498,Orthohantavirus seoulense,3052498,M,3651,0.391125718981101,3b99fb52038015c44e4a1e8702a951a1b7d4db66c803f758c6ed1105aeb55a09,within_expected_range,0.3092303478499041,0.1870720350588879,0.2040536839222131,0.2996439331689948,0,0,0.0,3651,,3052498,Humber,,United Kingdom,,2012-02,COMPLETE,M,,False
KM115585.1,KM115585,"KM115585.1 Seoul virus strain 93HBQ3 envelope glycoprotein gene, complete cds",seoul_3052498,seoul,Orthohantavirus seoulense,3052498,Orthohantavirus seoulense,3052498,M,3651,0.3960558751027115,18dc875d9ff1bee13b9105d3106f6999a66e48bda73780f5ed130039988fab82,within_expected_range,0.3040262941659819,0.1876198301835113,0.2084360449192002,0.2999178307313065,0,0,0.0,3651,,3052498,93HBQ3,,China,,,COMPLETE,M,,False
KM233653.1,KM233653,"KM233653.1 Seoul virus strain HBQ5 envelope glycoprotein gene, complete cds",seoul_3052498,seoul,Orthohantavirus seoulense,3052498,Orthohantavirus seoulense,3052498,M,3651,0.3955080799780882,1b5306035ac339cd61a3f1de9d1d3a287c83ec8bbf97ffe3bd2ba8484a79c401,within_expected_range,0.3032046014790468,0.1859764448096412,0.209531635168447,0.3012873185428649,0,0,0.0,3651,,3052498,HBQ5,,China,,2013-08-03,COMPLETE,M,,False
KM233654.1,KM233654,"KM233654.1 Seoul virus strain HBQ7 envelope glycoprotein gene, complete cds",seoul_3052498,seoul,Orthohantavirus seoulense,3052498,Orthohantavirus seoulense,3052498,M,3651,0.3957819775403999,db7823f6d3710439123edcae34dc7c13ee6b71538bf711fab5c3255306ba37aa,within_expected_range,0.3037523966036702,0.1867981374965762,0.2089838400438236,0.3004656258559299,0,0,0.0,3651,,3052498,HBQ7,,China,,2013-08-03,COMPLETE,M,,False
KM233655.1,KM233655,"KM233655.1 Seoul virus strain HBQ17 envelope glycoprotein gene, complete cds",seoul_3052498,seoul,Orthohantavirus seoulense,3052498,Orthohantavirus seoulense,3052498,M,3651,0.3998904409750753,875c969bdeef2800002ef2d2aa6b7d7759536c19f8460901b3f6979641502626,within_expected_range,0.3015612161051766,0.1895371131196932,0.210353327855382,0.298548342919748,0,0,0.0,3651,,3052498,HBQ17,,China,,2013-08-03,COMPLETE,M,,False
KM233656.1,KM233656,"KM233656.1 Seoul virus strain HBQ20 envelope glycoprotein gene, complete cds",seoul_3052498,seoul,Orthohantavirus seoulense,3052498,Orthohantavirus seoulense,3052498,M,3651,0.3955080799780882,84ff1eb49384ed01fd0747ebb6b74a9fca491be986cb54694aa24c4a13c87b33,within_expected_range,0.3032046014790468,0.1859764448096412,0.209531635168447,0.3012873185428649,0,0,0.0,3651,,3052498,HBQ20,,China,,2013-08-03,COMPLETE,M,,False
KM233657.1,KM233657,"KM233657.1 Seoul virus strain HBQ43 envelope glycoprotein gene, complete cds",seoul_3052498,seoul,Orthohantavirus seoulense,3052498,Orthohantavirus seoulense,3052498,M,3651,0.396603670227335,3d77ce157c372000defb3c8f142e7f2852bf5a3bc84d277fad7d6c6053156031,within_expected_range,0.3040262941659819,0.187893727745823,0.2087099424815119,0.2993700356066831,0,0,0.0,3651,,3052498,HBQ43,,China,,2013-08-03,COMPLETE,M,,False
KM233658.1,KM233658,"KM233658.1 Seoul virus strain HBT14 envelope glycoprotein gene, complete cds",seoul_3052498,seoul,Orthohantavirus seoulense,3052498,Orthohantavirus seoulense,3052498,M,3651,0.3952341824157765,42b21386ae954be496ee84024b257c8053a9629c4261e8aa408bfaada6364063,within_expected_range,0.3032046014790468,0.1854286496850178,0.2098055327307587,0.3015612161051766,0,0,0.0,3651,,3052498,HBT14,,China,,2013-08-03,COMPLETE,M,,False
KM233659.1,KM233659,"KM233659.1 Seoul virus strain HBT49 envelope glycoprotein gene, complete cds",seoul_3052498,seoul,Orthohantavirus seoulense,3052498,Orthohantavirus seoulense,3052498,M,3651,0.3949602848534648,2b23e685e42e67c450c8b3537a8a0610cb96d550eccb62c4c85ed487e0b948e2,within_expected_range,0.3045740892906053,0.1867981374965762,0.2081621473568885,0.3004656258559299,0,0,0.0,3651,,3052498,HBT49,,China,,2013-08-03,COMPLETE,M,,False
KM233660.1,KM233660,"KM233660.1 Seoul virus strain HBT50 envelope glycoprotein gene, complete cds",seoul_3052498,seoul,Orthohantavirus seoulense,3052498,Orthohantavirus seoulense,3052498,M,3651,0.3960558751027115,8d1294fca5437ff3aceddb4127710159e7a99a35c9f45306fa49002ba7128f10,within_expected_range,0.3034784990413585,0.1870720350588879,0.2089838400438236,0.3004656258559299,0,0,0.0,3651,,3052498,HBT50,,China,,2013-08-03,COMPLETE,M,,False
KM233661.1,KM233661,"KM233661.1 Seoul virus strain HBT-3 envelope glycoprotein gene, complete cds",seoul_3052498,seoul,Orthohantavirus seoulense,3052498,Orthohantavirus seoulense,3052498,M,3651,0.3949602848534648,0592b4ea7c8b691381ca4c74187ea2205983abb99c61838515237c4ac48cc4e2,within_expected_range,0.3043001917282936,0.1870720350588879,0.2078882497945768,0.3007395234182415,0,0,0.0,3651,,3052498,HBT-3,,China,,2013-08-03,COMPLETE,M,,False
KM948593.1,KM948593,"KM948593.1 Seoul virus strain Cherwell segment M, complete sequence",seoul_3052498,seoul,Orthohantavirus seoulense,3052498,Orthohantavirus seoulense,3052498,M,3651,0.3924952067926595,a45f3233d68b6d70453b10cc24f81e1a67513fdb8c318c8f74fadb3359ff6647,within_expected_range,0.3073130649137223,0.1867981374965762,0.2056970692960832,0.3001917282936182,0,0,0.0,3651,,3052498,Cherwell,,United Kingdom,,2013,COMPLETE,M,,False
KM948597.1,KM948597,"KM948597.1 Seoul virus strain Humber segment M, complete sequence",seoul_3052498,seoul,Orthohantavirus seoulense,3052498,Orthohantavirus seoulense,3052498,M,3651,0.3908518214187894,73e9ddcc0d6c56628d5cc3294965a513290c0b32c8e9967d05eb527004589912,within_expected_range,0.3092303478499041,0.1867981374965762,0.2040536839222131,0.2999178307313065,0,0,0.0,3651,,3052498,Humber,,United Kingdom,,2012,COMPLETE,M,,False
MF149942.1,MF149942,"MF149942.1 Orthohantavirus seoulense strain Rn10-134/NGS glycoprotein gene, complete cds",seoul_3052498,seoul,Orthohantavirus seoulense,3052498,Orthohantavirus seoulense,3052498,M,3651,0.4004382360996987,5df195671c4542159000e59b103801ea3dc9a6e55877140f87c603e133da6466,within_expected_range,0.3026568063544234,0.1895371131196932,0.2109011229800055,0.2969049575458778,0,0,0.0,3651,,3052498,Rn10-134/NGS,,South Korea,,2010-09-30,COMPLETE,,,False
MF149943.1,MF149943,"MF149943.1 Orthohantavirus seoulense strain Rn10-145/NGS glycoprotein gene, complete cds",seoul_3052498,seoul,Orthohantavirus seoulense,3052498,Orthohantavirus seoulense,3052498,M,3651,0.4007121336620104,3cb0ee450de9f765de8bda55f3e20e8852b99eff0f06407171b983343c8c8d95,within_expected_range,0.3029307039167351,0.1903588058066283,0.210353327855382,0.2963571624212544,0,0,0.0,3651,,3052498,Rn10-145/NGS,,South Korea,,2010-10-20,COMPLETE,,,False
MF149944.1,MF149944,"MF149944.1 Orthohantavirus seoulense strain Rn11-44/NGS glycoprotein gene, complete cds",seoul_3052498,seoul,Orthohantavirus seoulense,3052498,Orthohantavirus seoulense,3052498,M,3651,0.3996165434127636,93d11463771bea871899793529b5781988d78d7550f8d274acf8ceb606958c46,within_expected_range,0.3034784990413585,0.1900849082443166,0.209531635168447,0.2969049575458778,0,0,0.0,3651,,3052498,Rn11-44/NGS,,South Korea,,2011-07-28,COMPLETE,,,False
MF149945.1,MF149945,"MF149945.1 Orthohantavirus seoulense strain Rn11-53/NGS glycoprotein gene, complete cds",seoul_3052498,seoul,Orthohantavirus seoulense,3052498,Orthohantavirus seoulense,3052498,M,3651,0.3987948507258285,fbf8a66856d6368f5e6ba2c6d956418b57aa660bcfea2a07467c163267dcb8d2,within_expected_range,0.3034784990413585,0.1889893179950698,0.2098055327307587,0.2977266502328129,0,0,0.0,3651,,3052498,Rn11-53/NGS,,South Korea,,2011-07-28,COMPLETE,,,False
MF149946.1,MF149946,"MF149946.1 Orthohantavirus seoulense strain Hu02-258/NGS glycoprotein gene, complete cds",seoul_3052498,seoul,Orthohantavirus seoulense,3052498,Orthohantavirus seoulense,3052498,M,3651,0.3979731580388934,561e81fcf8ff62e4f047e86e94a1f51627f0ab06c3331ffaabcd127bd9def30e,within_expected_range,0.304847986852917,0.1895371131196932,0.2084360449192002,0.2971788551081895,0,0,0.0,3651,,3052498,Hu02-258/NGS,,South Korea,,2002,COMPLETE,,,False
MZ504239.1,MZ504239,"MZ504239.1 Seoul orthohantavirus strain GAW30/2021 segment M, complete sequence",seoul_3052498,seoul,Orthohantavirus seoulense,3052498,Orthohantavirus seoulense,3052498,M,3651,0.3913996165434127,92b0c3a3d3b8b83a4a40cc2dfd45744d4cca7668b7704f622cd35afd3762f949,within_expected_range,0.3070391673514105,0.1846069569980827,0.20679265954533,0.3015612161051766,0,0,0.0,3651,,3052498,GAW30/2021,,China,,2021-04-24,COMPLETE,M,,False
MZ504240.1,MZ504240,"MZ504240.1 Seoul orthohantavirus strain GAW50/2021 segment M, complete sequence",seoul_3052498,seoul,Orthohantavirus seoulense,3052498,Orthohantavirus seoulense,3052498,M,3651,0.390304026294166,a7a9edd6ed825fd68f2d73bd4f5b6890994f418f2580a19a4fcb26eef1fb7d20,within_expected_range,0.3067652697890989,0.1835113667488359,0.20679265954533,0.3029307039167351,0,0,0.0,3651,,3052498,GAW50/2021,,China,,2021-04-24,COMPLETE,M,,False
NC_005237.1,NC_005237,"NC_005237.1 Seoul virus segment M, complete sequence",seoul_3052498,seoul,Orthohantavirus seoulense,3052498,Orthohantavirus seoulense,3052498,M,3651,0.4007121336620104,3525a7f7f9d29283afd067072575a7c68cecf9cc5e97cb700bf3644c3a96bc8e,within_expected_range,0.3015612161051766,0.1898110106820049,0.2109011229800055,0.2977266502328129,0,0,0.0,3651,,3052498,80-39,,,,,COMPLETE,M,,False
OQ739754.1,OQ739754,"OQ739754.1 Orthohantavirus seoulense strain 93HBQ3 segment M, complete sequence",seoul_3052498,seoul,Orthohantavirus seoulense,3052498,Orthohantavirus seoulense,3052498,M,3651,0.3952341824157765,e5fc48b4d2f4f1464b08f8c9e66a942087a22b8dec609a29017c532bca03a712,within_expected_range,0.3045740892906053,0.1873459326211996,0.2078882497945768,0.3001917282936182,0,0,0.0,3651,,3052498,93HBQ3,,China,,1993,COMPLETE,M,,False
OQ739755.1,OQ739755,"OQ739755.1 Orthohantavirus seoulense strain 93HBJ20 segment M, complete sequence",seoul_3052498,seoul,Orthohantavirus seoulense,3052498,Orthohantavirus seoulense,3052498,M,3651,0.3957819775403999,5fc139d6a5ba84f4347bb7650b90a3e70042f3ff580c3e1d435bc04522414520,within_expected_range,0.3040262941659819,0.1873459326211996,0.2084360449192002,0.3001917282936182,0,0,0.0,3651,,3052498,93HBJ20,,China,,1993,COMPLETE,M,,False
OQ739756.1,OQ739756,"OQ739756.1 Orthohantavirus seoulense strain 93HBQ4 segment M, complete sequence",seoul_3052498,seoul,Orthohantavirus seoulense,3052498,Orthohantavirus seoulense,3052498,M,3651,0.3941385921665297,07e7362376ad2fb488f32aa786001ef60d08059a53a98cde8a0b4c6c0abecdb3,within_expected_range,0.3045740892906053,0.1867981374965762,0.2073404546699534,0.3012873185428649,0,0,0.0,3651,,3052498,93HBQ4,,China,,1993,COMPLETE,M,,False
OQ739757.1,OQ739757,"OQ739757.1 Orthohantavirus seoulense strain 93HBX10 segment M, complete sequence",seoul_3052498,seoul,Orthohantavirus seoulense,3052498,Orthohantavirus seoulense,3052498,M,3651,0.3955080799780882,6e09bccd6d7689515b88d21a3fa2166b8f07abf7066beb3aa2bff5666c7e92bf,within_expected_range,0.3045740892906053,0.1887154204327581,0.20679265954533,0.2999178307313065,0,0,0.0,3651,,3052498,93HBX10,,China,,1993,COMPLETE,M,,False
OQ739758.1,OQ739758,"OQ739758.1 Orthohantavirus seoulense strain 93HBX11 segment M, complete sequence",seoul_3052498,seoul,Orthohantavirus seoulense,3052498,Orthohantavirus seoulense,3052498,M,3651,0.3960558751027115,4cc3657817e4c0f19c09bc72e0800406924812488a9bf85d4d1e273f891bacf9,within_expected_range,0.3040262941659819,0.1876198301835113,0.2084360449192002,0.2999178307313065,0,0,0.0,3651,,3052498,93HBX11,,China,,1993,COMPLETE,M,,False
OQ739762.1,OQ739762,"OQ739762.1 Orthohantavirus seoulense strain HBCD1/2017 segment M, complete sequence",seoul_3052498,seoul,Orthohantavirus seoulense,3052498,Orthohantavirus seoulense,3052498,M,3651,0.3971514653519584,66713a35fda14c4686727ba6e84059c7e9e3124ddfa072f53475c28fb8182db3,within_expected_range,0.3032046014790468,0.1876198301835113,0.209531635168447,0.2996439331689948,0,0,0.0,3651,,3052498,HBCD1/2017,,China,,2017,COMPLETE,M,,False
OQ739763.1,OQ739763,"OQ739763.1 Orthohantavirus seoulense strain HBCD1/2018 segment M, complete sequence",seoul_3052498,seoul,Orthohantavirus seoulense,3052498,Orthohantavirus seoulense,3052498,M,3651,0.3971514653519584,2d888da8efde3296d574ddb4504e4964440984a39afb1bee581eb3ed767b8719,within_expected_range,0.3034784990413585,0.1884415228704464,0.2087099424815119,0.2993700356066831,0,0,0.0,3651,,3052498,HBCD1/2018,,China,,2018,COMPLETE,M,,False
OQ739765.1,OQ739765,"OQ739765.1 Orthohantavirus seoulense strain HBCD4/2017 segment M, complete sequence",seoul_3052498,seoul,Orthohantavirus seoulense,3052498,Orthohantavirus seoulense,3052498,M,3651,0.3968775677896466,d9f5c4a81895f0f91bd3c9d5e19867f8b1c9b7d9309c76baa6eaad210d846033,within_expected_range,0.3032046014790468,0.1876198301835113,0.2092577376061353,0.2999178307313065,0,0,0.0,3651,,3052498,HBCD4/2017,,China,,2017,COMPLETE,M,,False
OQ739766.1,OQ739766,"OQ739766.1 Orthohantavirus seoulense strain HBCD6/2017 segment M, complete sequence",seoul_3052498,seoul,Orthohantavirus seoulense,3052498,Orthohantavirus seoulense,3052498,M,3651,0.39742536291427,346b47929402599b02f1ecab5ea358b1b08533aad0a7a48a84ac8004ffa01bb2,within_expected_range,0.3029307039167351,0.187893727745823,0.209531635168447,0.2996439331689948,0,0,0.0,3651,,3052498,HBCD6/2017,,China,,2017,COMPLETE,M,,False
OQ739767.1,OQ739767,"OQ739767.1 Orthohantavirus seoulense strain HBCD8/2017 segment M, complete sequence",seoul_3052498,seoul,Orthohantavirus seoulense,3052498,Orthohantavirus seoulense,3052498,M,3651,0.3968775677896466,e7227d7b50f93bad268422f1731a0866657f221d0e9faa2a9120dc915c4c78e2,within_expected_range,0.3037523966036702,0.1881676253081347,0.2087099424815119,0.2993700356066831,0,0,0.0,3651,,3052498,HBCD8/2017,,China,,2017,COMPLETE,M,,False
OQ739768.1,OQ739768,"OQ739768.1 Orthohantavirus seoulense strain HBCD9/2017 segment M, complete sequence",seoul_3052498,seoul,Orthohantavirus seoulense,3052498,Orthohantavirus seoulense,3052498,M,3651,0.3968775677896466,2b2e0d94c13a5261b25f0eca26d6ebc3e0963ebfadb3671e87bf4a440176375d,within_expected_range,0.3034784990413585,0.1884415228704464,0.2084360449192002,0.2996439331689948,0,0,0.0,3651,,3052498,HBCD9/2017,,China,,2017,COMPLETE,M,,False
OQ739769.1,OQ739769,"OQ739769.1 Orthohantavirus seoulense strain HBCD13/2019 segment M, complete sequence",seoul_3052498,seoul,Orthohantavirus seoulense,3052498,Orthohantavirus seoulense,3052498,M,3651,0.39742536291427,5085f1e8a1995a464cda1bda8db23062a05dca076f07ac54b815bfc71785ea9f,within_expected_range,0.3034784990413585,0.1887154204327581,0.2087099424815119,0.2990961380443714,0,0,0.0,3651,,3052498,HBCD13/2019,,China,,2019,COMPLETE,M,,False
OQ739770.1,OQ739770,"OQ739770.1 Orthohantavirus seoulense strain HBCD44/2021 segment M, complete sequence",seoul_3052498,seoul,Orthohantavirus seoulense,3052498,Orthohantavirus seoulense,3052498,M,3651,0.3976992604765818,dbf1d4adab9e3d1f5d30fc8284e2e2fe80cb7b71a0a16a0c7fcd8032d17481b3,within_expected_range,0.3029307039167351,0.1881676253081347,0.209531635168447,0.2993700356066831,0,0,0.0,3651,,3052498,HBCD44/2021,,China,,2021,COMPLETE,M,,False
OQ739771.1,OQ739771,"OQ739771.1 Orthohantavirus seoulense strain HBCD52/2002 segment M, complete sequence",seoul_3052498,seoul,Orthohantavirus seoulense,3052498,Orthohantavirus seoulense,3052498,M,3651,0.3957819775403999,bd8b8ebf9b687c0dbac0bfed27942fc3b5cf87656e25f7eefb96a6749b0b81f6,within_expected_range,0.3032046014790468,0.1867981374965762,0.2089838400438236,0.3010134209805533,0,0,0.0,3651,,3052498,HBCD52/2002,,China,,2002,COMPLETE,M,,False
OQ739772.1,OQ739772,"OQ739772.1 Orthohantavirus seoulense strain HBCD55/2002 segment M, complete sequence",seoul_3052498,seoul,Orthohantavirus seoulense,3052498,Orthohantavirus seoulense,3052498,M,3651,0.3900301287318543,fea2901b72ce17dc85398ed52bcc6754df0bab537063bb2ffdb14bfcecd59810,within_expected_range,0.3053957819775404,0.1840591618734593,0.2059709668583949,0.3045740892906053,0,0,0.0,3651,,3052498,HBCD55/2002,,China,,2002,COMPLETE,M,,False
OQ739773.1,OQ739773,"OQ739773.1 Orthohantavirus seoulense strain HBCD55/2021 segment M, complete sequence",seoul_3052498,seoul,Orthohantavirus seoulense,3052498,Orthohantavirus seoulense,3052498,M,3651,0.3971514653519584,548d4a5c92888ddfbe6ebc97032a47a85bd8dd23c8c0561745b30deb246fb2ce,within_expected_range,0.3032046014790468,0.1881676253081347,0.2089838400438236,0.2996439331689948,0,0,0.0,3651,,3052498,HBCD55/2021,,China,,2021,COMPLETE,M,,False
OQ739774.1,OQ739774,"OQ739774.1 Orthohantavirus seoulense strain HBCD56/2002 segment M, complete sequence",seoul_3052498,seoul,Orthohantavirus seoulense,3052498,Orthohantavirus seoulense,3052498,M,3651,0.3955080799780882,bbb0b9aadc7821696c8e772100af0197af188d5c042ec582a7c4731a9262f097,within_expected_range,0.3034784990413585,0.1865242399342646,0.2089838400438236,0.3010134209805533,0,0,0.0,3651,,3052498,HBCD56/2002,,China,,2002,COMPLETE,M,,False
OQ739775.1,OQ739775,"OQ739775.1 Orthohantavirus seoulense strain HBCZ88/1999 segment M, complete sequence",seoul_3052498,seoul,Orthohantavirus seoulense,3052498,Orthohantavirus seoulense,3052498,M,3651,0.393864694604218,b689f6c108b9a33726202e28b43edb561430b0e5aa092c7b05a54e83c9a7ef3f,within_expected_range,0.3045740892906053,0.1854286496850178,0.2084360449192002,0.3015612161051766,0,0,0.0,3651,,3052498,HBCZ88/1999,,China,,1999,COMPLETE,M,,False
OQ739776.1,OQ739776,"OQ739776.1 Orthohantavirus seoulense strain HBH51/2021 segment M, complete sequence",seoul_3052498,seoul,Orthohantavirus seoulense,3052498,Orthohantavirus seoulense,3052498,M,3651,0.3955080799780882,3f1851921d49462cb59a109e09077b563d32378f07cd003e841d74585c145c31,within_expected_range,0.3034784990413585,0.1859764448096412,0.209531635168447,0.3010134209805533,0,0,0.0,3651,,3052498,HBH51/2021,,China,,2021,COMPLETE,M,,False
OQ739777.1,OQ739777,"OQ739777.1 Orthohantavirus seoulense strain HBL3/2005 segment M, complete sequence",seoul_3052498,seoul,Orthohantavirus seoulense,3052498,Orthohantavirus seoulense,3052498,M,3651,0.3949602848534648,63063864939aeb36551279a9b4b764e3c597938b3f907c70f3b262e638316b68,within_expected_range,0.3032046014790468,0.1851547521227061,0.2098055327307587,0.3018351136674884,0,0,0.0,3651,,3052498,HBL3/2005,,China,,2005,COMPLETE,M,,False
OQ739778.1,OQ739778,"OQ739778.1 Orthohantavirus seoulense strain HBL131/2007 segment M, complete sequence",seoul_3052498,seoul,Orthohantavirus seoulense,3052498,Orthohantavirus seoulense,3052498,M,3651,0.396603670227335,eccd2d8e7f155f9a6edf5b6dbf3779db2a23f867437cb5bc56bc44345d0d287d,within_expected_range,0.3034784990413585,0.1873459326211996,0.2092577376061353,0.2999178307313065,0,0,0.0,3651,,3052498,HBL131/2007,,China,,2007,COMPLETE,M,,False
OQ739779.1,OQ739779,"OQ739779.1 Orthohantavirus seoulense strain HBQ1/2015 segment M, complete sequence",seoul_3052498,seoul,Orthohantavirus seoulense,3052498,Orthohantavirus seoulense,3052498,M,3651,0.3949602848534648,5888f32c90e7cf5b6320f2199d865c59fbebd05109e1a52a8124bf5ab24f77f7,within_expected_range,0.3040262941659819,0.1862503423719529,0.2087099424815119,0.3010134209805533,0,0,0.0,3651,,3052498,HBQ1/2015,,China,,2015,COMPLETE,M,,False
OQ739780.1,OQ739780,"OQ739780.1 Orthohantavirus seoulense strain HBQ2/2015 segment M, complete sequence",seoul_3052498,seoul,Orthohantavirus seoulense,3052498,Orthohantavirus seoulense,3052498,M,3651,0.3960558751027115,eceb8e40fda2fecdb4bd808198658c13be6d7b6a62877fb4261e5b4caf5ecb53,within_expected_range,0.3034784990413585,0.1867981374965762,0.2092577376061353,0.3004656258559299,0,0,0.0,3651,,3052498,HBQ2/2015,,China,,2015,COMPLETE,M,,False
OQ739781.1,OQ739781,"OQ739781.1 Orthohantavirus seoulense strain HBQ3/2012 segment M, complete sequence",seoul_3052498,seoul,Orthohantavirus seoulense,3052498,Orthohantavirus seoulense,3052498,M,3651,0.3946863872911531,93206a2d957e69bee48cabd1170a5b0a121ad26a7a097b25d8217582c0d2e791,within_expected_range,0.304847986852917,0.1865242399342646,0.2081621473568885,0.3004656258559299,0,0,0.0,3651,,3052498,HBQ3/2012,,China,,2012,COMPLETE,M,,False
OQ739782.1,OQ739782,"OQ739782.1 Orthohantavirus seoulense strain HBQ4/2012 segment M, complete sequence",seoul_3052498,seoul,Orthohantavirus seoulense,3052498,Orthohantavirus seoulense,3052498,M,3651,0.3941385921665297,61efde4cb4bf3f5c2ff85e0543be44b000891f873f33396cebf1136dbb884049,within_expected_range,0.3053957819775404,0.1865242399342646,0.2076143522322651,0.3004656258559299,0,0,0.0,3651,,3052498,HBQ4/2012,,China,,2012,COMPLETE,M,,False
OQ739783.1,OQ739783,"OQ739783.1 Orthohantavirus seoulense strain HBQ5/2015 segment M, complete sequence",seoul_3052498,seoul,Orthohantavirus seoulense,3052498,Orthohantavirus seoulense,3052498,M,3651,0.3982470556012051,7a1d8ea5024ff5f7bb45aaec887949b9b4d4e29cbe22876d3b87097d4a973f9c,within_expected_range,0.3026568063544234,0.1884415228704464,0.2098055327307587,0.2990961380443714,0,0,0.0,3651,,3052498,HBQ5/2015,,China,,2015,COMPLETE,M,,False
OQ739784.1,OQ739784,"OQ739784.1 Orthohantavirus seoulense strain HBQ7/2012 segment M, complete sequence",seoul_3052498,seoul,Orthohantavirus seoulense,3052498,Orthohantavirus seoulense,3052498,M,3651,0.396603670227335,52c377dca37275e1808a62d3af161955881d231069730cfc60cc363d7a4ac078,within_expected_range,0.3032046014790468,0.1870720350588879,0.209531635168447,0.3001917282936182,0,0,0.0,3651,,3052498,HBQ7/2012,,China,,2012,COMPLETE,M,,False
OQ739785.1,OQ739785,"OQ739785.1 Orthohantavirus seoulense strain HBQ15/2018 segment M, complete sequence",seoul_3052498,seoul,Orthohantavirus seoulense,3052498,Orthohantavirus seoulense,3052498,M,3651,0.3976992604765818,c94f0393f6ebcb8837f4023ba0975bd8ad659786867273352c5f386768bd6f29,within_expected_range,0.3034784990413585,0.187893727745823,0.2098055327307587,0.2988222404820597,0,0,0.0,3651,,3052498,HBQ15/2018,,China,,2018,COMPLETE,M,,False
OQ739787.1,OQ739787,"OQ739787.1 Orthohantavirus seoulense strain HBQ47/2021 segment M, complete sequence",seoul_3052498,seoul,Orthohantavirus seoulense,3052498,Orthohantavirus seoulense,3052498,M,3651,0.3963297726650233,c0676ccb31e6042d8a7462fe5d3f9b6fb61fbd7fa193749393e9fac99e5963f6,within_expected_range,0.3032046014790468,0.1873459326211996,0.2089838400438236,0.3004656258559299,0,0,0.0,3651,,3052498,HBQ47/2021,,China,,2021,COMPLETE,M,,False
OQ739788.1,OQ739788,"OQ739788.1 Orthohantavirus seoulense strain HBQ49/2004 segment M, complete sequence",seoul_3052498,seoul,Orthohantavirus seoulense,3052498,Orthohantavirus seoulense,3052498,M,3651,0.3949602848534648,5a42f0f87bd607c913dbffe3efbdcfe0923645d7afbb44e9ba00f86ba41b22df,within_expected_range,0.3034784990413585,0.1859764448096412,0.2089838400438236,0.3015612161051766,0,0,0.0,3651,,3052498,HBQ49/2004,,China,,2004,COMPLETE,M,,False
OQ739789.1,OQ739789,"OQ739789.1 Orthohantavirus seoulense strain HBQ50/2021 segment M, complete sequence",seoul_3052498,seoul,Orthohantavirus seoulense,3052498,Orthohantavirus seoulense,3052498,M,3651,0.3955080799780882,66e4d08de9d3680c0714eb780ddb20f546fd92bbc77c69d4660d7df1955964aa,within_expected_range,0.3026568063544234,0.1859764448096412,0.209531635168447,0.3018351136674884,0,0,0.0,3651,,3052498,HBQ50/2021,,China,,2021,COMPLETE,M,,False
OQ739790.1,OQ739790,"OQ739790.1 Orthohantavirus seoulense strain HBQ57/2021 segment M, complete sequence",seoul_3052498,seoul,Orthohantavirus seoulense,3052498,Orthohantavirus seoulense,3052498,M,3651,0.3955080799780882,1218c03babce4dad238fd76aacb7571cd7c9349bc685cfff78d5c12a0755c796,within_expected_range,0.304847986852917,0.1867981374965762,0.2087099424815119,0.2996439331689948,0,0,0.0,3651,,3052498,HBQ57/2021,,China,,2021,COMPLETE,M,,False
OQ739791.1,OQ739791,"OQ739791.1 Orthohantavirus seoulense strain HBQ58/2021 segment M, complete sequence",seoul_3052498,seoul,Orthohantavirus seoulense,3052498,Orthohantavirus seoulense,3052498,M,3651,0.3955080799780882,adef44cd47871fce3c4beaf058db22a715589335061e424e048e30e1280f38bf,within_expected_range,0.3043001917282936,0.1873459326211996,0.2081621473568885,0.3001917282936182,0,0,0.0,3651,,3052498,HBQ58/2021,,China,,2021,COMPLETE,M,,False
OQ739794.1,OQ739794,"OQ739794.1 Orthohantavirus seoulense strain HBQ62/2001 segment M, complete sequence",seoul_3052498,seoul,Orthohantavirus seoulense,3052498,Orthohantavirus seoulense,3052498,M,3651,0.396603670227335,680a83b6a7436b0c2f4ba5cb39ef7d0da4cc489dbeaa1988024f0e244acf76d8,within_expected_range,0.3032046014790468,0.1873459326211996,0.2092577376061353,0.3001917282936182,0,0,0.0,3651,,3052498,HBQ62/2001,,China,,2001,COMPLETE,M,,False
OQ739795.1,OQ739795,"OQ739795.1 Orthohantavirus seoulense strain HBQ63/2001 segment M, complete sequence",seoul_3052498,seoul,Orthohantavirus seoulense,3052498,Orthohantavirus seoulense,3052498,M,3651,0.3946863872911531,b69087b36cc713b674c99c7f3b37fe5bef2356c336b0ccb9e87db7509b54ed43,within_expected_range,0.3051218844152287,0.1867981374965762,0.2078882497945768,0.3001917282936182,0,0,0.0,3651,,3052498,HBQ63/2001,,China,,2001,COMPLETE,M,,False
OQ739796.1,OQ739796,"OQ739796.1 Orthohantavirus seoulense strain HBQ63/2021 segment M, complete sequence",seoul_3052498,seoul,Orthohantavirus seoulense,3052498,Orthohantavirus seoulense,3052498,M,3651,0.3944124897288414,49c4ba98913e6e3e4acde5f1e64dbbd2a0f34766968f8b795520829eac2716a3,within_expected_range,0.3045740892906053,0.1865242399342646,0.2078882497945768,0.3010134209805533,0,0,0.0,3651,,3052498,HBQ63/2021,,China,,2021,COMPLETE,M,,False
OQ739797.1,OQ739797,"OQ739797.1 Orthohantavirus seoulense strain HBQ64/2022 segment M, complete sequence",seoul_3052498,seoul,Orthohantavirus seoulense,3052498,Orthohantavirus seoulense,3052498,M,3651,0.39742536291427,6f323ed98fb619a64c8a6e2a8cd4bee9afd5e65fb67d2931c54d4592cb7539ed,within_expected_range,0.3034784990413585,0.1884415228704464,0.2089838400438236,0.2990961380443714,0,0,0.0,3651,,3052498,HBQ64/2022,,China,,2022,COMPLETE,M,,False
OQ739798.1,OQ739798,"OQ739798.1 Orthohantavirus seoulense strain HBQ65/2009 segment M, complete sequence",seoul_3052498,seoul,Orthohantavirus seoulense,3052498,Orthohantavirus seoulense,3052498,M,3651,0.3952341824157765,64f782b9eceb00e78a6a928706cc6f60ff3b912b8fc952ae97add9bb94c732b7,within_expected_range,0.3043001917282936,0.1870720350588879,0.2081621473568885,0.3004656258559299,0,0,0.0,3651,,3052498,HBQ65/2009,,China,,2009,COMPLETE,M,,False
OQ739800.1,OQ739800,"OQ739800.1 Orthohantavirus seoulense strain HBQ73/2000 segment M, complete sequence",seoul_3052498,seoul,Orthohantavirus seoulense,3052498,Orthohantavirus seoulense,3052498,M,3651,0.3963297726650233,25631ae62e46aaa0cd51351a6be272588719784ddd59985f4247007f310121a3,within_expected_range,0.3029307039167351,0.1867981374965762,0.209531635168447,0.3007395234182415,0,0,0.0,3651,,3052498,HBQ73/2000,,China,,2000,COMPLETE,M,,False
OQ739801.1,OQ739801,"OQ739801.1 Orthohantavirus seoulense strain HBQ74/2000 segment M, complete sequence",seoul_3052498,seoul,Orthohantavirus seoulense,3052498,Orthohantavirus seoulense,3052498,M,3651,0.3957819775403999,fd76e9ec4fe7d6c7ecc07d39d0b6c3dd72b3e1dde0e4649ae98bd637c889dfb2,within_expected_range,0.3040262941659819,0.1870720350588879,0.2087099424815119,0.3001917282936182,0,0,0.0,3651,,3052498,HBQ74/2000,,China,,2000,COMPLETE,M,,False
OQ739803.1,OQ739803,"OQ739803.1 Orthohantavirus seoulense strain HBT4/2016 segment M, complete sequence",seoul_3052498,seoul,Orthohantavirus seoulense,3052498,Orthohantavirus seoulense,3052498,M,3651,0.3957819775403999,03198f0c83e73cc50a3499c524b3c959b9bce92c8c95f7b5ff2bc16c54b7e414,within_expected_range,0.3034784990413585,0.1862503423719529,0.209531635168447,0.3007395234182415,0,0,0.0,3651,,3052498,HBT4/2016,,China,,2016,COMPLETE,M,,False
OQ739805.1,OQ739805,"OQ739805.1 Orthohantavirus seoulense strain HBT6/2015 segment M, complete sequence",seoul_3052498,seoul,Orthohantavirus seoulense,3052498,Orthohantavirus seoulense,3052498,M,3651,0.3955080799780882,ffdf4acdf55a7e4823766714a8c95cbb3efd1eb5e3f84a540d4067dd48cfaa0b,within_expected_range,0.3045740892906053,0.1867981374965762,0.2087099424815119,0.2999178307313065,0,0,0.0,3651,,3052498,HBT6/2015,,China,,2015,COMPLETE,M,,False
OQ739806.1,OQ739806,"OQ739806.1 Orthohantavirus seoulense strain HBT7/2016 segment M, complete sequence",seoul_3052498,seoul,Orthohantavirus seoulense,3052498,Orthohantavirus seoulense,3052498,M,3651,0.393864694604218,6ed2db460848929d0b0f34466e1a1c82faf24c936c9daacac23b315c880c0595,within_expected_range,0.3056696795398521,0.1859764448096412,0.2078882497945768,0.3004656258559299,0,0,0.0,3651,,3052498,HBT7/2016,,China,,2016,COMPLETE,M,,False
OQ739807.1,OQ739807,"OQ739807.1 Orthohantavirus seoulense strain HBT41/2012 segment M, complete sequence",seoul_3052498,seoul,Orthohantavirus seoulense,3052498,Orthohantavirus seoulense,3052498,M,3651,0.3957819775403999,0a34146bbe642bf01d642b15b43b5612dd5404b229204bdcc304605088d4e4f7,within_expected_range,0.3034784990413585,0.1865242399342646,0.2092577376061353,0.3007395234182415,0,0,0.0,3651,,3052498,HBT41/2012,,China,,2012,COMPLETE,M,,False
OQ739808.1,OQ739808,"OQ739808.1 Orthohantavirus seoulense strain HBT43/2012 segment M, complete sequence",seoul_3052498,seoul,Orthohantavirus seoulense,3052498,Orthohantavirus seoulense,3052498,M,3651,0.3952341824157765,41c2af82a7610a246e018b1527f33962bf283ba570407b62045dfc74537f1fff,within_expected_range,0.3043001917282936,0.1865242399342646,0.2087099424815119,0.3004656258559299,0,0,0.0,3651,,3052498,HBT43/2012,,China,,2012,COMPLETE,M,,False
OQ739809.1,OQ739809,"OQ739809.1 Orthohantavirus seoulense strain HBT52/2013 segment M, complete sequence",seoul_3052498,seoul,Orthohantavirus seoulense,3052498,Orthohantavirus seoulense,3052498,M,3651,0.3957819775403999,fb03794f0fd6257cc1efa6cf3247e059a8e5679b58b89ba65674f1e652efc845,within_expected_range,0.3037523966036702,0.1865242399342646,0.2092577376061353,0.3004656258559299,0,0,0.0,3651,,3052498,HBT52/2013,,China,,2013,COMPLETE,M,,False
OQ739810.1,OQ739810,"OQ739810.1 Orthohantavirus seoulense strain HBT60/2013 segment M, complete sequence",seoul_3052498,seoul,Orthohantavirus seoulense,3052498,Orthohantavirus seoulense,3052498,M,3651,0.3952341824157765,6a0d0836a00a08f23099cbda1ad06913979759a3e2d2cdf8d13f00f85b7c85e7,within_expected_range,0.3040262941659819,0.1867981374965762,0.2084360449192002,0.3007395234182415,0,0,0.0,3651,,3052498,HBT60/2013,,China,,2013,COMPLETE,M,,False
OQ739811.1,OQ739811,"OQ739811.1 Orthohantavirus seoulense strain HBT61/2014 segment M, complete sequence",seoul_3052498,seoul,Orthohantavirus seoulense,3052498,Orthohantavirus seoulense,3052498,M,3651,0.3949602848534648,6b6def2b7ddcfe7f9ba6eb4d31cf2b674d5c90ec43f1da8a004c46689fd1cc9e,within_expected_range,0.304847986852917,0.1873459326211996,0.2076143522322651,0.3001917282936182,0,0,0.0,3651,,3052498,HBT61/2014,,China,,2014,COMPLETE,M,,False
OQ739814.1,OQ739814,"OQ739814.1 Orthohantavirus seoulense strain HBT64/2014 segment M, complete sequence",seoul_3052498,seoul,Orthohantavirus seoulense,3052498,Orthohantavirus seoulense,3052498,M,3651,0.3960558751027115,87578c96bf652c23c51dceb3accc42cb17f348a06885d5794a0bd3e7826235ec,within_expected_range,0.3043001917282936,0.187893727745823,0.2081621473568885,0.2996439331689948,0,0,0.0,3651,,3052498,HBT64/2014,,China,,2014,COMPLETE,M,,False
OQ739815.1,OQ739815,"OQ739815.1 Orthohantavirus seoulense strain HBT65/2014 segment M, complete sequence",seoul_3052498,seoul,Orthohantavirus seoulense,3052498,Orthohantavirus seoulense,3052498,M,3651,0.3957819775403999,24f05c202daffed520d19e39d1d2656f2f6bd5e56d5d507ab33eb5eeb2948c90,within_expected_range,0.304847986852917,0.1873459326211996,0.2084360449192002,0.2993700356066831,0,0,0.0,3651,,3052498,HBT65/2014,,China,,2014,COMPLETE,M,,False
OQ739760.1,OQ739760,"OQ739760.1 Orthohantavirus seoulense strain HBB35/2002 segment M, complete sequence",seoul_3052498,seoul,Orthohantavirus seoulense,3052498,Orthohantavirus seoulense,3052498,M,3652,0.3943044906900328,ac57de5b26a8ddd292010c5ce2ae5674a3ee34efc9c7e09df6525d0760fd3b5d,within_expected_range,0.3055859802847754,0.1875684556407447,0.206736035049288,0.3001095290251916,0,0,0.0,3652,,3052498,HBB35/2002,,China,,2002,COMPLETE,M,,False
OQ739761.1,OQ739761,"OQ739761.1 Orthohantavirus seoulense strain HBB36/2002 segment M, complete sequence",seoul_3052498,seoul,Orthohantavirus seoulense,3052498,Orthohantavirus seoulense,3052498,M,3652,0.3948521358159912,f569aed8071dda78f3c538418d3cbaf3431cd46dd8b75be89715875b3691ba6f,within_expected_range,0.3055859802847754,0.1875684556407447,0.2072836801752464,0.2995618838992332,0,0,0.0,3652,,3052498,HBB36/2002,,China,,2002,COMPLETE,M,,False
OQ739802.1,OQ739802,"OQ739802.1 Orthohantavirus seoulense strain HBQ75/2000 segment M, complete sequence",seoul_3052498,seoul,Orthohantavirus seoulense,3052498,Orthohantavirus seoulense,3052498,M,3652,0.3943044906900328,b315b91687a8006d0c8b411ccc8e72e517cba27bfbea52b4abf7dc9f6eb63110,within_expected_range,0.3053121577217962,0.1872946330777656,0.2070098576122672,0.3003833515881708,0,0,0.0,3652,,3052498,HBQ75/2000,,China,,2000,COMPLETE,M,,False
AY766368.1,AY766368,"AY766368.1 Seoul virus strain ZT10 segment S, complete sequence",seoul_3052498,seoul,Orthohantavirus seoulense,3052498,Orthohantavirus seoulense,3052498,S,1753,0.42156303479749,7b7083f26616442119f1b70d061398ecb20659a87b94c65c643fbbb4e837cd6a,within_expected_range,0.3166001140901312,0.1905305191100969,0.231032515687393,0.2618368511123787,0,0,0.0,1753,,3052498,ZT10,,China,,,COMPLETE,S,,False
AY750171.1,AY750171,"AY750171.1 Seoul virus strain ZT71 segment S, complete sequence",seoul_3052498,seoul,Orthohantavirus seoulense,3052498,Orthohantavirus seoulense,3052498,S,1754,0.419612314709236,a39e69ee82b0411b0a1deb889e285a19c5e4a7053f50ae6ce32460413e94a01a,within_expected_range,0.3187001140250855,0.1898517673888255,0.2297605473204104,0.2616875712656784,0,0,0.0,1754,,3052498,ZT71,,China,,,COMPLETE,S,,False
KU204960.2,KU204960,"KU204960.2 Orthohantavirus seoulense strain Tchoupitoulas/POR segment S nucleocapsid protein gene, complete cds",seoul_3052498,seoul,Orthohantavirus seoulense,3052498,Orthohantavirus seoulense,3052498,S,1759,0.4200341491178144,b976624a64c052ddddf26b889abeeae07a87098d6629fcd2152be9c46e414528,within_expected_range,0.3187250996015936,0.1895276038702333,0.2305065452475811,0.2612407512805919,0,2,0.0011370096645821,1757,,3052498,Tchoupitoulas/POR,,USA,,1984,COMPLETE,S,,False
KX079470.1,KX079470,"KX079470.1 Orthohantavirus seoulense isolate IR473 nucleocapsid protein gene, complete cds",seoul_3052498,seoul,Orthohantavirus seoulense,3052498,Orthohantavirus seoulense,3052498,S,1764,0.4172335600907029,b029e8670f8d93a7e455f2a34987cef891260aa4388af16a26d5fb068de90be5,within_expected_range,0.3191609977324263,0.1887755102040816,0.2284580498866213,0.2636054421768707,0,0,0.0,1764,,3052498,IR473,,United Kingdom,,1984,COMPLETE,S,,False
JX879769.1,JX879769,"JX879769.1 Seoul virus strain Humber segment S, complete sequence",seoul_3052498,seoul,Orthohantavirus seoulense,3052498,Orthohantavirus seoulense,3052498,S,1768,0.4247737556561086,b3e1f90e7f18b5b7a584fab90844a4e308b7fc03193cb657c54e2cc1334abd10,within_expected_range,0.3173076923076923,0.1928733031674208,0.2319004524886878,0.2579185520361991,0,0,0.0,1768,,3052498,Humber,,United Kingdom,,2012-02,COMPLETE,S,,False
KM948598.1,KM948598,"KM948598.1 Seoul virus strain Humber segment S, complete sequence",seoul_3052498,seoul,Orthohantavirus seoulense,3052498,Orthohantavirus seoulense,3052498,S,1768,0.4253393665158371,8fcad92888d4b8d23a8d5d468aa5b5b831e3552efe0de43884b970edbd341239,within_expected_range,0.3173076923076923,0.1934389140271493,0.2319004524886878,0.2573529411764705,0,0,0.0,1768,,3052498,Humber,,United Kingdom,,2012,COMPLETE,S,,False
AY273791.1,AY273791,"AY273791.1 Seoul virus strain 80-39 segment S, complete sequence",seoul_3052498,seoul,Orthohantavirus seoulense,3052498,Orthohantavirus seoulense,3052498,S,1769,0.4205765969474279,4522000248b3a2a76a97e57ac82ff4d6f0860b21a079c31f52c6f461630f489d,within_expected_range,0.3182589033352176,0.1905031091011871,0.2300734878462408,0.2611644997173544,0,0,0.0,1769,,3052498,80-39,,South Korea,,,COMPLETE,S,,False
JQ898106.1,JQ898106,"JQ898106.1 Seoul virus strain SEO/Belgium/Rn895/2005 nucleocapsid protein gene, complete cds",seoul_3052498,seoul,Orthohantavirus seoulense,3052498,Orthohantavirus seoulense,3052498,S,1769,0.4222724703222159,94f855361af980448f7044731ed17e9796b75f5304ee99a5db7422df609598be,within_expected_range,0.3148671565856416,0.1899378179762577,0.2323346523459581,0.2628603730921424,0,0,0.0,1769,,3052498,SEO/Belgium/Rn895/2005,,Belgium,,2005,COMPLETE,S,,False
KP645198.1,KP645198,"KP645198.1 Seoul virus isolate Fj372/2013 segment S, complete sequence",seoul_3052498,seoul,Orthohantavirus seoulense,3052498,Orthohantavirus seoulense,3052498,S,1769,0.4245336348219333,f27873581cd0f5b757283d4b2ee4619ba89a564da496e8c5c90f0a6d8266f0ad,within_expected_range,0.3182589033352176,0.1938948558507631,0.2306387789711701,0.2572074618428491,0,0,0.0,1769,,3052498,Fj372/2013,,China,,2013-12-17,COMPLETE,S,,False
MF149947.1,MF149947,"MF149947.1 Orthohantavirus seoulense strain Rn10-134/NGS nucleocapsid gene, complete cds",seoul_3052498,seoul,Orthohantavirus seoulense,3052498,Orthohantavirus seoulense,3052498,S,1769,0.4194460146975692,74f368e88ed15dc2bd210d3fb8610dba24b58d5417de3c62e56866ae19ebe4a2,within_expected_range,0.3199547767100056,0.1899378179762577,0.2295081967213114,0.2605992085924251,0,0,0.0,1769,,3052498,Rn10-134/NGS,,South Korea,,2010-09-30,COMPLETE,,,False
MF149948.1,MF149948,"MF149948.1 Orthohantavirus seoulense strain Rn10-145/NGS nucleocapsid gene, complete cds",seoul_3052498,seoul,Orthohantavirus seoulense,3052498,Orthohantavirus seoulense,3052498,S,1769,0.4183154324477106,ff693c89ab890e085a73a8e145e0e3a71015f2c80eb5a8113b7d032613e951dc,within_expected_range,0.320520067834935,0.1893725268513284,0.2289429055963821,0.2611644997173544,0,0,0.0,1769,,3052498,Rn10-145/NGS,,South Korea,,2010-10-20,COMPLETE,,,False
MF149949.1,MF149949,"MF149949.1 Orthohantavirus seoulense strain Rn11-44/NGS nucleocapsid gene, complete cds",seoul_3052498,seoul,Orthohantavirus seoulense,3052498,Orthohantavirus seoulense,3052498,S,1769,0.4183154324477106,97c99a68e334a6c51f64f195ca3f785344f56e4a2176026c243bdb9b480e75ee,within_expected_range,0.318824194460147,0.1882419446014697,0.2300734878462408,0.2628603730921424,0,0,0.0,1769,,3052498,Rn11-44/NGS,,South Korea,,2011-07-28,COMPLETE,,,False
MF149950.1,MF149950,"MF149950.1 Orthohantavirus seoulense strain Rn11-53/NGS nucleocapsid gene, complete cds",seoul_3052498,seoul,Orthohantavirus seoulense,3052498,Orthohantavirus seoulense,3052498,S,1769,0.4211418880723572,59d9ba1b7cab9c5199c060d3c5ce0813f987c8e472f196137e4e85c4e68f35ed,within_expected_range,0.318824194460147,0.1905031091011871,0.2306387789711701,0.2600339174674957,0,0,0.0,1769,,3052498,Rn11-53/NGS,,South Korea,,2011-07-28,COMPLETE,,,False
JX853575.1,JX853575,"JX853575.1 Seoul virus isolate DPRK08 segment S, complete sequence",seoul_3052498,seoul,Orthohantavirus seoulense,3052498,Orthohantavirus seoulense,3052498,S,1771,0.4291360813099943,b0f2b3ee81a74d4753905d42ed24cb3a2d06445f529763e0cf9446c9bccd89e9,within_expected_range,0.3145115753811406,0.1964991530208921,0.2326369282891022,0.256352343308865,0,0,0.0,1771,,3052498,DPRK08,,North Korea,,2011-09-16,COMPLETE,S,,False
KX079476.1,KX079476,"KX079476.1 Orthohantavirus seoulense isolate IR162 nucleocapsid protein gene, complete cds",seoul_3052498,seoul,Orthohantavirus seoulense,3052498,Orthohantavirus seoulense,3052498,S,1771,0.4167137210615471,48e19303edecb795f7838cda4d596c53a218d0f248803abf6040796a4e48107d,within_expected_range,0.318464144551101,0.1880293619424054,0.2286843591191417,0.2648221343873518,0,0,0.0,1771,,3052498,IR162,,United Kingdom,,1984,COMPLETE,S,,False
AY627049.2,AY627049,"AY627049.2 Hantavirus BjHD01 segment S, complete sequence",seoul_3052498,seoul,Orthohantavirus seoulense,3052498,Orthohantavirus seoulense,280855,S,1772,0.4221218961625282,b9bf7a7c7da39e2ca55dddb0e60a6a41459a514ee1082975869ef25455a6bbff,within_expected_range,0.3188487584650112,0.1930022573363431,0.2291196388261851,0.2590293453724605,0,0,0.0,1772,,280855,BjHD01,,,,,COMPLETE,S,,False
EF192308.1,EF192308,"EF192308.1 Seoul virus strain 93HBX12 segment S, complete sequence",seoul_3052498,seoul,Orthohantavirus seoulense,3052498,Orthohantavirus seoulense,3052498,S,1772,0.4232505643340857,482a7a35f132c50fbfb7c55b4b243441a9491d9276c1261eda81e510dfd499f8,within_expected_range,0.3171557562076749,0.1930022573363431,0.2302483069977426,0.2595936794582393,0,0,0.0,1772,,3052498,93HBX12,,China,,,COMPLETE,S,,False
HQ611980.1,HQ611980,"HQ611980.1 Seoul virus isolate YaluRiver12 nucleocapsid protein gene, complete cds",seoul_3052498,seoul,Orthohantavirus seoulense,3052498,Orthohantavirus seoulense,3052498,S,1772,0.4288939051918736,5fd12eb2a4274317d5eb130a39f6e8cc4a9ae3e2fc1fd0688ecb20ccbf9065f8,within_expected_range,0.3148984198645598,0.195823927765237,0.2330699774266365,0.2562076749435666,0,0,0.0,1772,,3052498,YaluRiver12,,North Korea,,2009,COMPLETE,S,,False
KC626089.1,KC626089,"KC626089.1 Seoul virus nucleocapsid protein gene, complete cds",seoul_3052498,seoul,Orthohantavirus seoulense,3052498,Orthohantavirus seoulense,3052498,S,1772,0.4198645598194131,4bf2c3b1596eec2456144efe8777b90a9d1e9d9ab9d2e82467f8888521ad2449,within_expected_range,0.3182844243792325,0.1901805869074492,0.2296839729119638,0.2618510158013544,0,0,0.0,1772,,3052498,Cherwell,,United Kingdom,,2013-01,COMPLETE,,,False
KX079473.1,KX079473,"KX079473.1 Orthohantavirus seoulense isolate IR33 nucleocapsid protein gene, complete cds",seoul_3052498,seoul,Orthohantavirus seoulense,3052498,Orthohantavirus seoulense,3052498,S,1772,0.4159142212189616,cb880925556f28e66a5104bc666f6ba7792b4c6d11c1f056771cd678896a42d0,within_expected_range,0.3188487584650112,0.1873589164785553,0.2285553047404063,0.2652370203160271,0,0,0.0,1772,,3052498,IR33,,United Kingdom,,1984,COMPLETE,S,,False
OQ739692.1,OQ739692,"OQ739692.1 Orthohantavirus seoulense strain 93HBJ20 segment S, complete sequence",seoul_3052498,seoul,Orthohantavirus seoulense,3052498,Orthohantavirus seoulense,3052498,S,1772,0.422686230248307,db0c63f4f24a27ef21ab653ea76fb0ce0264217a1b31a54d0c7ae55ebfdfa25c,within_expected_range,0.3177200902934537,0.1930022573363431,0.2296839729119638,0.2595936794582393,0,0,0.0,1772,,3052498,93HBJ20,,China,,1993,COMPLETE,S,,False
OQ739693.1,OQ739693,"OQ739693.1 Orthohantavirus seoulense strain 93HBQ3 segment S, complete sequence",seoul_3052498,seoul,Orthohantavirus seoulense,3052498,Orthohantavirus seoulense,3052498,S,1772,0.422686230248307,851b972b249dadf7f71ca89bdd164d6cb959ab4202d275f59b49ca67fe798348,within_expected_range,0.3177200902934537,0.1930022573363431,0.2296839729119638,0.2595936794582393,0,0,0.0,1772,,3052498,93HBQ3,,China,,1993,COMPLETE,S,,False
OQ739694.1,OQ739694,"OQ739694.1 Orthohantavirus seoulense strain 93HBQ4 segment S, complete sequence",seoul_3052498,seoul,Orthohantavirus seoulense,3052498,Orthohantavirus seoulense,3052498,S,1772,0.4209932279909706,89df0d423c9ddeb6ac3bc9b05c455e6bc54ac9203770893635e26e1b856792ef,within_expected_range,0.3182844243792325,0.1924379232505643,0.2285553047404063,0.2607223476297968,0,0,0.0,1772,,3052498,93HBQ4,,China,,1993,COMPLETE,S,,False
OQ739695.1,OQ739695,"OQ739695.1 Orthohantavirus seoulense strain 93HBX10 segment S, complete sequence",seoul_3052498,seoul,Orthohantavirus seoulense,3052498,Orthohantavirus seoulense,3052498,S,1772,0.422686230248307,57872118011b17df670215a23ccb0c99d234b8787089cbc6922e586648d5b1bf,within_expected_range,0.3199774266365688,0.1941309255079006,0.2285553047404063,0.2573363431151241,0,0,0.0,1772,,3052498,93HBX10,,China,,1993,COMPLETE,S,,False
OQ739696.1,OQ739696,"OQ739696.1 Orthohantavirus seoulense strain 93HBX11 segment S, complete sequence",seoul_3052498,seoul,Orthohantavirus seoulense,3052498,Orthohantavirus seoulense,3052498,S,1772,0.4221218961625282,6397767e80be4b1d7b89cb70b9fbd9f10b9b68949f810ee549a24647ed4981d2,within_expected_range,0.3182844243792325,0.1930022573363431,0.2291196388261851,0.2595936794582393,0,0,0.0,1772,,3052498,93HBX11,,China,,1993,COMPLETE,S,,False
OQ739698.1,OQ739698,"OQ739698.1 Orthohantavirus seoulense strain HBB35/2002 segment S, complete sequence",seoul_3052498,seoul,Orthohantavirus seoulense,3052498,Orthohantavirus seoulense,3052498,S,1772,0.414785553047404,f0693d5ee1d52ed8a488c5ff4226039eedfb4935294b86fe91f454131c33b215,within_expected_range,0.3194130925507901,0.1879232505643341,0.22686230248307,0.2658013544018058,0,0,0.0,1772,,3052498,HBB35/2002,,China,,2002,COMPLETE,S,,False
OQ739699.1,OQ739699,"OQ739699.1 Orthohantavirus seoulense strain HBB36/2002 segment S, complete sequence",seoul_3052498,seoul,Orthohantavirus seoulense,3052498,Orthohantavirus seoulense,3052498,S,1772,0.4130925507900677,3233049205d02494b890a71045dad0dd3423b00a625c53796972be9668bfb25a,within_expected_range,0.3205417607223476,0.1873589164785553,0.2257336343115124,0.2663656884875846,0,0,0.0,1772,,3052498,HBB36/2002,,China,,2002,COMPLETE,S,,False
OQ739700.1,OQ739700,"OQ739700.1 Orthohantavirus seoulense strain HBCD1/2017 segment S, complete sequence",seoul_3052498,seoul,Orthohantavirus seoulense,3052498,Orthohantavirus seoulense,3052498,S,1772,0.4238148984198646,635b0e5ca66db8a4cef5e10d1ad64664325fbfabed734de1292944cf267ed16b,within_expected_range,0.3182844243792325,0.1941309255079006,0.2296839729119638,0.2579006772009029,0,0,0.0,1772,,3052498,HBCD1/2017,,China,,2017,COMPLETE,S,,False
OQ739701.1,OQ739701,"OQ739701.1 Orthohantavirus seoulense strain HBCD1/2018 segment S, complete sequence",seoul_3052498,seoul,Orthohantavirus seoulense,3052498,Orthohantavirus seoulense,3052498,S,1772,0.422686230248307,d5800c0ce3db95ba8140d0db34519f7853baba93eeeda2311227fb33e447cf2f,within_expected_range,0.3182844243792325,0.1930022573363431,0.2296839729119638,0.2590293453724605,0,0,0.0,1772,,3052498,HBCD1/2018,,China,,2018,COMPLETE,S,,False
OQ739703.1,OQ739703,"OQ739703.1 Orthohantavirus seoulense strain HBCD4/2017 segment S, complete sequence",seoul_3052498,seoul,Orthohantavirus seoulense,3052498,Orthohantavirus seoulense,3052498,S,1772,0.4221218961625282,df004f072a03500cf9e5ca10584e8f3ea2d04a804056ab0268832884cbae589a,within_expected_range,0.3194130925507901,0.1930022573363431,0.2291196388261851,0.2584650112866817,0,0,0.0,1772,,3052498,HBCD4/2017,,China,,2017,COMPLETE,S,,False
OQ739704.1,OQ739704,"OQ739704.1 Orthohantavirus seoulense strain HBCD6/2017 segment S, complete sequence",seoul_3052498,seoul,Orthohantavirus seoulense,3052498,Orthohantavirus seoulense,3052498,S,1772,0.4238148984198646,52103082a18f4e88cbd550ddc8609f603de79b53da7826de4d90f2f582107c48,within_expected_range,0.3182844243792325,0.1941309255079006,0.2296839729119638,0.2579006772009029,0,0,0.0,1772,,3052498,HBCD6/2017,,China,,2017,COMPLETE,S,,False
OQ739705.1,OQ739705,"OQ739705.1 Orthohantavirus seoulense strain HBCD8/2017 segment S, complete sequence",seoul_3052498,seoul,Orthohantavirus seoulense,3052498,Orthohantavirus seoulense,3052498,S,1772,0.4221218961625282,2046dcda81b3ce81a39fd0a8aad64f63487084e4175de9ad10b0a7459c270d59,within_expected_range,0.3182844243792325,0.1924379232505643,0.2296839729119638,0.2595936794582393,0,0,0.0,1772,,3052498,HBCD8/2017,,China,,2017,COMPLETE,S,,False
OQ739708.1,OQ739708,"OQ739708.1 Orthohantavirus seoulense strain HBCD44/2021 segment S, complete sequence",seoul_3052498,seoul,Orthohantavirus seoulense,3052498,Orthohantavirus seoulense,3052498,S,1772,0.422686230248307,c434e457f8b65d7431377b1e8175d1918e5fb0f445a98f66ea5f995c2eb7683d,within_expected_range,0.3177200902934537,0.1930022573363431,0.2296839729119638,0.2595936794582393,0,0,0.0,1772,,3052498,HBCD44/2021,,China,,2021,COMPLETE,S,,False
OQ739709.1,OQ739709,"OQ739709.1 Orthohantavirus seoulense strain HBCD52/2002 segment S, complete sequence",seoul_3052498,seoul,Orthohantavirus seoulense,3052498,Orthohantavirus seoulense,3052498,S,1772,0.4221218961625282,de515f98e310d4b391696604142da7f0e7d7bab48b645a8d7400b21c81616b0b,within_expected_range,0.3194130925507901,0.1941309255079006,0.2279909706546275,0.2584650112866817,0,0,0.0,1772,,3052498,HBCD52/2002,,China,,2002,COMPLETE,S,,False
OQ739710.1,OQ739710,"OQ739710.1 Orthohantavirus seoulense strain HBCD55/2002 segment S, complete sequence",seoul_3052498,seoul,Orthohantavirus seoulense,3052498,Orthohantavirus seoulense,3052498,S,1772,0.4170428893905192,d419019079a319a83d8aa85bb83192167ddf16577b6d5cf443595c973465bbaa,within_expected_range,0.3182844243792325,0.1884875846501128,0.2285553047404063,0.2646726862302483,0,0,0.0,1772,,3052498,HBCD55/2002,,China,,2002,COMPLETE,S,,False
OQ739711.1,OQ739711,"OQ739711.1 Orthohantavirus seoulense strain HBCD55/2021 segment S, complete sequence",seoul_3052498,seoul,Orthohantavirus seoulense,3052498,Orthohantavirus seoulense,3052498,S,1772,0.4209932279909706,260c07b51a7f0a010b57ddbcf719af6815c4ee520cb7b75a35a4b45d6227c899,within_expected_range,0.3188487584650112,0.1918735891647855,0.2291196388261851,0.2601580135440181,0,0,0.0,1772,,3052498,HBCD55/2021,,China,,2021,COMPLETE,S,,False
OQ739713.1,OQ739713,"OQ739713.1 Orthohantavirus seoulense strain HBCZ88/1999 segment S, complete sequence",seoul_3052498,seoul,Orthohantavirus seoulense,3052498,Orthohantavirus seoulense,3052498,S,1772,0.4170428893905192,be3c47b470aa0b93c98779f5ac1f648b30f520c88879dcde1ed6567b109efb5c,within_expected_range,0.3194130925507901,0.1901805869074492,0.22686230248307,0.2635440180586907,0,0,0.0,1772,,3052498,HBCZ88/1999,,China,,1999,COMPLETE,S,,False
OQ739714.1,OQ739714,"OQ739714.1 Orthohantavirus seoulense strain HBL3/2005 segment S, complete sequence",seoul_3052498,seoul,Orthohantavirus seoulense,3052498,Orthohantavirus seoulense,3052498,S,1772,0.4181715575620767,c7be13c1e2e5617fe29c6a61b53fbb9452ef03738c89a7e935b4d17a9f3908a5,within_expected_range,0.3177200902934537,0.1896162528216704,0.2285553047404063,0.2641083521444695,0,0,0.0,1772,,3052498,HBL3/2005,,China,,2005,COMPLETE,S,,False
OQ739715.1,OQ739715,"OQ739715.1 Orthohantavirus seoulense strain HBH51/2021 segment S, complete sequence",seoul_3052498,seoul,Orthohantavirus seoulense,3052498,Orthohantavirus seoulense,3052498,S,1772,0.4170428893905192,d95ed6433f5fdf627513ce96c7f78ea26019c10324a759a046196bcc62c218c7,within_expected_range,0.3177200902934537,0.1884875846501128,0.2285553047404063,0.2652370203160271,0,0,0.0,1772,,3052498,HBH51/2021,,China,,2021,COMPLETE,S,,False
OQ739716.1,OQ739716,"OQ739716.1 Orthohantavirus seoulense strain HBL131/2007 segment S, complete sequence",seoul_3052498,seoul,Orthohantavirus seoulense,3052498,Orthohantavirus seoulense,3052498,S,1772,0.422686230248307,08b20098bd091b7d519d31afdd17d1df2d1059b47d33434ba2eddd837b508a53,within_expected_range,0.3194130925507901,0.1941309255079006,0.2285553047404063,0.2579006772009029,0,0,0.0,1772,,3052498,HBL131/2007,,China,,2007,COMPLETE,S,,False
OQ739717.1,OQ739717,"OQ739717.1 Orthohantavirus seoulense strain HBQ1/2015 segment S, complete sequence",seoul_3052498,seoul,Orthohantavirus seoulense,3052498,Orthohantavirus seoulense,3052498,S,1772,0.4209932279909706,c4e8310cd933a544c32f9b7c745e37ef2a72a4989132ce9a5b798c4e5e12f7ab,within_expected_range,0.3205417607223476,0.1924379232505643,0.2285553047404063,0.2584650112866817,0,0,0.0,1772,,3052498,HBQ1/2015,,China,,2015,COMPLETE,S,,False
OQ739718.1,OQ739718,"OQ739718.1 Orthohantavirus seoulense strain HBQ2/2015 segment S, complete sequence",seoul_3052498,seoul,Orthohantavirus seoulense,3052498,Orthohantavirus seoulense,3052498,S,1772,0.4198645598194131,d10bdf20ed5639182c0e42953cb057c8421e3c8a8f1ffffcdebc4a3a342bfaa9,within_expected_range,0.3211060948081264,0.1918735891647855,0.2279909706546275,0.2590293453724605,0,0,0.0,1772,,3052498,HBQ2/2015,,China,,2015,COMPLETE,S,,False
OQ739719.1,OQ739719,"OQ739719.1 Orthohantavirus seoulense strain HBQ3/2012 segment S, complete sequence",seoul_3052498,seoul,Orthohantavirus seoulense,3052498,Orthohantavirus seoulense,3052498,S,1772,0.4204288939051919,c9115253196f56ee4b226a015a26197cab75b3c7b71e2984dc176d24320f0345,within_expected_range,0.3194130925507901,0.1924379232505643,0.2279909706546275,0.2601580135440181,0,0,0.0,1772,,3052498,HBQ3/2012,,China,,2012,COMPLETE,S,,False
OQ739720.1,OQ739720,"OQ739720.1 Orthohantavirus seoulense strain HBQ4/2012 segment S, complete sequence",seoul_3052498,seoul,Orthohantavirus seoulense,3052498,Orthohantavirus seoulense,3052498,S,1772,0.4204288939051919,f00837c29f1ef142f164bfeb6ba848068c4e6e11632bacc23d867dba5cbae2b1,within_expected_range,0.3188487584650112,0.1918735891647855,0.2285553047404063,0.2607223476297968,0,0,0.0,1772,,3052498,HBQ4/2012,,China,,2012,COMPLETE,S,,False
OQ739721.1,OQ739721,"OQ739721.1 Orthohantavirus seoulense strain HBQ5/2015 segment S, complete sequence",seoul_3052498,seoul,Orthohantavirus seoulense,3052498,Orthohantavirus seoulense,3052498,S,1772,0.422686230248307,a575be6bd305446afd51119a3758f99e9c501b7ef6e67e3fa43ec35bdb0e10ab,within_expected_range,0.3188487584650112,0.1935665914221219,0.2291196388261851,0.2584650112866817,0,0,0.0,1772,,3052498,HBQ5/2015,,China,,2015,COMPLETE,S,,False
OQ739722.1,OQ739722,"OQ739722.1 Orthohantavirus seoulense strain HBQ7/2012 segment S, complete sequence",seoul_3052498,seoul,Orthohantavirus seoulense,3052498,Orthohantavirus seoulense,3052498,S,1772,0.4204288939051919,156728b16b7b0099b2257d5da3b51703d5efa4d6c588f198bbf7a39bd7b14711,within_expected_range,0.3188487584650112,0.1924379232505643,0.2279909706546275,0.2607223476297968,0,0,0.0,1772,,3052498,HBQ7/2012,,China,,2012,COMPLETE,S,,False
OQ739723.1,OQ739723,"OQ739723.1 Orthohantavirus seoulense strain HBQ15/2018 segment S, complete sequence",seoul_3052498,seoul,Orthohantavirus seoulense,3052498,Orthohantavirus seoulense,3052498,S,1772,0.422686230248307,1fd05f439426f379e4c2cb2b0e0244543ef1eb0faea2a297952d72daffcc4978,within_expected_range,0.3188487584650112,0.1935665914221219,0.2291196388261851,0.2584650112866817,0,0,0.0,1772,,3052498,HBQ15/2018,,China,,2018,COMPLETE,S,,False
OQ739724.1,OQ739724,"OQ739724.1 Orthohantavirus seoulense strain HBQ24/2011 segment S, complete sequence",seoul_3052498,seoul,Orthohantavirus seoulense,3052498,Orthohantavirus seoulense,3052498,S,1772,0.4209932279909706,930d3c041110c9dd830e64245bf9847e5584543dacf9151d83fdc71234b427e3,within_expected_range,0.3188487584650112,0.1924379232505643,0.2285553047404063,0.2601580135440181,0,0,0.0,1772,,3052498,HBQ24/2011,,China,,2011,COMPLETE,S,,False
OQ739725.1,OQ739725,"OQ739725.1 Orthohantavirus seoulense strain HBQ47/2021 segment S, complete sequence",seoul_3052498,seoul,Orthohantavirus seoulense,3052498,Orthohantavirus seoulense,3052498,S,1772,0.4238148984198646,721c2d6e06ef8f520f7651059127bb454c504e008bb2c81ed13b9b32ef8028a6,within_expected_range,0.3171557562076749,0.1935665914221219,0.2302483069977426,0.2590293453724605,0,0,0.0,1772,,3052498,HBQ47/2021,,China,,2021,COMPLETE,S,,False
OQ739726.1,OQ739726,"OQ739726.1 Orthohantavirus seoulense strain HBQ49/2004 segment S, complete sequence",seoul_3052498,seoul,Orthohantavirus seoulense,3052498,Orthohantavirus seoulense,3052498,S,1772,0.4204288939051919,29842cbf631c18565c05fea505d504be57a18d5e2840bfe6a7d1e09ed78d9f85,within_expected_range,0.3199774266365688,0.1918735891647855,0.2285553047404063,0.2595936794582393,0,0,0.0,1772,,3052498,HBQ49/2004,,China,,2004,COMPLETE,S,,False
OQ739727.1,OQ739727,"OQ739727.1 Orthohantavirus seoulense strain HBQ50/2021 segment S, complete sequence",seoul_3052498,seoul,Orthohantavirus seoulense,3052498,Orthohantavirus seoulense,3052498,S,1772,0.4232505643340857,267ac9a8b8a5d17752f3d959d78667ca0c62eab31c55969775c7c5960c2432db,within_expected_range,0.3177200902934537,0.1935665914221219,0.2296839729119638,0.2590293453724605,0,0,0.0,1772,,3052498,HBQ50/2021,,China,,2021,COMPLETE,S,,False
OQ739728.1,OQ739728,"OQ739728.1 Orthohantavirus seoulense strain HBQ57/2021 segment S, complete sequence",seoul_3052498,seoul,Orthohantavirus seoulense,3052498,Orthohantavirus seoulense,3052498,S,1772,0.4238148984198646,f21b2041c9c3c3d81b96f697888f6d9d4b9243380ab6e37ac04bc9b7f3be749e,within_expected_range,0.3177200902934537,0.1941309255079006,0.2296839729119638,0.2584650112866817,0,0,0.0,1772,,3052498,HBQ57/2021,,China,,2021,COMPLETE,S,,False
OQ739729.1,OQ739729,"OQ739729.1 Orthohantavirus seoulense strain HBQ58/2021 segment S, complete sequence",seoul_3052498,seoul,Orthohantavirus seoulense,3052498,Orthohantavirus seoulense,3052498,S,1772,0.4215575620767494,8c2b9fb5093541c8d3b11c86daa2d9b71041cbe4f1e0c5c7afdc8e8466408afd,within_expected_range,0.3194130925507901,0.1930022573363431,0.2285553047404063,0.2590293453724605,0,0,0.0,1772,,3052498,HBQ58/2021,,China,,2021,COMPLETE,S,,False
OQ739732.1,OQ739732,"OQ739732.1 Orthohantavirus seoulense strain HBQ62/2001 segment S, complete sequence",seoul_3052498,seoul,Orthohantavirus seoulense,3052498,Orthohantavirus seoulense,3052498,S,1772,0.4209932279909706,fc9e4f073dc952fa45f62f3c71016018e2fa5e9eafb7a35bde7abe53a093c88a,within_expected_range,0.3194130925507901,0.1930022573363431,0.2279909706546275,0.2595936794582393,0,0,0.0,1772,,3052498,HBQ62/2001,,China,,2001,COMPLETE,S,,False
OQ739733.1,OQ739733,"OQ739733.1 Orthohantavirus seoulense strain HBQ63/2001 segment S, complete sequence",seoul_3052498,seoul,Orthohantavirus seoulense,3052498,Orthohantavirus seoulense,3052498,S,1772,0.4232505643340857,dd36ce1c938a32c09275fa95dbfa45853e6754e74f9b13e34bb3f268c277129d,within_expected_range,0.3171557562076749,0.1930022573363431,0.2302483069977426,0.2595936794582393,0,0,0.0,1772,,3052498,HBQ63/2001,,China,,2001,COMPLETE,S,,False
OQ739734.1,OQ739734,"OQ739734.1 Orthohantavirus seoulense strain HBQ63/2021 segment S, complete sequence",seoul_3052498,seoul,Orthohantavirus seoulense,3052498,Orthohantavirus seoulense,3052498,S,1772,0.4215575620767494,409538b196ec9e8d33004ddbe4878e3d2c89218996838402d1dba92a711698be,within_expected_range,0.3188487584650112,0.1930022573363431,0.2285553047404063,0.2595936794582393,0,0,0.0,1772,,3052498,HBQ63/2021,,China,,2021,COMPLETE,S,,False
OQ739735.1,OQ739735,"OQ739735.1 Orthohantavirus seoulense strain HBQ64/2022 segment S, complete sequence",seoul_3052498,seoul,Orthohantavirus seoulense,3052498,Orthohantavirus seoulense,3052498,S,1772,0.422686230248307,2cd29db3388f98f53313108d869931c55e2b2bd0021845b8b858f954eef58537,within_expected_range,0.3188487584650112,0.1930022573363431,0.2296839729119638,0.2584650112866817,0,0,0.0,1772,,3052498,HBQ64/2022,,China,,2022,COMPLETE,S,,False
OQ739736.1,OQ739736,"OQ739736.1 Orthohantavirus seoulense strain HBQ65/2009 segment S, complete sequence",seoul_3052498,seoul,Orthohantavirus seoulense,3052498,Orthohantavirus seoulense,3052498,S,1772,0.4209932279909706,5039db4ad9d8a4d7fa9cb7309c7d953aec846003f7a9c57cda428865e1b85cb4,within_expected_range,0.3194130925507901,0.1918735891647855,0.2291196388261851,0.2595936794582393,0,0,0.0,1772,,3052498,HBQ65/2009,,China,,2009,COMPLETE,S,,False
OQ739738.1,OQ739738,"OQ739738.1 Orthohantavirus seoulense strain HBQ73/2000 segment S, complete sequence",seoul_3052498,seoul,Orthohantavirus seoulense,3052498,Orthohantavirus seoulense,3052498,S,1772,0.4221218961625282,66df04280acb3f3c5ffcbd912cd4d824d503dcfb59aba8b49e30e790db04c767,within_expected_range,0.3182844243792325,0.1941309255079006,0.2279909706546275,0.2595936794582393,0,0,0.0,1772,,3052498,HBQ73/2000,,China,,2000,COMPLETE,S,,False
OQ739739.1,OQ739739,"OQ739739.1 Orthohantavirus seoulense strain HBQ74/2000 segment S, complete sequence",seoul_3052498,seoul,Orthohantavirus seoulense,3052498,Orthohantavirus seoulense,3052498,S,1772,0.4209932279909706,45f76c55e6815c0af6b4c66e3e90c528588ad9a03c604e247da42880cab679d0,within_expected_range,0.3194130925507901,0.1924379232505643,0.2285553047404063,0.2595936794582393,0,0,0.0,1772,,3052498,HBQ74/2000,,China,,2000,COMPLETE,S,,False
OQ739740.1,OQ739740,"OQ739740.1 Orthohantavirus seoulense strain HBQ75/2000 segment S, complete sequence",seoul_3052498,seoul,Orthohantavirus seoulense,3052498,Orthohantavirus seoulense,3052498,S,1772,0.414785553047404,7943cdeda62def685c72ca5666ddc9cd8b91095b68eaf463a237a40333f9735c,within_expected_range,0.3199774266365688,0.1884875846501128,0.2262979683972912,0.2652370203160271,0,0,0.0,1772,,3052498,HBQ75/2000,,China,,2000,COMPLETE,S,,False
OQ739741.1,OQ739741,"OQ739741.1 Orthohantavirus seoulense strain HBT4/2016 segment S, complete sequence",seoul_3052498,seoul,Orthohantavirus seoulense,3052498,Orthohantavirus seoulense,3052498,S,1772,0.4209932279909706,245e476fe1aafbd1ddbbb147431d49575d321c1c9cd304f58e8b16796e793a57,within_expected_range,0.3194130925507901,0.1918735891647855,0.2291196388261851,0.2595936794582393,0,0,0.0,1772,,3052498,HBT4/2016,,China,,2016,COMPLETE,S,,False
OQ739743.1,OQ739743,"OQ739743.1 Orthohantavirus seoulense strain HBT6/2015 segment S, complete sequence",seoul_3052498,seoul,Orthohantavirus seoulense,3052498,Orthohantavirus seoulense,3052498,S,1772,0.4243792325056433,1a4d12e04f1f24f997783039907cc142b08a3b4c340044130786471f85270c7f,within_expected_range,0.3177200902934537,0.1941309255079006,0.2302483069977426,0.2579006772009029,0,0,0.0,1772,,3052498,HBT6/2015,,China,,2015,COMPLETE,S,,False
OQ739744.1,OQ739744,"OQ739744.1 Orthohantavirus seoulense strain HBT7/2016 segment S, complete sequence",seoul_3052498,seoul,Orthohantavirus seoulense,3052498,Orthohantavirus seoulense,3052498,S,1772,0.422686230248307,ef230c23ad14467b4fd2f93cead30556e09aa8d45cca0423cbdc6f022cc5309e,within_expected_range,0.3177200902934537,0.1924379232505643,0.2302483069977426,0.2595936794582393,0,0,0.0,1772,,3052498,HBT7/2016,,China,,2016,COMPLETE,S,,False
OQ739745.1,OQ739745,"OQ739745.1 Orthohantavirus seoulense strain HBT41/2012 segment S, complete sequence",seoul_3052498,seoul,Orthohantavirus seoulense,3052498,Orthohantavirus seoulense,3052498,S,1772,0.4198645598194131,7e566fd2078acefd9fe2ec36c48138684f6bd8fe959df3737ee7cd7f5e4afd12,within_expected_range,0.3194130925507901,0.1913092550790067,0.2285553047404063,0.2607223476297968,0,0,0.0,1772,,3052498,HBT41/2012,,China,,2012,COMPLETE,S,,False
OQ739746.1,OQ739746,"OQ739746.1 Orthohantavirus seoulense strain HBT43/2012 segment S, complete sequence",seoul_3052498,seoul,Orthohantavirus seoulense,3052498,Orthohantavirus seoulense,3052498,S,1772,0.4193002257336343,f108e05cf5c59259b1336ae6a6fab8eb5ed2e5aa43c536ed2e3cf9959547efbf,within_expected_range,0.3216704288939052,0.1913092550790067,0.2279909706546275,0.2590293453724605,0,0,0.0,1772,,3052498,HBT43/2012,,China,,2012,COMPLETE,S,,False
OQ739747.1,OQ739747,"OQ739747.1 Orthohantavirus seoulense strain HBT52/2013 segment S, complete sequence",seoul_3052498,seoul,Orthohantavirus seoulense,3052498,Orthohantavirus seoulense,3052498,S,1772,0.4209932279909706,5237aba2a91f6c56b9c74e3c384719a1a0fd47e008ecc48f625359bc07b4051f,within_expected_range,0.3194130925507901,0.1913092550790067,0.2296839729119638,0.2595936794582393,0,0,0.0,1772,,3052498,HBT52/2013,,China,,2013,COMPLETE,S,,False
OQ739748.1,OQ739748,"OQ739748.1 Orthohantavirus seoulense strain HBT60/2013 segment S, complete sequence",seoul_3052498,seoul,Orthohantavirus seoulense,3052498,Orthohantavirus seoulense,3052498,S,1772,0.4198645598194131,1fab1335c3e8fcba045e83e4d69352d6f4ed6407d68525e766bad9f6ef5d8e79,within_expected_range,0.3205417607223476,0.1913092550790067,0.2285553047404063,0.2595936794582393,0,0,0.0,1772,,3052498,HBT60/2013,,China,,2013,COMPLETE,S,,False
OQ739749.1,OQ739749,"OQ739749.1 Orthohantavirus seoulense strain HBT61/2014 segment S, complete sequence",seoul_3052498,seoul,Orthohantavirus seoulense,3052498,Orthohantavirus seoulense,3052498,S,1772,0.4221218961625282,2170e4f3ce428903a27eecca6b9e5d690b0ac6fed96735f14d0dbec554e87dc6,within_expected_range,0.3194130925507901,0.1930022573363431,0.2291196388261851,0.2584650112866817,0,0,0.0,1772,,3052498,HBT61/2014,,China,,2014,COMPLETE,S,,False
OQ739750.1,OQ739750,"OQ739750.1 Orthohantavirus seoulense strain HBT62/2014 segment S, complete sequence",seoul_3052498,seoul,Orthohantavirus seoulense,3052498,Orthohantavirus seoulense,3052498,S,1772,0.4215575620767494,217a4783e2f1808f5be37bc8a3997d34d0a6bc19a6a7e1748a8bd3fe5103d6d3,within_expected_range,0.3194130925507901,0.1924379232505643,0.2291196388261851,0.2590293453724605,0,0,0.0,1772,,3052498,HBT62/2014,,China,,2014,COMPLETE,S,,False
OQ739752.1,OQ739752,"OQ739752.1 Orthohantavirus seoulense strain HBT64/2014 segment S, complete sequence",seoul_3052498,seoul,Orthohantavirus seoulense,3052498,Orthohantavirus seoulense,3052498,S,1772,0.4232505643340857,b8483dddc0eea3194bdbe0ad3cd5f1310b11bc4e4179a94937b89705bc49f5a6,within_expected_range,0.3182844243792325,0.1935665914221219,0.2296839729119638,0.2584650112866817,0,0,0.0,1772,,3052498,HBT64/2014,,China,,2014,COMPLETE,S,,False
MZ504237.1,MZ504237,"MZ504237.1 Seoul orthohantavirus strain GAW30/2021 segment S, complete sequence",seoul_3052498,seoul,Orthohantavirus seoulense,3052498,Orthohantavirus seoulense,3052498,S,1773,0.4128595600676819,4b2e8035a4b71304e4f9185a0bf5f77c0dc194b3f373121eb4f312f6b7a069e5,within_expected_range,0.3197969543147208,0.191765369430344,0.2210941906373378,0.2673434856175973,0,0,0.0,1773,,3052498,GAW30/2021,,China,,2021-04-24,COMPLETE,S,,False
MZ504238.1,MZ504238,"MZ504238.1 Seoul orthohantavirus strain GAW50/2021 segment S, complete sequence",seoul_3052498,seoul,Orthohantavirus seoulense,3052498,Orthohantavirus seoulense,3052498,S,1773,0.4122955442752397,d5acae8860c69b2d03ba0301e112995a04b0239aa36443198aa807b24f9a15c8,within_expected_range,0.3197969543147208,0.1912013536379018,0.2210941906373378,0.2679075014100395,0,0,0.0,1773,,3052498,GAW50/2021,,China,,2021-04-24,COMPLETE,S,,False
GU361893.1,GU361893,"GU361893.1 Seoul virus strain SC106 segment S, complete sequence",seoul_3052498,seoul,Orthohantavirus seoulense,3052498,Orthohantavirus seoulense,3052498,S,1775,0.4208450704225352,e91caf0edeb8147450b15a856bb44f4eb39139c965de9b4053015a1269416173,within_expected_range,0.3171830985915493,0.1904225352112676,0.2304225352112676,0.2619718309859155,0,0,0.0,1775,,3052498,SC106,,China: Heilongjiang Province,,2008-12,COMPLETE,S,,False
KF537001.1,KF537001,"KF537001.1 Sin Nombre virus isolate deer mouse segment L, complete sequence",sinnombre_3052499,sinnombre,Orthohantavirus sinnombreense,3052499,Orthohantavirus sinnombreense,3052499,L,6528,0.3736213235294117,5126335a7a013ef51eb8d55d0ca1215ac072cd1b25bc4d1e46260a9308e6a8b2,within_expected_range,0.321844362745098,0.1557904411764706,0.2178308823529411,0.3045343137254901,0,0,0.0,6528,,3052499,Sin Nombre virus 77734,,USA,,,COMPLETE,L,,False
KF537004.1,KF537004,"KF537004.1 Sin Nombre virus isolate Vero cells segment L, complete sequence",sinnombre_3052499,sinnombre,Orthohantavirus sinnombreense,3052499,Orthohantavirus sinnombreense,3052499,L,6532,0.3740048989589712,8ab0a0c896153bc84b40a853f9339881f26da350dfb8558337b68be442d21413,within_expected_range,0.3216472749540722,0.1558481322718922,0.218156766687079,0.3043478260869565,0,0,0.0,6532,,3052499,Sin Nombre virus 77734,,USA,,,COMPLETE,L,,False
MG717393.1,MG717393,"MG717393.1 Orthohantavirus sinnombreense strain New York 1 segment L, complete sequence",sinnombre_3052499,sinnombre,Orthohantavirus sinnombreense,3052499,Orthohantavirus sinnombreense,3052499,L,6561,0.3796677335771986,2c16eeb3bd1e38a8628555cf30ae9d23ab2172ae3cdd471e3f05022397a91a02,within_expected_range,0.3176345069349184,0.1540923639689072,0.2255753696082914,0.3026977594878829,0,0,0.0,6561,,3052499,New York 1,,"USA: Shelter Island, NY",,1994-10,COMPLETE,L,,False
KT885044.1,KT885044,"KT885044.1 Orthohantavirus sinnombreense strain CC107/POR segment L, complete sequence",sinnombre_3052499,sinnombre,Orthohantavirus sinnombreense,3052499,Orthohantavirus sinnombreense,3052499,L,6562,0.3715330691862237,958c6047845e1a1076cc143c63368c41ea6cfe81b2329b840da8d6e71bf0f99b,within_expected_range,0.3220054861322767,0.1542212740018287,0.217311795184395,0.3064614446814995,0,0,0.0,6562,,3052499,CC107/POR,,USA,,2015,COMPLETE,L,,False
KF537002.1,KF537002,"KF537002.1 Sin Nombre virus isolate deer mouse segment M, complete sequence",sinnombre_3052499,sinnombre,Orthohantavirus sinnombreense,3052499,Orthohantavirus sinnombreense,3052499,M,3553,0.4021953278919223,669bfb09d3280b75c7fd974e25a7a1ac6c157e59267fdc55996691e2e6eddea3,within_expected_range,0.3087531663383057,0.1849141570503799,0.2172811708415423,0.289051505769772,0,0,0.0,3553,,3052499,Sin Nombre virus 77734,,USA,,,COMPLETE,M,,False
MG717392.1,MG717392,"MG717392.1 Orthohantavirus sinnombreense strain New York 1 segment M, complete sequence",sinnombre_3052499,sinnombre,Orthohantavirus sinnombreense,3052499,Orthohantavirus sinnombreense,3052499,M,3668,0.4023991275899672,e388e47eac64452b995c43dd79f19c5c89804c5c9a5432ce49e6057a9d054008,within_expected_range,0.3015267175572519,0.1853871319520174,0.2170119956379498,0.2960741548527808,0,0,0.0,3668,,3052499,New York 1,,"USA: Shelter Island, NY",,1994-10,COMPLETE,M,,False
KT885045.1,KT885045,"KT885045.1 Orthohantavirus sinnombreense strain CC107/POR segment M, complete sequence",sinnombre_3052499,sinnombre,Orthohantavirus sinnombreense,3052499,Orthohantavirus sinnombreense,3052499,M,3696,0.3969155844155844,c6aa700dd6563b9f2d22e35a1fb40389e0457361bfc79e17475da3c3f2fcac0f,within_expected_range,0.3079004329004329,0.1842532467532467,0.2126623376623376,0.2951839826839826,0,0,0.0,3696,,3052499,CC107/POR,,USA,,2015,COMPLETE,M,,False
KF537003.1,KF537003,"KF537003.1 Sin Nombre virus isolate deer mouse segment S, complete sequence",sinnombre_3052499,sinnombre,Orthohantavirus sinnombreense,3052499,Orthohantavirus sinnombreense,3052499,S,1589,0.4096916299559471,7ae3c14276174f29567ff2604b3d6bf32d9ad2d90733ae89aca728ecfc573e0a,within_expected_range,0.3039647577092511,0.1818753933291378,0.2278162366268093,0.2863436123348017,0,0,0.0,1589,,3052499,Sin Nombre virus 77734,,USA,,,COMPLETE,S,,False
MG717391.1,MG717391,"MG717391.1 Orthohantavirus sinnombreense strain New York 1 segment S, complete sequence",sinnombre_3052499,sinnombre,Orthohantavirus sinnombreense,3052499,Orthohantavirus sinnombreense,3052499,S,2078,0.3888354186717998,e68e41236623beccca7a43c5310df02db1aee7ba7b23771aa5fb9ee5bf9274ed,within_expected_range,0.3084696823869104,0.1809432146294514,0.2078922040423484,0.3026948989412897,0,0,0.0,2078,,3052499,New York 1,,"USA: Shelter Island, NY",,1994-10,COMPLETE,S,,False
KT885046.1,KT885046,"KT885046.1 Orthohantavirus sinnombreense strain CC107/POR segment S, complete sequence",sinnombre_3052499,sinnombre,Orthohantavirus sinnombreense,3052499,Orthohantavirus sinnombreense,3052499,S,2083,0.3888622179548728,76ec58afec9414a2cf7afdb6d9fc5d521d02c79d3df0cde0fea808b36bc9abfa,within_expected_range,0.2928468554968795,0.1814690350456073,0.2073931829092654,0.3182909265482477,0,0,0.0,2083,,3052499,CC107/POR,,USA,,2015,COMPLETE,S,,False
